Capteurs,Date,,,Heure,,,Longitude,Latitude,Altitude,,,,,,,,R,G,B,Clear,,,,,,,,,
S1,2019,10,30,4,38,29,45.38134,-71.926941,250.60001,15,63.5,11.1,60,24,2588,45.761803,308,216,142,600,OK,,,,,,,,
S2,2019,10,30,4,38,30,45.38134,-71.926941,250.60001,15,63.5,11.1,60,24,1721,34.404861,404,216,145,741,OK,,,,,,,,
S1,2019,10,30,4,38,31,45.381336,-71.926941,250.7,15,65.6,11.1,60,24,2581,45.09375,306,214,141,597,OK,,,,,,,,
S2,2019,10,30,4,38,32,45.381336,-71.926941,250.7,15,65.6,11.1,60,24,2530,1.002083,7,5,3,13,OK,,,,,,,,
S1,2019,10,30,4,38,33,45.381336,-71.926941,250.7,15,65.6,11,60,50.4,2103,0.477183,8,5,3,14,OK,,,,,,,,
S2,2019,10,30,4,38,34,45.381336,-71.926941,250.7,15,65.6,11,60,50.4,0,0,0,0,0,1,OK,,,,,,,,
S1,2019,10,30,4,38,36,45.381336,-71.926941,250.7,15,65.6,11,60,100.8,0,0,0,0,0,0,OK,,,,,,,,
S2,2019,10,30,4,38,37,45.381336,-71.926941,250.7,15,65.6,11,60,100.8,40943,0,1,0,0,1,OK,,,,,,,,
S1,2019,10,30,4,38,38,45.381336,-71.926941,250.7,14,65.5,11,60,153.6,0,0,0,0,0,0,OK,,,,,,,,
S2,2019,10,30,4,38,40,45.381336,-71.926941,250.7,15,65.5,11,60,153.6,1777,33.611546,2351,1290,858,4368,OK,2360.9,1293.4,860.7,,UDeS Parking D2,,,
S1,2019,10,30,4,38,41,45.381336,-71.926941,251.5,15,65.6,11,60,153.6,0,0,0,0,0,0,OK,,,,,,,,
S2,2019,10,30,4,38,43,45.381336,-71.926941,251.5,15,65.6,11,60,153.6,1770,33.715927,2377,1300,866,4408,OK,,,,,,,,
S1,2019,10,30,4,38,44,45.381336,-71.926941,251.5,15,65.6,11,60,153.6,0,0,0,0,0,0,OK,,,,,,,,
S2,2019,10,30,4,38,46,45.381336,-71.926941,251.60001,15,65.6,11,60,153.6,1770,33.715927,2375,1299,865,4403,OK,,,,,,,,
S1,2019,10,30,4,38,47,45.381336,-71.926941,251.60001,15,65.6,11,60,153.6,0,0,0,0,0,0,OK,,,,,,,,
S2,2019,10,30,4,38,49,0,0,0,0,65.6,11,60,153.6,1774,33.454967,2345,1285,855,4354,OK,,,,,,,,
S1,2019,10,30,4,38,51,45.381336,-71.926941,251.60001,15,65.6,11,60,153.6,0,0,0,0,0,0,OK,,,,,,,,
S2,2019,10,30,4,38,52,45.381336,-71.926941,251.60001,15,65.6,11,60,153.6,1774,33.663734,2364,1295,862,4389,OK,,,,,,,,
S1,2019,10,30,4,38,54,45.381336,-71.926941,251.60001,15,65.5,11,60,153.6,0,0,0,0,0,0,OK,,,,,,,,
S2,2019,10,30,4,38,55,45.381332,-71.926941,251.7,15,65.5,11,60,153.6,1776,33.50716,2345,1286,855,4360,OK,,,,,,,,
S1,2019,10,30,4,38,57,45.381332,-71.926941,251.7,15,65.5,11,60,153.6,0,0,0,0,0,0,OK,,,,,,,,
S2,2019,10,30,4,38,58,45.381332,-71.926941,251.7,15,65.5,11,60,153.6,1770,33.50716,2360,1291,860,4379,OK,,,,,,,,
S1,2019,10,30,4,39,0,45.381332,-71.926941,251.7,15,65.5,11,60,153.6,0,0,0,0,0,0,OK,,,,,,,,
S2,2019,10,30,4,39,1,45.381329,-71.926941,251.3,15,65.5,11,60,153.6,1774,33.715927,2363,1295,861,4388,OK,,,,,,,,
S1,2019,10,30,4,39,3,45.381329,-71.926941,251.3,15,65.4,11,60,153.6,0,0,0,0,0,0,OK,,,,,,,,
S2,2019,10,30,4,39,5,45.381329,-71.926941,250.39999,15,65.4,11,60,153.6,1778,33.976891,2372,1302,866,4410,OK,,,,,,,,
S1,2019,10,30,4,39,6,45.381329,-71.926941,250.39999,15,65.4,11,60,153.6,0,0,0,0,0,0,OK,,,,,,,,
S2,2019,10,30,4,39,8,45.381329,-71.926941,250.39999,15,65.4,11,60,153.6,1773,33.559349,2357,1291,859,4376,OK,,,,,,,,
S1,2019,10,30,4,39,9,45.381329,-71.926941,250.39999,15,65.4,11,60,153.6,0,0,0,0,0,0,OK,,,,,,,,
S2,2019,10,30,4,39,11,45.381329,-71.926941,250.39999,15,65.4,11,60,153.6,1779,33.611546,2348,1289,857,4372,OK,,,,,,,,
S1,2019,10,30,4,39,12,45.381329,-71.926941,250.39999,15,65.4,11,60,153.6,2552,44.258678,1921,1338,874,3737,OK,,,,,,,,
S2,2019,10,30,4,39,14,45.381329,-71.926941,250.3,15,65.4,11,60,153.6,1757,33.976891,2435,1324,885,4487,OK,,,,,,,,
S1,2019,10,30,4,39,15,45.381329,-71.926941,250.3,15,65.4,11,60,153.6,2556,44.415253,1925,1342,877,3747,OK,,,,,,,,
S2,2019,10,30,4,39,17,45.381329,-71.926941,250.3,15,65.4,11,60,153.6,1742,35.281681,2580,1393,935,4740,OK,,,,,,,,
S1,2019,10,30,4,42,30,45.381199,-71.926865,266.20001,21,64.4,11,60,614.4,2586,44.480495,7661,5372,3528,14950,OK,,,,,,,,
S2,2019,10,30,4,42,33,45.381199,-71.926865,266.20001,21,66.7,11,60,614.4,1742,35.673122,10422,5629,3780,19107,OK,,,,,,,,
S1,2019,10,30,4,42,36,45.381199,-71.926865,266.10001,21,66.7,11,60,614.4,2584,44.532688,7674,5379,3532,14972,OK,,,,,,,,
S2,2019,10,30,4,42,39,45.381207,-71.926872,265.29999,21,66.6,11,60,614.4,1734,35.229492,10399,5595,3763,19006,OK,,,,,,,,
S1,2019,10,30,4,42,43,45.381207,-71.926872,265.29999,21,66.6,11,60,614.4,2591,44.219536,7611,5342,3513,14844,OK,,,,,,,,
S2,2019,10,30,4,42,46,45.381207,-71.926872,265.29999,21,66.6,11,60,614.4,1736,35.307777,10414,5608,3776,19029,OK,,,,,,,,
S1,2019,10,30,4,42,49,45.381207,-71.926872,265.29999,21,66.6,11,60,614.4,2591,44.284775,7621,5349,3517,14863,OK,,,,,,,,
S2,2019,10,30,4,42,52,45.381214,-71.92688,264.29999,21,66.6,11,60,614.4,1739,36.52124,10718,5780,3885,19277,OK,,,,,,,,
S1,2019,10,30,4,42,55,45.381237,-71.92688,263.10001,21,66.6,11,60,614.4,2630,26.069822,4754,3301,2280,9188,OK,,,,,,,,
S2,2019,10,30,4,42,59,45.381271,-71.926888,261.70001,21,66.6,11,60,614.4,2182,17.471218,3630,2285,1487,6887,OK,,,,,,,,
S1,2019,10,30,4,43,2,45.381306,-71.92688,260.89999,21,66.6,11,60,614.4,3169,4.984321,1132,780,657,2038,OK,,,,,,,,
S2,2019,10,30,4,43,5,0,0,0,0,66.6,11,60,614.4,1717,10.973334,4963,2238,1475,7821,OK,,,,,,,,
S1,2019,10,30,4,43,8,45.381351,-71.92691,261.20001,22,66.5,11,60,614.4,2545,0.443631,150,91,82,230,OK,,,,,,,,
S2,2019,10,30,4,43,11,45.381355,-71.926903,261,22,66.5,11,60,614.4,1625,10.555799,4016,1916,1245,6861,OK,,,,,,,,
S1,2019,10,30,4,43,15,45.381355,-71.926865,261.20001,21,66.5,11,60,614.4,3081,0.091336,18,13,10,34,OK,,,,,,,,
S2,2019,10,30,4,43,18,45.381393,-71.926788,261.10001,22,66.5,11,60,614.4,2066,0.548014,143,85,62,259,OK,,,,,,,,
S1,2019,10,30,4,43,21,45.381447,-71.926674,261.10001,22,66.6,11,60,614.4,2692,0.06524,23,14,13,40,OK,,,,,,,,
S2,2019,10,30,4,43,24,45.381474,-71.926544,260.79999,22,66.6,11,60,614.4,1885,0.365343,147,81,71,218,OK,,,,,,,,
S1,2019,10,30,4,43,27,45.381481,-71.92643,260.39999,22,66.5,11,60,614.4,2267,1.239556,568,323,314,966,OK,,,,,,,,
S2,2019,10,30,4,43,31,45.381519,-71.926346,260.20001,22,66.5,11,60,614.4,1830,5.780246,1885,1041,803,3240,OK,,,,,,,,
S1,2019,10,30,4,43,34,45.381607,-71.926338,259.29999,23,66.4,11,60,614.4,2149,0.156576,69,39,37,112,OK,,,,,,,,
S2,2019,10,30,4,43,37,45.381733,-71.926353,257.89999,23,66.3,11,60,614.4,2689,5.832438,4756,1926,1432,7386,OK,,,,,,,,
S1,2019,10,30,4,43,40,45.381786,-71.926361,257.29999,23,66.3,11,60,614.4,2642,0.195719,59,37,32,98,OK,,,,,,,,
S2,2019,10,30,4,43,44,45.38184,-71.926422,256.60001,22,66.3,11,60,614.4,1622,0.234863,108,54,43,167,OK,,,,,,,,
S1,2019,10,30,4,43,47,45.381863,-71.926559,256.29999,22,66.3,11,60,614.4,2574,0.13048,38,24,20,69,OK,,,,,,,,
S2,2019,10,30,4,43,50,45.381866,-71.92675,256,23,66.2,11,60,614.4,1635,0.417535,204,104,89,297,OK,,,,,,,,
S1,2019,10,30,4,43,53,45.38187,-71.927002,255,23,66.3,11,60,614.4,2667,0.13048,34,22,18,59,OK,,,,,,,,
S2,2019,10,30,4,43,56,45.38187,-71.927162,254.7,23,66.4,11,60,614.4,1742,12.787001,6151,2769,1903,10119,OK,,,,,,,,
S1,2019,10,30,4,44,0,45.38187,-71.927299,254.10001,23,66.4,11,60,614.4,2476,0.078288,22,14,11,40,OK,,,,,,,,
S2,2019,10,30,4,44,3,45.381878,-71.927437,253.3,23,66.5,11,60,614.4,2139,0.287055,100,58,50,153,OK,,,,,,,,
S1,2019,10,30,4,44,6,0,0,0,0,66.6,11,60,614.4,2610,0.052192,12,8,6,23,OK,,,,,,,,
S2,2019,10,30,4,44,9,45.381882,-71.927864,251.3,23,66.7,11,60,614.4,2855,1.056885,903,360,265,1382,OK,,,,,,,,
S1,2019,10,30,4,44,12,45.381886,-71.928017,251.10001,23,66.8,11,60,614.4,2894,0.052192,13,9,7,26,OK,,,,,,,,
S2,2019,10,30,4,44,16,45.381886,-71.928123,250.8,23,66.8,11,60,614.4,3984,0.887261,1075,400,292,1636,OK,,,,,,,,
S1,2019,10,30,4,44,19,45.381859,-71.9282,250.3,22,66.9,11,60,614.4,2484,2.218153,636,393,333,1116,OK,,,,,,,,
S2,2019,10,30,4,44,22,0,0,0,0,66.9,11,60,614.4,1712,5.323567,1564,833,545,2810,OK,,,,,,,,
S1,2019,10,30,4,44,25,45.381706,-71.928253,249.89999,23,66.9,11,60,614.4,2584,0.091336,25,16,13,45,OK,,,,,,,,
S2,2019,10,30,4,44,28,45.381634,-71.928246,249.7,23,67,11,60,614.4,1881,4.397162,2479,1092,794,4016,OK,,,,,,,,
S1,2019,10,30,4,44,32,45.381554,-71.928246,249.39999,23,67.1,11,60,614.4,2261,0.234863,91,53,48,143,OK,,,,,,,,
S2,2019,10,30,4,44,35,45.381474,-71.928246,249.2,23,67.2,11,60,614.4,1621,2.544352,982,475,322,1725,OK,,,,,,,,
S1,2019,10,30,4,44,38,45.381359,-71.928238,249.5,23,67.4,11,60,614.4,2324,0.156576,58,34,31,93,OK,,,,,,,,
S2,2019,10,30,4,44,41,45.381275,-71.928238,249.7,23,67.6,11,60,614.4,1740,1.396132,452,243,176,790,OK,,,,,,,,
S1,2019,10,30,4,44,45,45.381187,-71.928246,250.2,22,67.6,11,60,614.4,2178,3.992675,1329,777,667,2251,OK,,,,,,,,
S2,2019,10,30,4,44,48,45.381081,-71.928246,250.3,23,67.7,11,60,614.4,1696,2.152913,925,486,411,1531,OK,,,,,,,,
S1,2019,10,30,4,44,51,45.380966,-71.928246,250.7,23,67.6,11,60,614.4,2485,5.68891,1412,897,711,2526,OK,,,,,,,,
S2,2019,10,30,4,44,54,45.380829,-71.928253,251.39999,23,67.6,11,60,614.4,1839,2.061578,707,390,311,1186,OK,,,,,,,,
S1,2019,10,30,4,44,57,45.380714,-71.928253,251.8,23,67.6,10.9,60,614.4,2054,4.279731,1471,843,717,2457,OK,,,,,,,,
S2,2019,10,30,4,45,1,45.380608,-71.928253,252.60001,23,67.6,11,60,614.4,2324,0.939453,250,154,122,450,OK,,,,,,,,
S1,2019,10,30,4,45,4,45.380508,-71.928253,253.2,22,67.7,11,60,614.4,3993,0.13048,18,16,12,43,OK,,,,,,,,
S2,2019,10,30,4,45,7,45.380402,-71.928261,254.10001,22,67.7,10.9,60,614.4,1626,7.633057,2699,1346,906,4732,OK,,,,,,,,
S1,2019,10,30,4,45,10,45.380238,-71.928284,256,23,67.7,10.9,60,614.4,2532,0.143528,40,25,21,67,OK,,,,,,,,
S2,2019,10,30,4,45,13,45.380104,-71.928291,257.10001,23,67.7,10.9,60,614.4,1667,3.379421,1257,652,494,2160,OK,,,,,,,,
S1,2019,10,30,4,45,17,45.379974,-71.928299,257.70001,22,67.7,11,60,614.4,2417,2.165961,778,461,422,1302,OK,,,,,,,,
S2,2019,10,30,4,45,20,45.379883,-71.928307,258.10001,22,67.8,11,60,614.4,1666,5.989014,2732,1274,908,4647,OK,,,,,,,,
S1,2019,10,30,4,45,23,0,0,0,0,68,11,60,614.4,4797,0.57411,43,54,37,124,OK,,,,,,,,
S2,2019,10,30,4,45,26,45.379749,-71.928185,258.5,23,68,10.9,60,614.4,3593,1.578803,179,164,108,436,OK,,,,,,,,
S1,2019,10,30,4,45,29,45.379738,-71.928017,258.29999,23,68.1,10.9,60,614.4,5628,1.291748,89,124,92,274,OK,,,,,,,,
S2,2019,10,30,4,45,33,45.379738,-71.927811,258.39999,23,68.1,11,60,614.4,4333,5.427951,505,541,374,1382,OK,,,,,,,,
S1,2019,10,30,4,45,36,45.379738,-71.927605,258.5,23,68.1,10.9,60,614.4,4736,0.743734,52,68,45,153,OK,,,,,,,,
S2,2019,10,30,4,45,39,0,0,0,0,68.1,11,60,614.4,2003,1.722331,442,260,183,813,OK,,,,,,,,
S1,2019,10,30,4,45,42,45.379803,-71.927315,259.10001,20,68.1,10.9,60,614.4,2489,6.119493,1887,1152,1006,3377,OK,,,,,,,,
S2,2019,10,30,4,45,45,45.379887,-71.927277,259.20001,23,68.1,10.9,60,614.4,2003,1.043837,685,302,238,1079,OK,,,,,,,,
S1,2019,10,30,4,45,49,45.379974,-71.927261,260.70001,23,68.1,10.9,60,614.4,2180,10.281792,2821,1694,1324,4957,OK,,,,,,,,
S2,2019,10,30,4,45,52,45.380062,-71.927254,261.39999,23,68.1,11,60,614.4,1955,1.174316,320,185,133,582,OK,,,,,,,,
S1,2019,10,30,4,45,55,45.380184,-71.927254,261.10001,23,68,11,60,614.4,2184,2.805311,814,485,391,1399,OK,,,,,,,,
S2,2019,10,30,4,45,58,45.380283,-71.927254,260.79999,23,68,11,60,614.4,1625,3.927436,1717,831,618,2828,OK,,,,,,,,
S1,2019,10,30,4,46,2,45.38039,-71.927254,260.60001,23,67.9,10.9,60,614.4,2510,5.636718,1866,1128,1014,3192,OK,,,,,,,,
S2,2019,10,30,4,46,5,45.380505,-71.927254,260.5,23,67.9,10.9,60,614.4,2122,6.054253,1634,975,743,2861,OK,,,,,,,,
S1,2019,10,30,4,46,8,45.380608,-71.927246,260.29999,23,67.8,10.9,60,614.4,2841,5.062608,1188,791,648,2190,OK,,,,,,,,
S2,2019,10,30,4,46,11,45.380768,-71.927246,260.29999,23,67.8,10.9,60,614.4,1689,7.776584,2664,1399,1020,4457,OK,,,,,,,,
S1,2019,10,30,4,46,14,45.380894,-71.927246,260.10001,21,67.8,10.9,60,614.4,2336,3.614285,1334,782,716,2159,OK,,,,,,,,
S2,2019,10,30,4,46,18,45.381023,-71.927246,259.70001,20,67.8,10.9,60,614.4,2088,1.85281,481,287,211,860,OK,,,,,,,,
S1,2019,10,30,4,46,21,45.381153,-71.927246,259.29999,23,67.8,10.9,60,614.4,1993,5.062608,1693,964,797,2869,OK,,,,,,,,
S2,2019,10,30,4,46,24,45.381279,-71.927246,258.5,22,67.7,10.9,60,614.4,2209,2.831407,1810,750,517,2816,OK,,,,,,,,
S1,2019,10,30,4,46,27,45.381443,-71.927246,257.60001,20,67.7,10.9,60,614.4,2157,8.833468,2239,1356,1006,4015,OK,,,,,,,,
S2,2019,10,30,4,46,30,45.381573,-71.927238,257,15,67.7,10.9,60,614.4,1717,0.861165,463,215,168,715,OK,,,,,,,,
S1,2019,10,30,4,46,34,45.381691,-71.927238,256.60001,21,67.7,10.9,60,614.4,2218,10.412271,2260,1420,969,4178,OK,,,,,,,,
S2,2019,10,30,4,46,37,45.38179,-71.927238,256.20001,21,67.7,10.9,60,614.4,1799,8.663845,2366,1310,867,4266,OK,,,,,,,,
S1,2019,10,30,4,46,40,0,0,0,0,67.6,10.9,60,614.4,2644,0.143528,41,26,22,71,OK,,,,,,,,
S2,2019,10,30,4,46,43,45.381878,-71.927063,254.3,21,67.6,11,60,614.4,1624,1.565755,668,323,236,1094,OK,,,,,,,,
S1,2019,10,30,4,46,46,45.381866,-71.926926,254.10001,22,67.6,10.9,60,614.4,2083,15.253065,4050,2406,1794,7325,OK,,,,,,,,
S2,2019,10,30,4,46,50,45.381859,-71.926773,254,22,67.5,10.9,60,614.4,1777,0.926405,544,250,200,855,OK,,,,,,,,
S1,2019,10,30,4,46,53,45.381847,-71.926613,253.8,23,67.5,10.9,60,614.4,1873,4.188395,1121,636,435,2016,OK,,,,,,,,
S2,2019,10,30,4,46,56,0,0,0,0,67.4,10.9,60,614.4,1627,3.549045,1823,891,740,3018,OK,,,,,,,,
S1,2019,10,30,4,46,59,45.38184,-71.926254,253.89999,22,67.4,10.9,60,614.4,3064,0.939453,213,146,121,314,OK,,,,,,,,
S2,2019,10,30,4,47,2,45.38184,-71.926094,253.89999,23,67.3,10.9,60,614.4,2044,15.057345,3577,2143,1457,6451,OK,,,,,,,,
S1,2019,10,30,4,47,6,45.38184,-71.925934,254.10001,23,67.3,10.9,60,614.4,2506,0.326199,115,69,63,188,OK,,,,,,,,
S2,2019,10,30,4,47,9,45.38184,-71.925797,254.3,23,67.3,10.9,60,614.4,1695,6.58922,3425,1599,1239,5718,OK,,,,,,,,
S1,2019,10,30,4,47,12,45.381836,-71.925613,254.39999,22,67.3,10.9,60,614.4,1707,0.156576,140,69,70,271,OK,,,,,,,,
S2,2019,10,30,4,47,15,45.381836,-71.925468,254.5,23,67.3,10.9,60,614.4,1769,13.139295,3924,2139,1495,6971,OK,,,,,,,,
S1,2019,10,30,4,47,19,45.381832,-71.925308,254.8,23,67.3,10.9,60,614.4,2434,2.518256,734,450,381,1324,OK,,,,,,,,
S2,2019,10,30,4,47,22,45.381832,-71.925156,255,23,67.3,10.9,60,614.4,1838,3.953532,1335,737,582,2283,OK,,,,,,,,
S1,2019,10,30,4,47,25,45.381832,-71.924995,255.2,23,67.3,10.9,60,614.4,2355,0.078288,19,12,9,35,OK,,,,,,,,
S2,2019,10,30,4,47,28,45.381836,-71.924782,255.60001,23,67.4,10.9,60,614.4,1623,9.107475,3084,1524,964,5314,OK,,,,,,,,
S1,2019,10,30,4,47,31,45.38184,-71.924637,256,23,67.5,10.9,60,614.4,2531,0.182671,47,30,24,80,OK,,,,,,,,
S2,2019,10,30,4,47,35,45.381851,-71.9245,256.70001,23,67.6,10.9,60,614.4,1794,0.652398,355,160,119,559,OK,,,,,,,,
S1,2019,10,30,4,47,38,45.381863,-71.9244,257.29999,23,67.6,10.9,60,614.4,2448,1.670139,402,256,198,725,OK,,,,,,,,
S2,2019,10,30,4,47,41,45.381866,-71.924362,257.5,23,67.6,10.9,60,614.4,1845,0.548014,303,134,96,485,OK,,,,,,,,
S1,2019,10,30,4,47,44,45.381863,-71.924301,257.70001,23,67.7,10.9,60,614.4,2527,1.539659,410,258,213,744,OK,,,,,,,,
S2,2019,10,30,4,47,47,45.381813,-71.924248,258.10001,22,67.7,10.9,60,614.4,1734,0.430583,208,94,65,354,OK,,,,,,,,
S1,2019,10,30,4,47,51,45.381729,-71.924171,258.70001,23,67.8,10.9,60,614.4,2565,1.552707,391,250,202,710,OK,,,,,,,,
S2,2019,10,30,4,47,54,45.381645,-71.92408,259.20001,23,68,10.9,60,614.4,1810,0.952501,498,221,155,823,OK,,,,,,,,
S1,2019,10,30,4,47,57,0,0,0,0,68.1,10.9,60,614.4,1848,7.111137,1913,1077,729,3534,OK,,,,,,,,
S2,2019,10,30,4,48,0,45.381485,-71.923882,260,22,68.1,10.9,60,614.4,3343,1.030789,1022,392,283,1587,OK,,,,,,,,
S1,2019,10,30,4,48,3,45.381432,-71.923798,260.29999,22,68.1,10.9,60,614.4,2722,0.091336,21,14,11,39,OK,,,,,,,,
S2,2019,10,30,4,48,7,45.381359,-71.923706,260.70001,23,68.1,10.9,60,614.4,1870,6.197781,1773,999,718,3045,OK,,,,,,,,
S1,2019,10,30,4,48,10,45.381268,-71.923615,261,23,68.2,10.9,60,614.4,2472,0.182671,51,32,26,86,OK,,,,,,,,
S2,2019,10,30,4,48,13,0,0,0,0,68.4,10.9,60,614.4,1621,1.826714,678,335,230,1146,OK,,,,,,,,
S1,2019,10,30,4,48,16,45.381073,-71.923569,261.79999,23,68.6,10.9,60,614.4,2167,0.078288,27,16,13,48,OK,,,,,,,,
S2,2019,10,30,4,48,19,45.381027,-71.923637,262.10001,23,68.6,10.9,60,614.4,1625,1.069933,397,198,138,686,OK,,,,,,,,
S1,2019,10,30,4,48,23,45.380993,-71.923721,262.20001,23,68.6,10.9,60,614.4,2524,6.497884,1578,1011,799,2834,OK,,,,,,,,
S2,2019,10,30,4,48,26,45.380951,-71.923782,262.29999,23,68.6,10.9,60,614.4,1621,10.855903,3992,1920,1232,7024,OK,,,,,,,,
S1,2019,10,30,4,48,29,45.380936,-71.923805,262.29999,23,68.5,10.9,60,614.4,2399,8.702989,1859,1205,862,3587,OK,,,,,,,,
S2,2019,10,30,4,48,32,45.380936,-71.923805,262.29999,23,68.5,10.9,60,614.4,1622,10.842855,3999,1920,1230,7048,OK,,,,,,,,
S1,2019,10,30,4,48,36,45.380936,-71.923805,262.29999,23,68.4,10.9,60,614.4,2402,8.729085,1864,1209,865,3583,OK,,,,,,,,
S2,2019,10,30,4,48,39,45.380936,-71.923805,262.29999,23,68.4,10.9,60,614.4,1621,10.921142,3998,1923,1229,7042,OK,,,,,,,,
S1,2019,10,30,4,48,42,45.380936,-71.923805,262.29999,23,68.3,10.9,60,614.4,2391,8.663845,1864,1205,864,3605,OK,,,,,,,,
S2,2019,10,30,4,48,45,45.380936,-71.923805,262.29999,23,68.3,10.9,60,614.4,1622,10.803711,3960,1903,1215,6957,OK,,,,,,,,
S1,2019,10,30,4,48,48,45.380936,-71.923805,262.29999,23,68.2,10.9,60,614.4,2377,8.859565,1893,1223,870,3661,OK,,,,,,,,
S2,2019,10,30,4,48,52,45.380936,-71.923805,262.29999,23,68.1,10.9,60,614.4,1622,10.790663,3955,1901,1214,6945,OK,,,,,,,,
S1,2019,10,30,4,48,55,45.380936,-71.923805,262.29999,23,68.1,10.9,60,614.4,2383,8.716037,1875,1211,866,3643,OK,,,,,,,,
S2,2019,10,30,4,48,58,45.380936,-71.923805,262.29999,23,68,10.9,60,614.4,1620,10.93419,3963,1919,1235,7003,OK,,,,,,,,
S1,2019,10,30,4,49,7,45.380936,-71.923805,262.29999,24,68,10.9,60,614.4,2407,8.990045,1875,1223,864,3573,OK,,,,,,,,
S2,2019,10,30,4,49,10,45.380936,-71.923805,262.29999,24,68,10.9,60,614.4,1622,10.712375,3943,1892,1208,6930,OK,,,,,,,,
S1,2019,10,30,4,53,32,45.380936,-71.92379,263.39999,25,66.3,10.9,60,614.4,2382,8.676893,1870,1207,864,3629,OK,,,,,,,,
S2,2019,10,30,4,53,34,45.380936,-71.92379,263.29999,25,68.4,10.8,60,614.4,1621,4.175347,1520,731,464,2681,OK,,,,,,,,
S1,2019,10,30,4,53,38,45.380936,-71.92379,263.29999,24,68.4,10.8,60,614.4,0,0,0,0,0,0,OK,,,,,,,,
S2,2019,10,30,4,53,41,45.380932,-71.92379,263.20001,25,68.4,10.8,60,614.4,1621,9.994737,3617,1741,1103,6373,OK,3612.25,1738,1102,,UDeS Parking inconnu,,,
S1,2019,10,30,4,53,44,0,0,0,0,68.3,10.8,60,614.4,0,0,0,0,0,0,OK,,,,,,,,
S2,2019,10,30,4,53,47,45.380932,-71.92379,263.10001,25,68.3,10.7,60,614.4,1621,9.942545,3613,1737,1102,6356,OK,,,,,,,,
S1,2019,10,30,4,53,50,45.380932,-71.92379,263,25,68.2,10.8,60,614.4,0,0,0,0,0,0,OK,,,,,,,,
S2,2019,10,30,4,53,54,45.380932,-71.92379,263,25,68.2,10.8,60,614.4,1621,9.942545,3605,1735,1100,6353,OK,,,,,,,,
S1,2019,10,30,4,53,57,45.380932,-71.92379,263,25,68.1,10.8,60,614.4,0,0,0,0,0,0,OK,,,,,,,,
S2,2019,10,30,4,54,0,0,0,0,0,68.1,10.8,60,614.4,1621,9.968641,3614,1739,1103,6368,OK,,,,,,,,
S1,2019,10,30,4,54,3,45.380932,-71.92379,262.89999,25,68.1,10.8,60,614.4,0,0,0,0,0,0,OK,,,,,,,,
S2,2019,10,30,4,54,7,45.380932,-71.92379,262.89999,25,68.1,10.8,60,614.4,1621,10.033881,3632,1749,1109,6407,OK,,,,,,,,
S1,2019,10,30,4,54,10,45.380932,-71.92379,262.89999,25,68,10.8,60,614.4,2377,7.946208,1713,1105,790,3326,OK,,,,,,,,
S2,2019,10,30,4,54,13,45.380932,-71.92379,263,25,68,10.8,60,614.4,1622,10.255697,3764,1809,1157,6620,OK,,,,,,,,
S1,2019,10,30,4,54,16,45.380932,-71.923798,263,25,68,10.8,60,614.4,2382,8.742133,1878,1213,867,3643,OK,,,,,,,,
S2,2019,10,30,4,54,19,45.380932,-71.923798,263,25,67.9,10.7,60,614.4,1620,11.573541,4174,2042,1340,7328,OK,,,,,,,,
S1,2019,10,30,5,8,30,45.384918,-71.926262,236.2,20,64.7,10.8,60,614.4,2698,2.205105,1850,756,578,2985,OK,,,,,,,,
S2,2019,10,30,5,8,32,45.384918,-71.92627,236.2,21,66.4,10.8,60,614.4,1792,6.654459,3055,1643,1490,5193,OK,,,,3057.75,1645.75,1491.75,,Tetreault
S1,2019,10,30,5,8,36,45.384918,-71.92627,236.10001,20,66.4,10.7,60,614.4,0,0,0,0,0,0,OK,,,,,,,,
S2,2019,10,30,5,8,39,45.384918,-71.92627,236.10001,21,66.4,10.7,60,614.4,1798,6.732747,3069,1653,1498,5209,OK,,,,,,,,
S1,2019,10,30,5,8,42,45.384918,-71.92627,236,21,66.4,10.7,60,614.4,0,0,0,0,0,0,OK,,,,,,,,
S2,2019,10,30,5,8,45,45.384918,-71.92627,235.89999,21,66.5,10.7,60,614.4,1797,6.719699,3070,1653,1498,5211,OK,,,,,,,,
S1,2019,10,30,5,8,48,45.384926,-71.92627,235.8,20,66.4,10.7,60,614.4,0,0,0,0,0,0,OK,,,,,,,,
S2,2019,10,30,5,8,52,45.384926,-71.92627,235.7,21,66.5,10.7,60,614.4,1794,6.641411,3037,1634,1481,5160,OK,,,,,,,,
S1,2019,10,30,5,8,55,45.384926,-71.92627,235.60001,21,66.5,10.7,60,614.4,0,0,0,0,0,0,OK,,,,,,,,
S2,2019,10,30,5,8,58,45.384926,-71.92627,235.5,21,66.5,10.7,60,614.4,1812,6.276068,2799,1513,1363,4819,OK,,,,,,,,
S1,2019,10,30,5,9,1,45.384926,-71.92627,235.39999,20,66.5,10.7,60,614.4,0,0,0,0,0,0,OK,,,,,,,,
S2,2019,10,30,5,9,5,45.384926,-71.92627,235.39999,21,66.5,10.7,60,614.4,2136,0.013048,9,5,5,15,OK,,,,,,,,
S1,2019,10,30,5,9,8,45.384926,-71.92627,235.3,21,66.5,10.7,60,614.4,0,0,0,0,0,0,OK,,,,,,,,
S2,2019,10,30,5,9,11,45.384926,-71.92627,235.2,21,66.5,10.7,60,614.4,1703,7.22857,3482,1831,1646,5817,OK,,,,,,,,
S1,2019,10,30,5,11,11,0,0,0,0,64.5,10.8,60,614.4,2479,9.772922,7558,3140,2395,12153,OK,,,,,,,,
S2,2019,10,30,5,11,13,45.385025,-71.926399,236.60001,21,66,10.8,60,614.4,1767,7.489529,3362,1800,1605,5656,OK,,,,,,,,
S1,2019,10,30,5,11,17,45.385025,-71.926399,236.60001,22,66,10.7,60,614.4,2440,9.929497,7553,3146,2394,12190,OK,,,,,,,,
S2,2019,10,30,5,11,20,45.385025,-71.926399,236.5,22,66,10.7,60,614.4,1805,7.933159,3408,1843,1631,5767,OK,,,,,,,,
S1,2019,10,30,5,11,23,45.385025,-71.926399,236.5,22,66,10.7,60,614.4,2481,9.759873,7555,3138,2393,12153,OK,,,,,,,,
S2,2019,10,30,5,11,26,45.385025,-71.926399,236.39999,22,66,10.7,60,614.4,1805,7.907064,3399,1838,1627,5749,OK,,,,,,,,
S1,2019,10,30,5,11,30,45.385025,-71.926399,236.39999,22,66,10.7,60,614.4,2509,9.642442,7549,3130,2391,12111,OK,,,,,,,,
S2,2019,10,30,5,11,33,45.385025,-71.926399,236.39999,22,66,10.7,60,614.4,1713,7.60696,3483,1838,1622,5808,OK,,,,,,,,
S1,2019,10,30,5,11,36,45.385048,-71.926392,234.8,13,65.9,10.7,60,614.4,2291,5.153944,1614,964,822,2781,OK,,,,,,,,
S2,2019,10,30,5,11,39,45.385098,-71.926376,234.10001,15,65.9,10.7,60,614.4,2175,0.182671,73,42,38,106,OK,,,,,,,,
S1,2019,10,30,5,11,42,45.385155,-71.926369,232.89999,14,65.9,10.7,60,614.4,3511,0.052192,13,9,8,22,OK,,,,,,,,
S2,2019,10,30,5,11,46,45.385223,-71.926361,232.2,15,65.9,10.7,60,614.4,4686,0.143528,39,28,27,49,OK,,,,,,,,
S1,2019,10,30,5,11,49,45.385281,-71.926361,231.3,14,66,10.7,60,614.4,3499,0.052192,10,8,6,19,OK,,,,,,,,
S2,2019,10,30,5,11,52,0,0,0,0,66,10.7,60,614.4,2422,0.143528,52,31,28,72,OK,,,,,,,,
S1,2019,10,30,5,11,55,45.385387,-71.926353,229.10001,20,66,10.7,60,614.4,2775,0.078288,14,10,7,28,OK,,,,,,,,
S2,2019,10,30,5,11,58,45.385445,-71.926361,228.60001,20,66.1,10.7,60,614.4,1711,5.81939,2447,1092,660,3932,OK,,,,,,,,
S1,2019,10,30,5,12,2,45.38549,-71.926399,228.39999,22,66.1,10.7,60,614.4,2610,0.078288,18,12,9,32,OK,,,,,,,,
S2,2019,10,30,5,12,5,45.385517,-71.926476,227.8,15,66.1,10.7,60,614.4,2641,0.117432,29,19,15,52,OK,,,,,,,,
S1,2019,10,30,5,12,8,0,0,0,0,66.1,10.7,60,614.4,2122,0.104384,44,25,23,89,OK,,,,,,,,
S2,2019,10,30,5,12,11,45.385529,-71.926743,226.7,22,66.2,10.7,60,614.4,2215,15.722792,3600,2239,1584,6495,OK,,,,,,,,
S1,2019,10,30,5,12,14,45.385532,-71.926888,226.5,22,66.6,10.7,60,614.4,2439,0.221815,55,35,27,93,OK,,,,,,,,
S2,2019,10,30,5,12,18,45.385536,-71.92704,226.3,21,66.9,10.7,60,614.4,2049,0.143528,64,36,33,99,OK,,,,,,,,
S1,2019,10,30,5,12,21,45.385536,-71.927177,226.10001,22,67.1,10.7,60,614.4,2208,0.404487,156,90,82,259,OK,,,,,,,,
S2,2019,10,30,5,12,24,45.385536,-71.927254,226.10001,21,67.2,10.7,60,614.4,2184,2.139865,1467,626,475,2371,OK,,,,,,,,
S1,2019,10,30,5,12,27,45.385536,-71.927322,225.8,20,67.4,10.7,60,614.4,2404,2.583496,839,504,444,1419,OK,,,,,,,,
S2,2019,10,30,5,12,31,45.385536,-71.927437,225.5,15,67.4,10.7,60,614.4,1939,0.234863,74,42,33,126,OK,,,,,,,,
S1,2019,10,30,5,12,34,45.385544,-71.927574,225.5,15,67.7,10.7,60,614.4,1661,0.169623,108,56,55,191,OK,,,,,,,,
S2,2019,10,30,5,12,37,45.385544,-71.927719,225.39999,21,68.1,10.7,60,614.4,1763,2.505208,1104,591,522,1839,OK,,,,,,,,
S1,2019,10,30,5,12,40,45.385544,-71.927917,225.10001,20,68.4,10.7,60,614.4,2707,1.017741,262,169,141,432,OK,,,,,,,,
S2,2019,10,30,5,12,43,45.385551,-71.928085,225.10001,20,68.5,10.7,60,614.4,4816,0.247911,69,49,48,84,OK,,,,,,,,
S1,2019,10,30,5,12,47,45.385551,-71.928238,224.89999,20,68.6,10.7,60,614.4,2715,0.495822,111,74,58,207,OK,,,,,,,,
S2,2019,10,30,5,12,50,45.385551,-71.92836,224.60001,15,68.6,10.7,60,614.4,2183,5.936821,1438,881,640,2454,OK,,,,,,,,
S1,2019,10,30,5,12,53,0,0,0,0,68.7,10.7,60,614.4,1698,16.127277,4675,2472,1568,8308,OK,,,,,,,,
S2,2019,10,30,5,12,56,45.385548,-71.928505,224,20,68.7,10.7,60,614.4,2062,12.14765,2774,1678,1115,5155,OK,,,,,,,,
S1,2019,10,30,5,12,59,45.385548,-71.928505,223.8,15,68.8,10.7,60,614.4,1773,15.148682,4003,2200,1382,7193,OK,,,,,,,,
S2,2019,10,30,5,13,3,45.385548,-71.928505,223.8,15,68.8,10.7,60,614.4,2032,11.521348,2656,1594,1052,4946,OK,,,,,,,,
S1,2019,10,30,5,13,6,45.385548,-71.928505,223.7,22,68.8,10.7,60,614.4,1775,15.21392,4008,2205,1383,7222,OK,,,,,,,,
S2,2019,10,30,5,13,9,0,0,0,0,68.7,10.7,60,614.4,2011,11.416965,2680,1597,1059,4978,OK,,,,,,,,
S1,2019,10,30,5,13,12,45.385548,-71.928505,223.60001,22,68.7,10.7,60,614.4,1766,15.21392,4054,2221,1397,7277,OK,,,,,,,,
S2,2019,10,30,5,13,15,45.385548,-71.928505,223.60001,22,68.7,10.7,60,614.4,2031,11.025526,2573,1541,1027,4772,OK,,,,,,,,
S1,2019,10,30,5,17,35,45.385529,-71.928505,221.8,24,66.8,10.7,60,614.4,1758,2.792263,755,412,260,1354,OK,,,,,,,,
S2,2019,10,30,5,17,38,45.385529,-71.928505,221.8,24,68.4,10.7,60,614.4,2033,10.059977,2342,1404,935,4418,OK,,2307.25,1401.25,942.75,,Forest,,
S1,2019,10,30,5,17,41,45.385529,-71.928505,221.8,24,68.4,10.6,60,614.4,0,0,0,0,0,0,OK,,,,,,,,
S2,2019,10,30,5,17,44,45.385525,-71.928505,221.8,24,68.4,10.6,60,614.4,2096,10.059977,2293,1397,942,4365,OK,,,,,,,,
S1,2019,10,30,5,17,47,45.385525,-71.928505,221.8,24,68.4,10.6,60,614.4,0,0,0,0,0,0,OK,,,,,,,,
S2,2019,10,30,5,17,51,45.385525,-71.928505,221.89999,24,68.5,10.6,60,614.4,2103,10.09912,2303,1405,950,4383,OK,,,,,,,,
S1,2019,10,30,5,17,54,45.385525,-71.928505,221.89999,23,68.5,10.6,60,614.4,0,0,0,0,0,0,OK,,,,,,,,
S2,2019,10,30,5,17,57,0,0,0,0,68.5,10.6,60,614.4,2105,10.086073,2291,1399,944,4361,OK,,,,,,,,
S1,2019,10,30,5,18,0,45.385525,-71.928505,221.89999,24,68.5,10.6,60,614.4,0,0,0,0,0,0,OK,,,,,,,,
S2,2019,10,30,5,18,3,45.385525,-71.928513,221.89999,24,68.6,10.6,60,614.4,1998,4.188395,1020,603,409,1873,OK,,,,,,,,
S1,2019,10,30,5,18,7,45.385525,-71.928513,222,24,68.6,10.6,60,614.4,1773,15.200871,4024,2211,1391,7235,OK,,,,,,,,
S2,2019,10,30,5,18,10,45.385521,-71.928513,221.89999,24,68.6,10.6,60,614.4,2052,11.495253,2630,1587,1052,4908,OK,,,,,,,,
S1,2019,10,30,5,19,8,0,0,0,0,67.1,10.7,60,614.4,1775,15.148682,3994,2197,1379,7206,OK,,,,,,,,
S2,2019,10,30,5,19,11,0,0,0,0,68.8,10.7,60,614.4,1997,11.156006,2657,1575,1049,4936,OK,,,,,,,,
S1,2019,10,30,5,19,14,0,0,0,0,68.7,10.6,60,614.4,1766,14.952962,3983,2182,1372,7156,OK,,,,,,,,
S2,2019,10,30,5,19,17,0,0,0,0,68.7,10.6,60,614.4,2029,11.403916,2637,1581,1045,4918,OK,,,,,,,,
S1,2019,10,30,5,19,21,0,0,0,0,68.8,10.7,60,614.4,1770,14.96601,3967,2177,1367,7131,OK,,,,,,,,
S2,2019,10,30,5,19,24,0,0,0,0,68.6,10.6,60,614.4,2034,11.443061,2652,1591,1056,4936,OK,,,,,,,,
S1,2019,10,30,5,19,27,0,0,0,0,68.6,10.6,60,614.4,2219,13.804741,2886,1827,1213,5365,OK,,,,,,,,
S2,2019,10,30,5,19,30,45.385521,-71.928581,221.2,15,68.6,10.6,60,614.4,2059,0.260959,81,47,38,145,OK,,,,,,,,
S1,2019,10,30,5,19,33,45.385525,-71.928703,220.8,15,68.6,10.6,60,614.4,2780,1.839762,521,331,290,927,OK,,,,,,,,
S2,2019,10,30,5,19,37,45.385529,-71.928856,220.3,20,68.6,10.6,60,614.4,1823,4.801649,1647,905,717,2855,OK,,,,,,,,
S1,2019,10,30,5,19,40,45.385532,-71.929039,219.7,15,68.6,10.6,60,614.4,2418,0.117432,32,20,16,58,OK,,,,,,,,
S2,2019,10,30,5,19,43,0,0,0,0,68.8,10.7,60,614.4,2439,0.756782,206,128,105,335,OK,,,,,,,,
S1,2019,10,30,5,19,46,45.385532,-71.929276,219.3,20,68.8,10.6,60,614.4,1662,3.483805,1078,557,358,1894,OK,,,,,,,,
S2,2019,10,30,5,19,49,45.385532,-71.929375,219.3,15,69,10.7,60,614.4,1721,3.19675,1108,590,445,1867,OK,,,,,,,,
S1,2019,10,30,5,19,53,45.385532,-71.929527,219.2,21,68.9,10.6,60,614.4,2365,0.091336,20,13,9,38,OK,,,,,,,,
S2,2019,10,30,5,19,56,45.385532,-71.929703,218.8,20,69,10.7,60,614.4,2813,0.104384,43,26,25,59,OK,,,,,,,,
S1,2019,10,30,5,19,59,45.38554,-71.929977,218.3,22,69,10.7,60,614.4,5833,1.461371,5720,1977,1573,8516,OK,,,,,,,,
S2,2019,10,30,5,20,2,45.38554,-71.930168,218.10001,23,69,10.6,60,614.4,2822,0.339247,115,71,66,161,OK,,,,,,,,
S1,2019,10,30,5,20,6,45.385536,-71.930328,217.89999,22,69.3,10.7,60,614.4,2373,0.104384,33,20,17,60,OK,,,,,,,,
S2,2019,10,30,5,20,9,45.385544,-71.930481,217.7,22,69.3,10.6,60,614.4,2100,0.808973,244,143,115,390,OK,,,,,,,,
S1,2019,10,30,5,20,12,45.385544,-71.930595,217.60001,22,69.5,10.7,60,614.4,1870,15.057345,7650,3300,2146,12438,OK,,,,,,,,
S2,2019,10,30,5,20,15,45.38554,-71.930756,217.39999,22,69.6,10.7,60,614.4,1641,0.300103,112,57,41,187,OK,,,,,,,,
S1,2019,10,30,5,20,18,45.385536,-71.930923,217.39999,21,69.6,10.7,60,614.4,2539,0.078288,20,13,10,37,OK,,,,,,,,
S2,2019,10,30,5,20,22,45.385536,-71.931068,217.89999,21,69.7,10.7,60,614.4,1818,0.691542,229,126,97,368,OK,,,,,,,,
S1,2019,10,30,5,20,25,45.385536,-71.931213,218.10001,23,69.8,10.7,60,614.4,2023,28.979519,6293,3803,2374,11608,OK,,,,,,,,
S2,2019,10,30,5,20,28,45.385536,-71.931358,218.2,23,69.9,10.7,60,614.4,2457,0.13048,37,23,19,58,OK,,,,,,,,
S1,2019,10,30,5,20,31,45.385544,-71.931541,218.39999,23,69.9,10.7,60,614.4,2792,0.208767,75,46,43,121,OK,,,,,,,,
S2,2019,10,30,5,20,34,45.385544,-71.931618,218.7,21,70,10.7,60,614.4,3967,0.782878,981,378,298,1531,OK,,,,,,,,
S1,2019,10,30,5,20,38,45.385544,-71.931702,219.2,23,70,10.7,60,614.4,1926,0.208767,104,57,54,158,OK,,,,,,,,
S2,2019,10,30,5,20,41,45.385544,-71.931847,219.5,20,70.1,10.7,60,614.4,2667,0.195719,51,33,27,78,OK,,,,,,,,
S1,2019,10,30,5,20,44,0,0,0,0,70.1,10.7,60,614.4,1712,0.104384,30,16,10,55,OK,,,,,,,,
S2,2019,10,30,5,20,47,45.385548,-71.932198,220.3,22,70.1,10.7,60,614.4,1621,0.13048,45,22,13,74,OK,,,,,,,,
S1,2019,10,30,5,20,50,45.385548,-71.932365,220.8,22,70.1,10.7,60,614.4,2062,0.104384,23,14,9,43,OK,,,,,,,,
S2,2019,10,30,5,20,54,45.385551,-71.932526,221.10001,21,70.1,10.7,60,614.4,2505,0.313151,96,59,51,150,OK,,,,,,,,
S1,2019,10,30,5,20,57,45.385551,-71.93264,221.2,21,70.1,10.7,60,614.4,2648,0.887261,239,152,128,420,OK,,,,,,,,
S2,2019,10,30,5,21,0,0,0,0,0,70.2,10.7,60,614.4,2067,1.78757,562,326,266,961,OK,,,,,,,,
S1,2019,10,30,5,21,3,45.385559,-71.932968,221.39999,23,70.2,10.7,60,614.4,2418,0.052192,16,10,8,29,OK,,,,,,,,
S2,2019,10,30,5,21,7,45.385559,-71.933121,221.60001,23,70.2,10.7,60,614.4,2096,0.143528,54,31,27,82,OK,,,,,,,,
S1,2019,10,30,5,21,10,45.385559,-71.933266,221.7,23,70.3,10.7,60,614.4,1704,3.679524,1271,672,500,2187,OK,,,,,,,,
S2,2019,10,30,5,21,13,45.385559,-71.933418,221.39999,23,70.4,10.7,60,614.4,1683,0.274007,134,70,62,219,OK,,,,,,,,
S1,2019,10,30,5,21,16,45.385559,-71.933624,221.8,23,70.4,10.7,60,614.4,3275,0.078288,17,12,10,30,OK,,,,,,,,
S2,2019,10,30,5,21,19,45.385555,-71.933754,222,23,70.4,10.7,60,614.4,3241,0.091336,22,15,13,41,OK,,,,,,,,
S1,2019,10,30,5,21,23,45.385551,-71.933846,221.89999,23,70.5,10.7,60,614.4,1697,1.422228,291,155,55,563,OK,,,,,,,,
S2,2019,10,30,5,21,26,45.385551,-71.933983,222,23,70.5,10.7,60,614.4,1949,0.117432,64,27,17,97,OK,,,,,,,,
S1,2019,10,30,5,21,29,45.385548,-71.934135,222.10001,23,70.6,10.7,60,614.4,2507,0.052192,14,9,7,26,OK,,,,,,,,
S2,2019,10,30,5,21,32,45.385548,-71.934349,222.2,23,70.6,10.7,60,614.4,5478,0.104384,21,17,16,29,OK,,,,,,,,
S1,2019,10,30,5,21,35,45.385548,-71.934517,221.89999,23,70.7,10.7,60,614.4,3166,0.06524,14,10,8,26,OK,,,,,,,,
S2,2019,10,30,5,21,39,45.385548,-71.934685,222,23,70.7,10.7,60,614.4,4704,0.195719,60,41,41,73,OK,,,,,,,,
S1,2019,10,30,5,21,42,45.385544,-71.934792,222.2,23,70.7,10.7,60,614.4,2006,0.078288,32,18,16,60,OK,,,,,,,,
S2,2019,10,30,5,21,45,0,0,0,0,70.8,10.7,60,614.4,1775,3.19675,977,533,381,1663,OK,,,,,,,,
S1,2019,10,30,5,21,48,45.385494,-71.934952,223,23,70.8,10.7,60,614.4,2355,0.156576,50,30,26,76,OK,,,,,,,,
S2,2019,10,30,5,21,51,45.385403,-71.934975,223.2,22,70.8,10.7,60,614.4,4874,0.039144,13,9,9,19,OK,,,,,,,,
S1,2019,10,30,5,21,55,45.385296,-71.934975,223.2,23,70.6,10.7,60,614.4,3034,0.052192,11,8,6,22,OK,,,,,,,,
S2,2019,10,30,5,21,58,45.385189,-71.934967,223.2,23,70.8,10.7,60,614.4,5606,0.052192,15,11,11,21,OK,,,,,,,,
S1,2019,10,30,5,22,1,0,0,0,0,71,10.7,60,614.4,2555,0.156576,39,25,20,69,OK,,,,,,,,
S2,2019,10,30,5,22,4,45.384926,-71.934959,224,23,71.2,10.7,60,614.4,2157,16.701387,3946,2417,1712,6970,OK,,,,,,,,
S1,2019,10,30,5,22,8,45.384815,-71.934952,224.10001,23,71.2,10.7,60,614.4,2390,0.352295,105,64,54,162,OK,,,,,,,,
S2,2019,10,30,5,22,11,45.384716,-71.934944,224.3,23,71.2,10.7,60,614.4,2932,0.091336,28,18,16,42,OK,,,,,,,,
S1,2019,10,30,5,22,14,45.384617,-71.934937,224.5,22,71.3,10.7,60,614.4,2551,3.275038,791,509,403,1508,OK,,,,,,,,
S2,2019,10,30,5,22,17,45.384464,-71.934937,224.7,22,71.4,10.7,60,614.4,2169,16.296902,3964,2421,1756,7278,OK,,,,,,,,
S1,2019,10,30,5,22,20,45.384342,-71.934937,224.60001,22,71.4,10.7,60,614.4,2610,0.052192,12,8,6,23,OK,,,,,,,,
S2,2019,10,30,5,22,24,45.384216,-71.934937,224.60001,23,71.6,10.7,60,614.4,1886,0.247911,143,63,46,236,OK,,,,,,,,
S1,2019,10,30,5,22,27,45.384094,-71.934937,224.7,23,71.7,10.7,60,614.4,2910,0.06524,18,12,10,33,OK,,,,,,,,
S2,2019,10,30,5,22,30,45.383976,-71.934937,224.8,23,71.6,10.7,60,614.4,1976,3.757813,1341,757,643,2316,OK,,,,,,,,
S1,2019,10,30,5,22,33,45.383808,-71.934929,224.7,22,71.7,10.8,60,614.4,2730,0.052192,10,7,5,20,OK,,,,,,,,
S2,2019,10,30,5,22,36,45.383656,-71.934921,224.60001,22,71.7,10.7,60,614.4,2472,0.430583,79,54,35,161,OK,,,,,,,,
S1,2019,10,30,5,22,40,45.383492,-71.934914,224.39999,21,71.7,10.7,60,614.4,1643,12.813096,6018,2869,2175,10180,OK,,,,,,,,
S2,2019,10,30,5,22,43,45.383343,-71.934906,224.2,23,71.7,10.7,60,614.4,2295,0.274007,91,54,47,140,OK,,,,,,,,
S1,2019,10,30,5,22,46,0,0,0,0,71.7,10.7,60,614.4,2730,0.052192,10,7,5,19,OK,,,,,,,,
S2,2019,10,30,5,22,49,45.383018,-71.934883,224.3,21,71.7,10.7,60,614.4,3082,0.143528,49,31,29,65,OK,,,,,,,,
S1,2019,10,30,5,22,52,45.382908,-71.934883,224.5,24,71.6,10.7,60,614.4,3424,8.44203,8921,3501,2708,14131,OK,,,,,,,,
S2,2019,10,30,5,22,56,45.382839,-71.934883,224.60001,24,71.6,10.7,60,614.4,2087,0.521918,461,213,200,712,OK,,,,,,,,
S1,2019,10,30,5,22,59,45.382824,-71.934883,225.2,24,71.6,10.8,60,614.4,5132,2.244249,14236,4845,3898,21135,OK,,,,,,,,
S2,2019,10,30,5,23,2,0,0,0,0,71.6,10.7,60,614.4,1995,0.534966,456,212,198,698,OK,,,,,,,,
S1,2019,10,30,5,23,5,45.382828,-71.934883,225,24,71.6,10.7,60,614.4,5848,4.840793,13732,4864,3890,20786,OK,,,,,,,,
S2,2019,10,30,5,23,8,45.382828,-71.934883,225,24,71.6,10.7,60,614.4,2416,0.430583,422,189,174,656,OK,,,,,,,,
S1,2019,10,30,5,23,12,45.382828,-71.934883,225,24,71.6,10.7,60,614.4,5809,5.127849,13837,4913,3919,20960,OK,,,,,,,,
S2,2019,10,30,5,23,15,45.382828,-71.934883,225,25,71.5,10.7,60,614.4,1703,0.70459,478,230,210,786,OK,,,,,,,,
S1,2019,10,30,5,27,8,45.382896,-71.934746,225.2,24,69.3,10.8,60,614.4,1635,0,2,1,1,4,OK,,,,,,,,
S2,2019,10,30,5,27,11,45.382896,-71.934746,225.2,24,70.1,10.8,60,614.4,2879,0.091336,138,64,66,217,OK,,,,,,,,
S1,2019,10,30,5,27,14,45.382896,-71.934746,225.2,23,70.2,10.7,60,614.4,0,0,0,0,0,0,OK,,,,,,,,
S2,2019,10,30,5,27,17,0,0,0,0,70.2,10.7,60,614.4,2567,0.104384,143,67,69,225,OK,,,,,,,,
S1,2019,10,30,5,27,20,45.382896,-71.934746,225.3,24,70.2,10.7,60,614.4,0,0,0,0,0,0,OK,,,,,,,,
S2,2019,10,30,5,27,23,45.382896,-71.934746,225.3,24,70.2,10.7,60,614.4,2297,0.06524,77,36,36,123,OK,,,,,,,,
S1,2019,10,30,5,27,27,45.382893,-71.934746,225.3,23,70.2,10.7,60,614.4,0,0,0,0,0,0,OK,,,,,,,,
S2,2019,10,30,5,27,30,45.382893,-71.934746,225.3,23,70.2,10.7,60,614.4,2162,0.091336,101,48,49,161,OK,,,,,,,,
S1,2019,10,30,5,27,33,0,0,0,0,70.2,10.7,60,614.4,5880,1.761474,6279,2201,1776,9446,OK,,,,,,,,
S2,2019,10,30,5,27,36,45.382889,-71.934753,225.60001,24,70.2,10.7,60,614.4,1971,0.182671,192,92,93,293,OK,,,,,,,,
S1,2019,10,30,5,27,46,45.382889,-71.934761,225.8,24,70.3,10.7,60,614.4,5882,3.875244,13720,4811,3882,20670,OK,,,,,,,,
S2,2019,10,30,5,27,49,45.382889,-71.934761,225.8,24,70.3,10.7,60,614.4,1839,0.50887,416,198,189,630,OK,,,,,,,,
S1,2019,10,30,5,27,52,45.382885,-71.934761,225.8,24,70.4,10.7,60,614.4,5886,3.927436,13716,4813,3883,20668,OK,,,,,,,,
S2,2019,10,30,5,27,55,45.382885,-71.934761,225.8,24,70.3,10.7,60,614.4,2038,0.404487,381,179,174,566,OK,,,,,,,,
S1,2019,10,30,5,27,58,45.382885,-71.934761,225.8,23,70.3,10.7,60,614.4,5892,4.044868,13684,4808,3875,20636,OK,,,,,,,,
S2,2019,10,30,5,28,2,45.382885,-71.934769,225.8,24,70.3,10.7,60,614.4,1797,0.57411,441,210,197,672,OK,,,,,,,,
S1,2019,10,30,5,28,5,45.382881,-71.934776,225.8,24,70.4,10.7,60,614.4,5893,4.070963,13727,4826,3891,20703,OK,,,,,,,,
S2,2019,10,30,5,28,8,0,0,0,0,70.3,10.7,60,614.4,2507,0.313151,363,167,165,553,OK,,,,,,,,
S1,2019,10,30,5,28,11,45.382874,-71.934784,225.8,24,70.3,10.7,60,614.4,5799,5.140896,13698,4866,3879,20758,OK,,,,,,,,
S2,2019,10,30,5,28,15,45.382874,-71.934784,225.8,24,70.3,10.7,60,614.4,5828,0.182671,509,223,235,882,OK,,,,,,,,
S1,2019,10,30,5,28,18,45.382874,-71.934784,225.8,24,70.3,10.7,60,614.4,5655,5.715006,13530,4854,3867,20685,OK,,,,,,,,
S2,2019,10,30,5,28,21,45.382874,-71.934784,225.8,24,70.3,10.7,60,614.4,2033,0.482775,432,201,190,655,OK,,,,,,,,
S1,2019,10,30,5,28,46,45.382874,-71.934799,226.2,24,70.3,10.7,60,614.4,5892,4.397162,13841,4882,3928,20882,OK,,,,,,,,
S2,2019,10,30,5,28,48,45.382874,-71.934799,226.2,24,70.2,10.7,60,614.4,1635,0,4,2,2,6,OK,,,,,,,,
S1,2019,10,30,5,28,51,45.382874,-71.934807,226.39999,24,70.2,10.7,60,614.4,0,0,0,0,0,0,OK,,,,,,,,
S2,2019,10,30,5,28,55,45.382874,-71.934807,226.39999,24,70.2,10.7,60,614.4,3068,0.104384,153,71,74,241,OK,,,,,,,,
S1,2019,10,30,5,28,58,45.382874,-71.934807,226.39999,23,70.2,10.7,60,614.4,0,0,0,0,0,0,OK,,,,,,,,
S2,2019,10,30,5,29,1,0,0,0,0,70.2,10.8,60,614.4,2809,0.104384,153,71,73,240,OK,,,,,,,,
S1,2019,10,30,5,29,4,45.382874,-71.934807,226.39999,23,70.2,10.7,60,614.4,0,0,0,0,0,0,OK,,,,,,,,
S2,2019,10,30,5,29,7,45.382874,-71.934807,226.39999,23,70.1,10.7,60,614.4,2809,0.104384,153,71,73,240,OK,,,,,,,,
S1,2019,10,30,5,29,11,45.382874,-71.934807,226.39999,23,70.2,10.7,60,614.4,0,0,0,0,0,0,OK,,,,,,,,
S2,2019,10,30,5,29,14,45.382874,-71.934807,226.39999,24,70.2,10.7,60,614.4,2625,0.117432,152,71,73,239,OK,,,,,,,,
S1,2019,10,30,5,29,17,45.382874,-71.934807,226.39999,24,70.2,10.7,60,614.4,5850,1.34394,5088,1778,1436,7629,OK,,,,,,,,
S2,2019,10,30,5,29,20,45.382874,-71.934807,226.39999,24,70.2,10.7,60,614.4,1986,0.482775,399,185,171,612,OK,,,,,,,,
S1,2019,10,30,5,32,6,0,0,0,0,68.1,10.9,60,614.4,5895,4.227539,13754,4834,3880,20633,OK,,,,,,,,
S2,2019,10,30,5,32,9,0,0,0,0,69.6,10.8,60,614.4,1995,0.521918,429,198,181,655,OK,,,,,,,,
S1,2019,10,30,5,32,12,45.382763,-71.934929,248.2,12,69.6,10.8,60,614.4,5890,3.992675,13691,4801,3862,20498,OK,,,,,,,,
S2,2019,10,30,5,32,15,45.382774,-71.934929,247.8,14,69.6,10.8,60,614.4,1795,0.495822,331,154,132,523,OK,,,,,,,,
S1,2019,10,30,5,32,18,45.382748,-71.934937,241.89999,14,69.6,10.8,60,614.4,2250,4.188395,1371,810,699,2347,OK,,,,,,,,
S2,2019,10,30,5,32,21,45.38269,-71.934944,239.10001,13,69.6,10.8,60,614.4,2100,0.169623,47,28,21,83,OK,,,,,,,,
S1,2019,10,30,5,32,29,45.382545,-71.934929,235.89999,22,69.7,10.8,60,614.4,2319,0.039144,11,7,5,20,OK,,,,,,,,
S2,2019,10,30,5,32,32,45.382507,-71.934929,235.3,22,69.7,10.8,60,614.4,2831,0.117432,28,19,15,49,OK,,,,,,,,
S1,2019,10,30,5,32,35,0,0,0,0,69.7,10.8,60,614.4,2006,0.391439,180,100,94,317,OK,,,,,,,,
S2,2019,10,30,5,32,38,45.382324,-71.934914,234.3,21,69.8,10.8,60,614.4,1636,1.356988,739,378,344,1207,OK,,,,,,,,
S1,2019,10,30,5,32,41,45.382263,-71.934906,233.89999,21,69.8,10.8,60,614.4,1837,5.571479,1852,1023,801,3248,OK,,,,,,,,
S2,2019,10,30,5,32,45,45.38221,-71.934845,233.7,20,69.8,10.8,60,614.4,2563,0.182671,156,66,54,239,OK,,,,,,,,
S1,2019,10,30,5,32,48,45.382183,-71.934738,232.60001,22,69.9,10.8,60,614.4,2214,4.919081,1639,962,832,2806,OK,,,,,,,,
S2,2019,10,30,5,32,51,0,0,0,0,69.9,10.8,60,614.4,1650,0.078288,35,18,15,53,OK,,,,,,,,
S1,2019,10,30,5,32,54,45.382187,-71.93428,231.3,22,69.9,10.8,60,614.4,2341,0.052192,18,11,9,32,OK,,,,,,,,
S2,2019,10,30,5,32,57,45.382191,-71.934059,231.5,22,70,10.8,60,614.4,1630,0.208767,120,59,52,169,OK,,,,,,,,
S1,2019,10,30,5,33,1,45.382198,-71.933907,231.7,22,70,10.8,60,614.4,2434,4.658122,1504,907,800,2592,OK,,,,,,,,
S2,2019,10,30,5,33,4,45.382202,-71.93383,231.5,22,70.1,10.8,60,614.4,1818,0.091336,59,27,22,88,OK,,,,,,,,
S1,2019,10,30,5,33,7,45.38221,-71.933632,231.5,22,70.1,10.8,60,614.4,3034,0.052192,11,8,6,22,OK,,,,,,,,
S2,2019,10,30,5,33,10,45.38221,-71.933418,231.39999,22,70.2,10.8,60,614.4,1858,0.561062,224,123,106,320,OK,,,,,,,,
S1,2019,10,30,5,33,14,45.382198,-71.933197,231.3,22,70.2,10.8,60,614.4,2418,0.117432,32,20,16,56,OK,,,,,,,,
S2,2019,10,30,5,33,17,45.382198,-71.933014,231.39999,22,70.2,10.8,60,614.4,1625,0.352295,174,85,69,281,OK,,,,,,,,
S1,2019,10,30,5,33,20,45.38224,-71.932907,231.7,22,70.3,10.8,60,614.4,2689,0.313151,71,47,37,121,OK,,,,,,,,
S2,2019,10,30,5,33,23,45.382381,-71.932846,232.2,22,70.2,10.8,60,614.4,3919,0.06524,17,12,11,24,OK,,,,,,,,
S1,2019,10,30,5,33,26,45.382519,-71.932838,232.39999,22,70.3,10.8,60,614.4,2710,0.078288,22,14,12,38,OK,,,,,,,,
S2,2019,10,30,5,33,30,45.382675,-71.932831,232.2,20,70.2,10.8,60,614.4,1812,7.071994,3127,1691,1518,5317,OK,,,,,,,,
S1,2019,10,30,5,33,33,45.382832,-71.932823,232,22,70.2,10.8,60,614.4,2804,0.06524,20,13,11,36,OK,,,,,,,,
S2,2019,10,30,5,33,36,0,0,0,0,70.2,10.8,60,614.4,3770,0.104384,33,22,21,44,OK,,,,,,,,
S1,2019,10,30,5,33,39,45.383163,-71.932816,231.60001,20,70.3,10.8,60,614.4,2044,10.86895,2594,1553,1059,4769,OK,,,,,,,,
S2,2019,10,30,5,33,42,45.383289,-71.932816,231.3,21,70.3,10.8,60,614.4,1773,0.404487,144,78,61,228,OK,,,,,,,,
S1,2019,10,30,5,33,46,45.383415,-71.932816,231,21,70.3,10.8,60,614.4,2773,0.06524,15,10,8,29,OK,,,,,,,,
S2,2019,10,30,5,33,49,45.383549,-71.932808,230.8,21,70.3,10.8,60,614.4,4275,0.13048,39,27,26,50,OK,,,,,,,,
S1,2019,10,30,5,33,52,45.383717,-71.9328,230.60001,22,70.3,10.8,60,614.4,1637,0.260959,158,81,76,311,OK,,,,,,,,
S2,2019,10,30,5,33,55,45.383823,-71.9328,230.39999,20,70.3,10.8,60,614.4,2211,8.585557,1972,1225,867,3386,OK,,,,,,,,
S1,2019,10,30,5,33,58,45.383896,-71.932793,230.10001,22,70.3,10.8,60,614.4,2224,12.630424,2627,1666,1104,4843,OK,,,,,,,,
S2,2019,10,30,5,34,2,45.383987,-71.932793,230,21,70.3,10.8,60,614.4,1622,0.274007,124,62,50,191,OK,,,,,,,,
S1,2019,10,30,5,34,5,45.38409,-71.9328,229.7,21,70.3,10.8,60,614.4,2730,0.052192,10,7,5,20,OK,,,,,,,,
S2,2019,10,30,5,34,8,45.384239,-71.9328,229.39999,21,70.3,10.8,60,614.4,4191,0.06524,18,13,12,27,OK,,,,,,,,
S1,2019,10,30,5,34,11,45.384357,-71.9328,229,21,70.3,10.8,60,614.4,2216,3.275038,1023,606,509,1811,OK,,,,,,,,
S2,2019,10,30,5,34,15,45.384472,-71.9328,228.7,21,70.4,10.8,60,614.4,1718,2.309489,1127,595,541,1948,OK,,,,,,,,
S1,2019,10,30,5,34,18,45.38459,-71.9328,228.60001,21,70.3,10.8,60,614.4,2804,0.06524,20,13,11,37,OK,,,,,,,,
S2,2019,10,30,5,34,21,45.38472,-71.932793,228.39999,21,70.4,10.8,60,614.4,4041,0.091336,26,18,17,36,OK,,,,,,,,
S1,2019,10,30,5,34,24,45.384907,-71.932793,227.60001,22,70.4,10.8,60,614.4,2730,0.052192,10,7,5,20,OK,,,,,,,,
S2,2019,10,30,5,34,27,45.385048,-71.932785,227,22,70.4,10.8,60,614.4,1632,0.313151,205,105,102,293,OK,,,,,,,,
S1,2019,10,30,5,34,31,45.385189,-71.932785,226.39999,22,70.3,10.8,60,614.4,2233,0.182671,73,42,39,108,OK,,,,,,,,
S2,2019,10,30,5,34,34,45.385323,-71.932785,225.89999,22,70.3,10.8,60,614.4,1991,0.156576,66,37,33,89,OK,,,,,,,,
S1,2019,10,30,5,34,37,45.385433,-71.932785,225.5,22,70.3,10.8,60,614.4,2838,0.104384,29,19,16,48,OK,,,,,,,,
S2,2019,10,30,5,34,40,45.385544,-71.932884,225.10001,23,70.3,10.8,60,614.4,1965,0.352295,116,66,53,198,OK,,,,,,,,
S1,2019,10,30,5,34,43,45.385574,-71.933037,224.89999,22,70.3,10.8,60,614.4,2932,0.039144,14,9,8,26,OK,,,,,,,,
S2,2019,10,30,5,34,47,45.385574,-71.933228,225.10001,21,70.3,10.8,60,614.4,1670,3.301134,1226,637,483,2042,OK,,,,,,,,
S1,2019,10,30,5,34,50,45.385578,-71.933411,224.7,21,70.4,10.8,60,614.4,2894,0.052192,13,9,7,24,OK,,,,,,,,
S2,2019,10,30,5,34,53,0,0,0,0,70.4,10.8,60,614.4,3774,0.091336,22,16,14,38,OK,,,,,,,,
S1,2019,10,30,5,34,56,45.38554,-71.9338,224.2,23,70.4,10.8,60,614.4,1664,2.68788,568,293,98,1018,OK,,,,,,,,
S2,2019,10,30,5,34,59,45.38546,-71.933891,224.2,22,70.4,10.8,60,614.4,1620,2.296441,701,336,172,1285,OK,,,,,,,,
S1,2019,10,30,5,35,3,45.385357,-71.933914,224.7,21,70.4,10.8,60,614.4,2391,1.552707,558,330,301,1009,OK,,,,,,,,
S2,2019,10,30,5,35,6,45.385246,-71.933907,224.8,20,70.4,10.8,60,614.4,2026,0.195719,82,46,42,126,OK,,,,,,,,
S1,2019,10,30,5,35,9,45.385094,-71.933907,224.7,20,70.4,10.8,60,614.4,2341,0.052192,18,11,9,32,OK,,,,,,,,
S2,2019,10,30,5,35,12,45.384975,-71.933907,224.8,15,70.4,10.8,60,614.4,2076,0.06524,28,16,14,41,OK,,,,,,,,
S1,2019,10,30,5,35,16,45.38485,-71.933907,224.89999,21,70.5,10.8,60,614.4,1624,0.57411,146,71,28,296,OK,,,,,,,,
S2,2019,10,30,5,35,19,45.384705,-71.933907,224.8,21,70.5,10.8,60,614.4,1620,3.888292,961,452,141,1758,OK,,,,,,,,
S1,2019,10,30,5,35,22,45.384552,-71.933907,224.39999,22,70.5,10.8,60,614.4,2319,0.039144,11,7,5,22,OK,,,,,,,,
S2,2019,10,30,5,35,25,45.384354,-71.933891,224.39999,21,70.6,10.8,60,614.4,2507,0.052192,14,9,7,22,OK,,,,,,,,
S1,2019,10,30,5,35,28,45.384205,-71.933884,224.5,20,70.6,10.8,60,614.4,1662,0.104384,31,16,9,55,OK,,,,,,,,
S2,2019,10,30,5,35,32,45.384079,-71.933868,224.7,20,70.6,10.8,60,614.4,1635,6.758843,1514,750,237,2605,OK,,,,,,,,
S1,2019,10,30,5,35,35,45.384003,-71.933861,225,20,70.7,10.8,60,614.4,1620,13.152343,3466,1621,581,6022,OK,,,,,,,,
S2,2019,10,30,5,35,38,45.38393,-71.933853,225.2,21,70.6,10.8,60,614.4,1621,0.117432,39,19,11,64,OK,,,,,,,,
S1,2019,10,30,5,35,41,45.383759,-71.933846,225.39999,20,70.7,10.8,60,614.4,2872,0.039144,8,6,4,15,OK,,,,,,,,
S2,2019,10,30,5,35,44,45.383617,-71.933838,225.8,21,70.8,10.8,60,614.4,3366,0.039144,10,7,6,16,OK,,,,,,,,
S1,2019,10,30,5,35,48,45.383476,-71.933838,225.89999,21,70.8,10.8,60,614.4,1956,0.06524,15,9,5,28,OK,,,,,,,,
S2,2019,10,30,5,35,51,45.383343,-71.933838,226,15,70.8,10.8,60,614.4,2183,0.404487,221,87,47,331,OK,,,,,,,,
S1,2019,10,30,5,35,54,0,0,0,0,70.8,10.8,60,614.4,1806,13.465494,5090,2083,824,8373,OK,,,,,,,,
S2,2019,10,30,5,35,57,45.38319,-71.933846,226.7,15,70.9,10.8,60,614.4,1632,10.2296,2302,1134,353,4270,OK,,,,,,,,
S1,2019,10,30,5,36,0,45.38319,-71.933846,226.89999,22,70.9,10.8,60,614.4,2212,10.086073,5033,1885,775,8011,OK,,,,,,,,
S2,2019,10,30,5,36,4,45.38319,-71.933846,226.89999,22,70.9,10.8,60,614.4,1630,10.151312,2279,1115,330,4252,OK,,,,,,,,
S1,2019,10,30,5,36,7,45.38319,-71.933846,226.8,23,70.9,10.8,60,614.4,2293,9.864258,5117,1891,774,7972,OK,,,,,,,,
S2,2019,10,30,5,36,10,45.38319,-71.933853,226.7,22,70.8,10.8,60,614.4,1631,10.138265,2264,1112,332,4234,OK,,,,,,,,
S1,2019,10,30,5,36,13,45.38319,-71.933853,226.60001,20,70.9,10.8,60,614.4,2191,10.555799,5172,1938,779,8102,OK,,,,,,,,
S2,2019,10,30,5,36,17,45.383198,-71.933853,226.5,22,70.8,10.8,60,614.4,1630,10.138265,2271,1113,330,4240,OK,,,,,,,,
S1,2019,10,30,5,41,22,45.383209,-71.933846,230.39999,25,69,10.8,60,614.4,2208,10.112168,5032,1886,775,8085,OK,,,,,,,,
S2,2019,10,30,5,41,24,45.383209,-71.933846,230.39999,24,70.1,10.7,60,614.4,1642,4.553738,971,486,140,1850,OK,,,,,,,,
S1,2019,10,30,5,41,28,45.383209,-71.933846,230.39999,24,70,10.6,60,614.4,0,0,0,0,0,0,OK,,,,,,,,
S2,2019,10,30,5,41,31,45.383209,-71.933846,230.39999,25,70,10.6,60,614.4,1643,9.237955,1960,983,283,3719,OK,,1964,985.5,284,,Maurice Duplessis,,
S1,2019,10,30,5,41,34,0,0,0,0,70.2,10.7,60,614.4,0,0,0,0,0,0,OK,,,,,,,,
S2,2019,10,30,5,41,37,45.383209,-71.933846,230.39999,24,70,10.6,60,614.4,1644,9.2771,1968,988,285,3738,OK,,,,,,,,
S1,2019,10,30,5,41,40,45.383209,-71.933846,230.39999,24,70,10.6,60,614.4,0,0,0,0,0,0,OK,,,,,,,,
S2,2019,10,30,5,41,44,45.383209,-71.933846,230.5,25,70,10.6,60,614.4,1626,1.34394,309,150,45,581,OK,,,,,,,,
S1,2019,10,30,5,41,47,45.383209,-71.933846,230.5,25,70.1,10.6,60,614.4,0,0,0,0,0,0,OK,,,,,,,,
S2,2019,10,30,5,41,50,0,0,0,0,70.1,10.6,60,614.4,1825,0.039144,15,6,2,26,OK,,,,,,,,
S1,2019,10,30,5,41,53,45.383209,-71.933846,230.5,24,70.1,10.6,60,614.4,0,0,0,0,0,0,OK,,,,,,,,
S2,2019,10,30,5,41,56,45.383209,-71.933846,230.5,25,70.2,10.7,60,614.4,1635,0.013048,4,2,1,7,OK,,,,,,,,
S1,2019,10,30,5,42,0,45.383209,-71.933846,230.5,24,70.2,10.7,60,614.4,0,0,0,0,0,0,OK,,,,,,,,
S2,2019,10,30,5,42,3,45.383209,-71.933846,230.5,25,70.1,10.6,60,614.4,1635,0.013048,4,2,1,7,OK,,,,,,,,
S1,2019,10,30,5,42,6,45.383209,-71.933846,230.5,25,70.2,10.6,60,614.4,0,0,0,0,0,0,OK,,,,,,,,
S2,2019,10,30,5,42,9,45.383209,-71.933846,230.5,25,70.2,10.6,60,614.4,1632,0.026096,9,4,1,16,OK,,,,,,,,
S1,2019,10,30,5,42,12,45.383209,-71.933846,230.5,24,70.2,10.6,60,614.4,0,0,0,0,0,0,OK,,,,,,,,
S2,2019,10,30,5,42,16,45.383209,-71.933846,230.5,24,70.4,10.7,60,614.4,2011,0,5,2,1,9,OK,,,,,,,,
S1,2019,10,30,5,42,19,45.383209,-71.933846,230.5,23,70.4,10.7,60,614.4,2260,3.13151,1607,598,248,2484,OK,,,,,,,,
S2,2019,10,30,5,42,22,45.383209,-71.933846,230.5,23,70.4,10.7,60,614.4,1625,10.059977,2333,1128,343,4312,OK,,,,,,,,
S1,2019,10,30,5,44,7,45.383224,-71.933868,231.8,22,68.7,10.7,60,614.4,2109,10.399224,4913,1875,775,8132,OK,,,,,,,,
S2,2019,10,30,5,44,9,0,0,0,0,70.2,10.7,60,614.4,1632,10.190456,2286,1126,347,4245,OK,,,,,,,,
S1,2019,10,30,5,44,18,45.38319,-71.933823,229.8,22,70.1,10.7,60,614.4,1723,8.428982,1597,870,284,2923,OK,,,,,,,,
S2,2019,10,30,5,44,20,45.383137,-71.933807,230.2,22,70,10.7,60,614.4,1661,0.195719,62,32,20,98,OK,,,,,,,,
S1,2019,10,30,5,44,24,45.383057,-71.933807,231,22,70,10.7,60,614.4,2775,0.078288,14,10,7,26,OK,,,,,,,,
S2,2019,10,30,5,44,27,45.382957,-71.933815,231.2,21,70,10.7,60,614.4,3555,0.665446,185,124,115,244,OK,,,,,,,,
S1,2019,10,30,5,44,30,0,0,0,0,70,10.7,60,614.4,3034,0.052192,11,8,6,22,OK,,,,,,,,
S2,2019,10,30,5,44,33,45.382706,-71.933823,231,21,70,10.7,60,614.4,2344,0.326199,103,62,53,136,OK,,,,,,,,
S1,2019,10,30,5,44,36,45.38258,-71.933823,231,22,70.2,10.7,60,614.4,1745,12.343369,4381,1834,719,7219,OK,,,,,,,,
S2,2019,10,30,5,44,40,45.382458,-71.933838,231,22,70.2,10.7,60,614.4,1623,0.326199,119,59,40,177,OK,,,,,,,,
S1,2019,10,30,5,44,43,45.382351,-71.933838,231.2,22,70.3,10.7,60,614.4,2390,0.691542,227,136,120,388,OK,,,,,,,,
S2,2019,10,30,5,44,46,0,0,0,0,70.3,10.7,60,614.4,1805,0.13048,89,41,34,139,OK,,,,,,,,
S1,2019,10,30,5,44,49,45.382195,-71.933647,231.89999,21,70.4,10.7,60,614.4,2894,0.052192,13,9,7,25,OK,,,,,,,,
S2,2019,10,30,5,44,52,45.382198,-71.933403,232.2,22,70.6,10.7,60,614.4,1819,0.313151,119,65,54,177,OK,,,,,,,,
S1,2019,10,30,5,44,56,45.382195,-71.933105,232.7,22,70.6,10.7,60,614.4,2320,0.652398,229,135,121,439,OK,,,,,,,,
S2,2019,10,30,5,44,59,45.382195,-71.932831,232.8,22,70.6,10.7,60,614.4,1783,0.234863,79,43,33,122,OK,,,,,,,,
S1,2019,10,30,5,45,2,45.382191,-71.93251,233.3,22,70.7,10.7,60,614.4,1621,0.63935,258,125,87,408,OK,,,,,,,,
S2,2019,10,30,5,45,5,45.382191,-71.932266,233.39999,22,70.7,10.7,60,614.4,4145,0.143528,41,28,27,50,OK,,,,,,,,
S1,2019,10,30,5,45,9,45.382187,-71.932037,233.39999,22,70.7,10.7,60,614.4,3366,0.078288,20,14,12,33,OK,,,,,,,,
S2,2019,10,30,5,45,12,45.382217,-71.931892,233.60001,22,70.7,10.7,60,614.4,1654,2.948839,1081,556,410,1859,OK,,,,,,,,
S1,2019,10,30,5,45,15,45.382305,-71.931831,233.7,22,70.7,10.7,60,614.4,2610,0.052192,12,8,6,23,OK,,,,,,,,
S2,2019,10,30,5,45,18,45.382488,-71.931808,233.39999,22,70.7,10.7,60,614.4,3827,0.274007,75,51,48,102,OK,,,,,,,,
S1,2019,10,30,5,45,21,45.382648,-71.931801,232.89999,21,70.7,10.7,60,614.4,1620,9.290147,3976,1973,1517,6664,OK,,,,,,,,
S2,2019,10,30,5,45,25,45.382793,-71.931801,232.5,20,70.7,10.7,60,614.4,1801,0.247911,115,62,56,171,OK,,,,,,,,
S1,2019,10,30,5,45,28,45.382927,-71.931801,232.2,20,70.6,10.7,60,614.4,3034,0.052192,11,8,6,21,OK,,,,,,,,
S2,2019,10,30,5,45,31,45.383064,-71.931793,232,22,70.6,10.7,60,614.4,1824,0.417535,130,72,53,229,OK,,,,,,,,
S1,2019,10,30,5,45,34,45.383247,-71.931786,231.60001,21,70.7,10.7,60,614.4,1663,14.600667,4448,2299,1455,7783,OK,,,,,,,,
S2,2019,10,30,5,45,37,45.383385,-71.931786,231.3,21,70.6,10.7,60,614.4,2178,0.287055,88,52,43,137,OK,,,,,,,,
S1,2019,10,30,5,45,41,45.383507,-71.931778,231.10001,21,70.6,10.7,60,614.4,2894,0.052192,13,9,7,24,OK,,,,,,,,
S2,2019,10,30,5,45,44,45.383636,-71.931778,230.8,22,70.6,10.7,60,614.4,3043,0.195719,63,40,37,88,OK,,,,,,,,
S1,2019,10,30,5,45,47,0,0,0,0,70.6,10.7,60,614.4,1663,7.202473,3022,1396,915,5036,OK,,,,,,,,
S2,2019,10,30,5,45,50,45.383919,-71.93177,229.8,22,70.6,10.7,60,614.4,1670,0.300103,127,66,54,200,OK,,,,,,,,
S1,2019,10,30,5,45,53,45.384022,-71.93177,229.7,22,70.6,10.7,60,614.4,1711,12.85224,3848,2048,1363,6765,OK,,,,,,,,
S2,2019,10,30,5,45,57,45.384121,-71.931755,229.8,22,70.7,10.7,60,614.4,1630,0.874213,529,261,236,970,OK,,,,,,,,
S1,2019,10,30,5,46,0,45.384243,-71.931755,229.60001,22,70.7,10.7,60,614.4,1670,15.879367,4777,2482,1570,8374,OK,,,,,,,,
S2,2019,10,30,5,46,3,45.384407,-71.931755,228.89999,22,70.7,10.7,60,614.4,1719,0.352295,126,67,51,204,OK,,,,,,,,
S1,2019,10,30,5,46,6,45.384533,-71.931747,228.3,21,70.7,10.7,60,614.4,2773,0.06524,15,10,8,29,OK,,,,,,,,
S2,2019,10,30,5,46,9,45.384663,-71.931747,227.8,22,70.7,10.7,60,614.4,2194,0.182671,71,41,37,103,OK,,,,,,,,
S1,2019,10,30,5,46,13,45.384792,-71.931747,227.10001,20,70.7,10.7,60,614.4,1645,9.303195,3444,1760,1293,5842,OK,,,,,,,,
S2,2019,10,30,5,46,16,45.384918,-71.931747,226.5,22,70.6,10.7,60,614.4,2998,0.221815,75,47,44,102,OK,,,,,,,,
S1,2019,10,30,5,46,19,45.385101,-71.931747,225.8,21,70.7,10.7,60,614.4,2572,1.317844,349,221,183,651,OK,,,,,,,,
S2,2019,10,30,5,46,22,45.385227,-71.93174,225.2,23,70.6,10.7,60,614.4,2208,0.600206,203,119,103,320,OK,,,,,,,,
S1,2019,10,30,5,46,26,45.385345,-71.931725,224.7,21,70.7,10.7,60,614.4,2844,0.13048,33,22,18,59,OK,,,,,,,,
S2,2019,10,30,5,46,29,45.385433,-71.931717,224.3,22,70.7,10.7,60,614.4,2542,0.652398,178,112,93,292,OK,,,,,,,,
S1,2019,10,30,5,46,32,45.385494,-71.931664,223.7,22,70.7,10.7,60,614.4,3030,0.06524,16,11,9,27,OK,,,,,,,,
S2,2019,10,30,5,46,35,45.385525,-71.931511,222.8,22,70.7,10.7,60,614.4,1835,0.143528,47,26,20,77,OK,,,,,,,,
S1,2019,10,30,5,46,38,45.385509,-71.931343,221.39999,22,70.7,10.7,60,614.4,2506,9.903401,1738,1199,777,3402,OK,,,,,,,,
S2,2019,10,30,5,46,42,45.385494,-71.931145,220.5,22,70.7,10.7,60,614.4,1866,0.365343,122,68,53,195,OK,,,,,,,,
S1,2019,10,30,5,46,45,45.385487,-71.930977,219.89999,21,70.6,10.7,60,614.4,2894,0.052192,13,9,7,25,OK,,,,,,,,
S2,2019,10,30,5,46,48,0,0,0,0,70.7,10.7,60,614.4,1623,0.678494,267,133,96,420,OK,,,,,,,,
S1,2019,10,30,5,46,51,45.385483,-71.930923,219.7,22,70.6,10.7,60,614.4,2894,0.052192,13,9,7,25,OK,,,,,,,,
S2,2019,10,30,5,46,54,45.385483,-71.930923,219.7,22,70.7,10.7,60,614.4,1622,0.691542,268,133,95,418,OK,,,,,,,,
S1,2019,10,30,5,48,17,0,0,0,0,70.6,10.7,60,614.4,1721,7.09809,3426,1560,1101,5638,OK,,,,,,,,
S2,2019,10,30,5,48,20,45.38221,-71.930763,231.3,23,71.5,10.6,60,614.4,1654,4.788601,1918,988,778,3207,OK,,,,,,,,
S1,2019,10,30,5,48,23,45.38221,-71.930763,231.3,23,71.6,10.7,60,614.4,1711,6.249972,2935,1337,926,4895,OK,,,,,,,,
S2,2019,10,30,5,48,26,45.382225,-71.930763,231.7,23,71.5,10.6,60,614.4,1836,1.40918,527,289,241,888,OK,,,,,,,,
S1,2019,10,30,5,48,29,45.382301,-71.930763,232.10001,21,71.5,10.6,60,614.4,2667,0.06524,17,11,9,31,OK,,,,,,,,
S2,2019,10,30,5,48,32,45.382385,-71.930763,232.3,21,71.6,10.7,60,614.4,2044,0.234863,84,48,41,148,OK,,,,,,,,
S1,2019,10,30,5,48,36,45.382484,-71.930763,232.3,20,71.6,10.7,60,614.4,1822,8.624701,4749,2125,1572,7803,OK,,,,,,,,
S2,2019,10,30,5,48,39,45.382599,-71.930756,232.3,20,71.6,10.7,60,614.4,2488,0.848117,246,152,129,466,OK,,,,,,,,
S1,2019,10,30,5,48,42,45.382706,-71.930763,232.10001,22,71.5,10.7,60,614.4,2416,0.06524,17,11,8,31,OK,,,,,,,,
S2,2019,10,30,5,48,45,45.382843,-71.930756,231.60001,22,71.5,10.7,60,614.4,3180,0.208767,53,36,31,91,OK,,,,,,,,
S1,2019,10,30,5,48,48,45.382954,-71.930756,231.5,21,71.5,10.7,60,614.4,1623,6.223876,2500,1205,837,4291,OK,,,,,,,,
S2,2019,10,30,5,48,52,45.383053,-71.93074,231.39999,20,71.4,10.6,60,614.4,1717,0.234863,178,86,81,303,OK,,,,,,,,
S1,2019,10,30,5,48,55,45.383167,-71.93074,231.3,21,71.4,10.6,60,614.4,2610,0.078288,18,12,9,33,OK,,,,,,,,
S2,2019,10,30,5,48,58,0,0,0,0,71.4,10.6,60,614.4,2413,0.482775,197,115,109,257,OK,,,,,,,,
S1,2019,10,30,5,49,1,45.383446,-71.93074,230.8,20,71.3,10.6,60,614.4,2171,0.991645,485,272,267,868,OK,,,,,,,,
S2,2019,10,30,5,49,4,45.383556,-71.930733,230.5,21,71.3,10.6,60,614.4,1650,6.90237,2791,1434,1131,4691,OK,,,,,,,,
S1,2019,10,30,5,49,8,45.383675,-71.930725,230.2,21,71.4,10.7,60,614.4,1819,0.260959,126,68,63,214,OK,,,,,,,,
S2,2019,10,30,5,49,11,45.383789,-71.930717,230,21,71.4,10.7,60,614.4,1705,5.871582,2530,1333,1137,4057,OK,,,,,,,,
S1,2019,10,30,5,49,14,45.383919,-71.930717,229.8,20,71.3,10.6,60,614.4,2444,4.827745,1390,855,721,2255,OK,,,,,,,,
S2,2019,10,30,5,49,17,45.384014,-71.93071,229.5,21,71.4,10.7,60,614.4,1653,0.300103,157,75,60,246,OK,,,,,,,,
S1,2019,10,30,5,49,20,45.384121,-71.93071,229.39999,22,71.4,10.7,60,614.4,1868,0.06524,39,21,21,76,OK,,,,,,,,
S2,2019,10,30,5,49,24,45.384232,-71.93071,229.10001,22,71.3,10.6,60,614.4,1714,5.571479,1973,1047,798,3422,OK,,,,,,,,
S1,2019,10,30,5,49,27,45.384354,-71.93071,229,22,71.3,10.6,60,614.4,2565,0.104384,32,20,17,55,OK,,,,,,,,
S2,2019,10,30,5,49,30,45.384502,-71.93071,228.5,22,71.4,10.7,60,614.4,3325,0.13048,38,25,23,52,OK,,,,,,,,
S1,2019,10,30,5,49,33,45.384613,-71.93071,227.8,21,71.3,10.6,60,614.4,2423,9.407578,2057,1331,972,3766,OK,,,,,,,,
S2,2019,10,30,5,49,37,45.38472,-71.930702,227.2,22,71.4,10.7,60,614.4,2202,6.445693,1607,983,731,2829,OK,,,,,,,,
S1,2019,10,30,5,49,40,45.38483,-71.930702,226.8,22,71.3,10.6,60,614.4,2555,0.156576,39,25,20,67,OK,,,,,,,,
S2,2019,10,30,5,49,43,45.384949,-71.930702,226.3,22,71.3,10.6,60,614.4,2250,0.313151,113,66,59,163,OK,,,,,,,,
S1,2019,10,30,5,49,46,45.385113,-71.930702,225.39999,20,71.3,10.6,60,614.4,1656,7.620008,3195,1484,984,5440,OK,,,,,,,,
S2,2019,10,30,5,49,49,45.385239,-71.930695,224.7,22,71.5,10.7,60,614.4,2265,0.313151,105,62,54,154,OK,,,,,,,,
S1,2019,10,30,5,49,53,45.385361,-71.930695,224.3,21,71.5,10.7,60,614.4,2417,0.104384,25,16,12,44,OK,,,,,,,,
S2,2019,10,30,5,49,56,45.385456,-71.930672,223.7,21,71.4,10.6,60,614.4,1769,0.391439,156,84,70,225,OK,,,,,,,,
S1,2019,10,30,5,49,59,0,0,0,0,71.5,10.7,60,614.4,2804,0.06524,20,13,11,35,OK,,,,,,,,
S2,2019,10,30,5,50,2,45.385513,-71.930397,222.7,23,71.6,10.7,60,614.4,2721,0.417535,140,86,79,190,OK,,,,,,,,
S1,2019,10,30,5,50,5,45.385509,-71.930382,222.39999,22,71.5,10.6,60,614.4,2476,0.078288,22,14,11,38,OK,,,,,,,,
S2,2019,10,30,5,50,9,45.385509,-71.930382,222.39999,23,71.5,10.6,60,614.4,2682,0.430583,138,85,77,187,OK,,,,,,,,
S1,2019,10,30,5,50,12,45.385509,-71.930382,222.2,23,71.6,10.6,60,614.4,2418,0.091336,24,15,12,43,OK,,,,,,,,
S2,2019,10,30,5,50,15,0,0,0,0,71.7,10.7,60,614.4,1927,0.078288,38,21,19,56,OK,,,,,,,,
S1,2019,10,30,5,50,18,45.385506,-71.930145,222.2,23,71.6,10.6,60,614.4,1660,4.449355,1701,879,675,2967,OK,,,,,,,,
S2,2019,10,30,5,50,21,45.385494,-71.929947,222.2,23,71.6,10.6,60,614.4,3900,0.313151,90,61,58,119,OK,,,,,,,,
S1,2019,10,30,5,50,25,45.385483,-71.929718,222.2,22,71.7,10.7,60,614.4,2507,0.052192,14,9,7,26,OK,,,,,,,,
S2,2019,10,30,5,50,28,45.385475,-71.929604,222.2,23,71.7,10.7,60,614.4,3391,0.456679,142,92,87,180,OK,,,,,,,,
S1,2019,10,30,5,50,31,45.385475,-71.929604,222.10001,23,71.7,10.7,60,614.4,2507,0.052192,14,9,7,26,OK,,,,,,,,
S2,2019,10,30,5,50,34,45.385475,-71.929604,222.10001,23,71.7,10.7,60,614.4,3348,0.443631,141,91,86,179,OK,,,,,,,,
S1,2019,10,30,5,51,57,0,0,0,0,71.6,10.6,60,614.4,1997,14.522378,8101,3426,2273,12879,OK,,,,,,,,
S2,2019,10,30,5,52,0,45.382225,-71.92942,234.10001,22,72.4,10.6,60,614.4,1838,7.189426,2443,1348,1070,4188,OK,,,,,,,,
S1,2019,10,30,5,52,3,45.382225,-71.92942,234.10001,22,72.5,10.6,60,614.4,1922,14.96601,7947,3402,2244,12616,OK,,,,,,,,
S2,2019,10,30,5,52,6,45.382229,-71.92942,234.2,20,72.4,10.6,60,614.4,1889,0.652398,445,203,171,756,OK,,,,,,,,
S1,2019,10,30,5,52,9,45.382278,-71.92942,234.39999,21,72.4,10.6,60,614.4,2513,0.104384,34,21,18,56,OK,,,,,,,,
S2,2019,10,30,5,52,12,45.382347,-71.929436,234.5,22,72.5,10.6,60,614.4,2399,0.260959,73,45,37,116,OK,,,,,,,,
S1,2019,10,30,5,52,16,45.382435,-71.929443,234.60001,21,72.5,10.7,60,614.4,1927,5.336616,1482,849,614,2625,OK,,,,,,,,
S2,2019,10,30,5,52,19,45.382545,-71.929443,234.7,21,72.5,10.7,60,614.4,2805,0.287055,81,52,45,124,OK,,,,,,,,
S1,2019,10,30,5,52,22,0,0,0,0,72.4,10.6,60,614.4,2688,0.078288,16,11,8,30,OK,,,,,,,,
S2,2019,10,30,5,52,25,45.382816,-71.929443,234.10001,21,72.4,10.6,60,614.4,1742,0.247911,103,55,46,158,OK,,,,,,,,
S1,2019,10,30,5,52,28,45.382935,-71.929443,233.8,22,72.4,10.6,60,614.4,1665,10.020833,4340,2011,1361,7341,OK,,,,,,,,
S2,2019,10,30,5,52,32,45.383057,-71.929443,233.3,22,72.5,10.7,60,614.4,1756,0.234863,95,51,42,147,OK,,,,,,,,
S1,2019,10,30,5,52,35,45.383183,-71.929443,233.10001,21,72.3,10.6,60,614.4,2507,0.052192,14,9,7,26,OK,,,,,,,,
S2,2019,10,30,5,52,38,0,0,0,0,72.3,10.6,60,614.4,1867,0.13048,70,38,36,100,OK,,,,,,,,
S1,2019,10,30,5,52,41,45.383472,-71.92942,232.5,22,72.3,10.6,60,614.4,2484,4.514594,3596,1508,1184,5747,OK,,,,,,,,
S2,2019,10,30,5,52,44,45.383595,-71.92942,232,22,72.3,10.6,60,614.4,1621,0.169623,107,54,50,159,OK,,,,,,,,
S1,2019,10,30,5,52,48,45.383713,-71.92942,231.7,22,72.3,10.6,60,614.4,1830,3.13151,1165,638,531,1998,OK,,,,,,,,
S2,2019,10,30,5,52,51,45.383831,-71.92942,231.2,22,72.4,10.7,60,614.4,1620,1.422228,714,356,301,1160,OK,,,,,,,,
S1,2019,10,30,5,52,54,45.383995,-71.92942,230.39999,22,72.4,10.7,60,614.4,2587,6.132541,1297,863,643,2390,OK,,,,,,,,
S2,2019,10,30,5,52,57,45.384132,-71.92942,230,22,72.4,10.7,60,614.4,2059,3.209798,959,559,443,1695,OK,,,,,,,,
S1,2019,10,30,5,53,1,45.384277,-71.92942,229.60001,22,72.3,10.7,60,614.4,2773,0.06524,15,10,8,28,OK,,,,,,,,
S2,2019,10,30,5,53,4,45.384426,-71.929413,228.89999,22,72.2,10.6,60,614.4,2726,0.417535,146,89,83,191,OK,,,,,,,,
S1,2019,10,30,5,53,7,45.384575,-71.929405,228.10001,22,72.3,10.7,60,614.4,1630,7.946208,3305,1580,1109,5583,OK,,,,,,,,
S2,2019,10,30,5,53,10,45.384773,-71.929405,227.39999,22,72.2,10.7,60,614.4,2289,0.221815,80,47,42,115,OK,,,,,,,,
S1,2019,10,30,5,53,13,45.384918,-71.929405,226.7,22,72.1,10.6,60,614.4,2610,0.052192,12,8,6,23,OK,,,,,,,,
S2,2019,10,30,5,53,17,45.385067,-71.929405,225.89999,22,72.2,10.7,60,614.4,2364,0.63935,193,117,99,278,OK,,,,,,,,
S1,2019,10,30,5,53,20,45.385208,-71.929398,225.3,22,72.2,10.7,60,614.4,2075,27.739962,5815,3576,2227,10902,OK,,,,,,,,
S2,2019,10,30,5,53,23,0,0,0,0,72.2,10.7,60,614.4,2230,1.800618,447,275,205,781,OK,,,,,,,,
S1,2019,10,30,5,53,26,45.385468,-71.929321,223.5,22,72.2,10.7,60,614.4,2838,0.143528,32,22,17,57,OK,,,,,,,,
S2,2019,10,30,5,53,29,45.385487,-71.929153,223.2,22,72.2,10.7,60,614.4,2497,0.143528,48,29,26,69,OK,,,,,,,,
S1,2019,10,30,5,53,33,45.385479,-71.928963,223,22,72.2,10.7,60,614.4,2418,0.091336,24,15,12,42,OK,,,,,,,,
S2,2019,10,30,5,53,36,45.385471,-71.928734,222.8,22,72.2,10.7,60,614.4,3196,0.247911,80,51,48,101,OK,,,,,,,,
S1,2019,10,30,5,53,39,0,0,0,0,72.1,10.7,60,614.4,1742,0.430583,205,109,98,389,OK,,,,,,,,
S2,2019,10,30,5,53,42,45.385456,-71.92849,222.89999,22,72,10.6,60,614.4,1896,0.221815,77,43,35,124,OK,,,,,,,,
S1,2019,10,30,5,53,45,45.38538,-71.928413,223.10001,22,72.1,10.7,60,614.4,2610,0.052192,12,8,6,23,OK,,,,,,,,
S2,2019,10,30,5,53,49,45.385254,-71.928406,223.10001,22,72,10.6,60,614.4,2476,0.078288,22,14,11,37,OK,,,,,,,,
S1,2019,10,30,5,53,52,45.385098,-71.928429,223.2,22,72,10.6,60,614.4,1624,5.845486,2113,1007,621,3613,OK,,,,,,,,
S2,2019,10,30,5,53,55,45.384892,-71.928467,223.2,22,72,10.6,60,614.4,2134,0.391439,97,59,42,170,OK,,,,,,,,
S1,2019,10,30,5,53,58,45.384735,-71.92849,223.39999,22,72.1,10.7,60,614.4,2560,0.06524,13,9,6,24,OK,,,,,,,,
S2,2019,10,30,5,54,2,45.384609,-71.92849,223.8,22,72.1,10.7,60,614.4,2539,0.169623,40,26,20,66,OK,,,,,,,,
S1,2019,10,30,5,54,5,45.384487,-71.92849,224.10001,22,72.1,10.7,60,614.4,1789,14.574571,7582,3396,2434,12489,OK,,,,,,,,
S2,2019,10,30,5,54,8,45.384369,-71.928497,224.60001,22,72,10.6,60,614.4,1820,0.247911,97,53,44,156,OK,,,,,,,,
S1,2019,10,30,5,54,11,45.384216,-71.928497,225.3,22,72.2,10.7,60,614.4,2507,0.052192,14,9,7,27,OK,,,,,,,,
S2,2019,10,30,5,54,14,45.384106,-71.928497,225.7,22,72.2,10.7,60,614.4,2046,0.182671,59,34,28,90,OK,,,,,,,,
S1,2019,10,30,5,54,18,45.384026,-71.928497,226.3,22,72.1,10.6,60,614.4,2773,0.06524,15,10,8,28,OK,,,,,,,,
S2,2019,10,30,5,54,21,45.383953,-71.92849,227.10001,22,72.3,10.7,60,614.4,1822,0.991645,515,227,156,851,OK,,,,,,,,
S1,2019,10,30,5,54,24,45.383892,-71.928391,228.2,22,72.3,10.7,60,614.4,2484,0.06524,15,10,7,29,OK,,,,,,,,
S2,2019,10,30,5,54,27,45.383881,-71.928154,229.8,22,72.3,10.7,60,614.4,1867,0.495822,179,99,82,297,OK,,,,,,,,
S1,2019,10,30,5,54,30,45.383881,-71.927925,230.60001,22,72.3,10.6,60,614.4,2243,5.558431,1537,930,741,2756,OK,,,,,,,,
S2,2019,10,30,5,54,34,45.383877,-71.927696,231.2,22,72.3,10.6,60,614.4,1667,0.391439,158,82,65,234,OK,,,,,,,,
S1,2019,10,30,5,54,37,45.383881,-71.927528,231.7,22,72.5,10.7,60,614.4,2298,0.078288,27,16,14,46,OK,,,,,,,,
S2,2019,10,30,5,54,40,45.383923,-71.927422,232.10001,22,72.4,10.6,60,614.4,1650,0.521918,195,100,74,320,OK,,,,,,,,
S1,2019,10,30,5,54,43,45.384075,-71.927353,232.60001,22,72.4,10.6,60,614.4,2765,5.1148,890,637,442,1623,OK,,,,,,,,
S2,2019,10,30,5,54,46,45.384243,-71.927353,232,22,72.6,10.7,60,614.4,1675,1.813666,937,488,446,1484,OK,,,,,,,,
S1,2019,10,30,5,54,50,45.384407,-71.927353,231.2,22,72.6,10.7,60,614.4,1996,0.247911,98,55,49,161,OK,,,,,,,,
S2,2019,10,30,5,54,53,45.384571,-71.927345,230.5,20,72.6,10.7,60,614.4,1754,2.257297,1137,605,563,1865,OK,,,,,,,,
S1,2019,10,30,5,54,56,0,0,0,0,72.7,10.7,60,614.4,2960,0.600206,149,99,84,224,OK,,,,,,,,
S2,2019,10,30,5,54,59,45.384857,-71.927361,229.10001,22,72.7,10.7,60,614.4,1622,0.221815,150,75,71,209,OK,,,,,,,,
S1,2019,10,30,5,55,2,45.384945,-71.927361,228.3,22,72.7,10.7,60,614.4,5521,1.891954,4150,1506,1208,6316,OK,,,,,,,,
S2,2019,10,30,5,55,6,45.385029,-71.927361,227.7,22,72.8,10.7,60,614.4,1906,0.260959,124,68,63,174,OK,,,,,,,,
S1,2019,10,30,5,55,9,45.385117,-71.927361,227.10001,22,72.8,10.7,60,614.4,2936,3.26199,2982,1205,934,4697,OK,,,,,,,,
S2,2019,10,30,5,55,12,45.385242,-71.927353,226.5,22,72.6,10.6,60,614.4,1636,0.404487,198,101,87,293,OK,,,,,,,,
S1,2019,10,30,5,55,15,45.385349,-71.927345,225.89999,22,72.8,10.7,60,614.4,2821,0.091336,24,16,13,41,OK,,,,,,,,
S2,2019,10,30,5,55,19,45.385437,-71.927269,225.60001,22,72.8,10.7,60,614.4,2362,0.260959,71,44,35,116,OK,,,,,,,,
S1,2019,10,30,5,55,22,45.385471,-71.927139,225.7,22,72.8,10.7,60,614.4,2465,0.104384,23,15,11,44,OK,,,,,,,,
S2,2019,10,30,5,55,25,45.385464,-71.926979,225.60001,22,72.7,10.7,60,614.4,1937,0.156576,49,28,21,81,OK,,,,,,,,
S1,2019,10,30,5,55,28,45.385452,-71.926735,225.60001,22,72.7,10.7,60,614.4,2610,0.078288,18,12,9,34,OK,,,,,,,,
S2,2019,10,30,5,55,31,45.385441,-71.926559,225.39999,22,72.7,10.7,60,614.4,2547,0.221815,78,47,43,103,OK,,,,,,,,
S1,2019,10,30,5,55,35,45.385437,-71.926445,225.39999,22,72.5,10.6,60,614.4,2888,0.078288,17,12,9,31,OK,,,,,,,,
S2,2019,10,30,5,55,38,45.385437,-71.926445,225.39999,22,72.6,10.7,60,614.4,2461,0.260959,86,52,46,121,OK,,,,,,,,
S1,2019,10,30,5,55,41,45.385437,-71.926445,225.39999,22,72.6,10.7,60,614.4,2888,0.078288,17,12,9,31,OK,,,,,,,,
S2,2019,10,30,5,55,44,45.385437,-71.926445,225.39999,22,72.6,10.7,60,614.4,1776,0.169623,59,32,25,92,OK,,,,,,,,
S1,2019,10,30,6,6,32,45.38229,-71.944107,197.39999,24,71.5,10.7,60,614.4,1671,2.753119,983,511,377,1750,OK,,,,,,,,
S2,2019,10,30,6,6,34,45.38229,-71.944107,197.3,23,72.7,10.7,60,614.4,2723,19.911186,4788,3136,2553,8443,OK,,4845.5,3184.5,2585,,Triolet ,,
S1,2019,10,30,6,6,37,45.38229,-71.944107,197.2,24,72.6,10.6,60,614.4,0,0,0,0,0,0,OK,,,,,,,,
S2,2019,10,30,6,6,41,45.38229,-71.944107,197.10001,24,72.6,10.6,60,614.4,2731,20.289577,4838,3177,2580,8533,OK,,,,,,,,
S1,2019,10,30,6,6,44,45.38229,-71.944107,197.10001,23,72.6,10.6,60,614.4,0,0,0,0,0,0,OK,,,,,,,,
S2,2019,10,30,6,6,47,0,0,0,0,72.6,10.6,60,614.4,1943,0.287055,142,78,74,212,OK,,,,,,,,
S1,2019,10,30,6,6,50,45.38229,-71.944107,197.10001,24,72.6,10.6,60,614.4,0,0,0,0,0,0,OK,,,,,,,,
S1,2019,10,30,6,6,59,45.38229,-71.944107,197.10001,24,72.6,10.6,60,614.4,0,0,0,0,0,0,OK,,,,,,,,
S2,2019,10,30,6,7,1,45.38229,-71.944107,197.10001,24,72.6,10.6,60,614.4,2723,20.224337,4837,3172,2576,8527,OK,,,,,,,,
S1,2019,10,30,6,7,4,45.38229,-71.944107,197.10001,24,72.7,10.6,60,614.4,0,0,0,0,0,0,OK,,,,,,,,
S2,2019,10,30,6,7,8,45.38229,-71.944107,197.2,24,72.7,10.6,60,614.4,2736,20.485296,4863,3198,2594,8584,OK,,,,,,,,
S1,2019,10,30,6,7,11,45.38229,-71.944107,197.2,24,72.7,10.6,60,614.4,0,0,0,0,0,0,OK,,,,,,,,
S2,2019,10,30,6,7,14,45.38229,-71.944107,197.3,24,72.7,10.6,60,614.4,2746,20.681015,4886,3220,2610,8633,OK,,,,,,,,
S1,2019,10,30,6,7,17,45.38229,-71.944107,197.3,24,72.7,10.6,60,614.4,0,0,0,0,0,0,OK,,,,,,,,
S2,2019,10,30,6,7,21,45.38229,-71.944107,197.39999,24,72.7,10.6,60,614.4,2747,20.58968,4861,3204,2597,8583,OK,,,,,,,,
S1,2019,10,30,6,7,24,45.38229,-71.944107,197.5,23,72.8,10.6,60,614.4,1677,7.998399,2825,1474,1087,5023,OK,,,,,,,,
S2,2019,10,30,6,7,27,45.382294,-71.944115,198.39999,23,72.8,10.6,60,614.4,2714,21.137695,5081,3325,2703,8900,OK,,,,,,,,
S1,2019,10,30,6,20,14,0,0,0,0,72,10.7,60,614.4,40943,0,1,0,0,1,OK,,,,,,,,
S2,2019,10,30,6,20,17,45.379536,-71.947792,201.2,22,72.9,10.7,60,614.4,1678,8.415934,1649,863,248,3206,OK,,1649,862.8,248.4,,Triolet Toaster,,
S1,2019,10,30,6,20,20,45.379536,-71.947792,201.2,21,72.9,10.6,60,614.4,0,0,0,0,0,0,OK,,,,,,,,
S2,2019,10,30,6,20,23,45.379536,-71.947792,201.2,22,72.9,10.6,60,614.4,1677,8.389837,1646,861,248,3199,OK,,,,,,,,
S1,2019,10,30,6,20,26,45.379536,-71.947792,201.3,22,72.9,10.6,60,614.4,0,0,0,0,0,0,OK,,,,,,,,
S2,2019,10,30,6,20,29,45.379536,-71.947792,201.3,22,72.9,10.6,60,614.4,1677,8.402886,1648,862,248,3203,OK,,,,,,,,
S1,2019,10,30,6,20,33,45.379539,-71.947792,201.39999,22,72.9,10.6,60,614.4,0,0,0,0,0,0,OK,,,,,,,,
S2,2019,10,30,6,20,36,45.379539,-71.947792,201.39999,22,73,10.6,60,614.4,1677,8.415934,1651,864,249,3208,OK,,,,,,,,
S1,2019,10,30,6,20,39,0,0,0,0,73,10.6,60,614.4,0,0,0,0,0,0,OK,,,,,,,,
S2,2019,10,30,6,20,42,45.379539,-71.947792,201.5,21,73,10.6,60,614.4,1677,8.415934,1651,864,249,3208,OK,,,,,,,,
S1,2019,10,30,6,20,45,45.379539,-71.947792,201.5,22,73.1,10.6,60,614.4,0,0,0,0,0,0,OK,,,,,,,,
S2,2019,10,30,6,20,49,45.379539,-71.947792,201.5,22,73.1,10.6,60,614.4,1679,8.063639,1576,826,237,3058,OK,,,,,,,,
S1,2019,10,30,6,20,52,45.379539,-71.947792,201.60001,22,73.1,10.6,60,614.4,3242,0.013048,2,2,1,5,OK,,,,,,,,
S2,2019,10,30,6,20,55,0,0,0,0,73.1,10.6,60,614.4,1858,11.443061,1981,1173,452,4102,OK,,,,,,,,
S1,2019,10,30,6,28,19,0,0,0,0,71.1,10.7,60,614.4,3568,0.078288,10,9,6,24,OK,,,,,,,,
S2,2019,10,30,6,28,21,45.379429,-71.946632,196.7,23,72.4,10.7,60,614.4,8890,0,1,1,1,2,OK,,,,,,,,
S1,2019,10,30,6,28,25,45.379429,-71.946632,196.7,23,72.2,10.6,60,614.4,5070,22.625162,1199,1915,1228,4578,OK,,,,,,,,
S2,2019,10,30,6,28,28,45.379429,-71.946632,196.8,23,72.2,10.6,60,614.4,0,0,0,0,0,0,OK,,,,,,,,
S1,2019,10,30,6,28,31,45.379429,-71.946632,196.8,23,72.2,10.6,60,614.4,3785,0.013048,0,1,0,1,OK,,,,,,,,
S2,2019,10,30,6,28,34,45.379429,-71.946632,196.8,23,72.3,10.6,60,614.4,4185,26.670029,2300,2537,1658,6972,OK,,2286.8,2516,1645.8,,Triolet Arna,,
S1,2019,10,30,6,28,37,45.379429,-71.946632,196.89999,23,72.3,10.6,60,614.4,0,0,0,0,0,0,OK,,,,,,,,
S2,2019,10,30,6,28,41,45.379429,-71.946632,196.89999,21,72.4,10.6,60,614.4,4184,26.539551,2291,2526,1651,6954,OK,,,,,,,,
S1,2019,10,30,6,28,44,45.379429,-71.946632,197,23,72.4,10.6,60,614.4,0,0,0,0,0,0,OK,,,,,,,,
S2,2019,10,30,6,28,47,45.379429,-71.946632,197.10001,23,72.4,10.6,60,614.4,4181,26.422117,2285,2516,1645,6938,OK,,,,,,,,
S1,2019,10,30,6,28,50,45.379429,-71.946632,197.3,23,72.5,10.6,60,614.4,0,0,0,0,0,0,OK,,,,,,,,
S2,2019,10,30,6,28,54,45.379429,-71.94664,197.5,23,72.5,10.6,60,614.4,4176,26.291637,2282,2507,1640,6927,OK,,,,,,,,
S1,2019,10,30,6,28,57,45.379429,-71.94664,197.5,23,72.5,10.6,60,614.4,0,0,0,0,0,0,OK,,,,,,,,
S2,2019,10,30,6,29,0,45.379429,-71.94664,197.60001,23,72.5,10.6,60,614.4,4177,26.095917,2276,2494,1635,6914,OK,,,,,,,,
S1,2019,10,30,6,29,3,45.379429,-71.94664,197.60001,23,72.6,10.6,60,614.4,5047,22.794785,1231,1938,1245,4646,OK,,,,,,,,
S2,2019,10,30,6,29,6,45.379429,-71.94664,197.60001,23,72.6,10.6,60,614.4,4116,28.822943,2517,2742,1778,7524,OK,,,,,,,,
S1,2019,10,30,7,12,46,0,0,0,0,61.4,12.8,60,614.4,2934,8.298502,7622,3088,2409,11986,OK,,,,,,,,
S2,2019,10,30,7,12,49,0,0,0,0,63,12.7,60,614.4,1824,4.697266,2252,1216,1131,3473,OK,,,,,,,,
S1,2019,10,30,7,12,56,0,0,0,0,63,12.7,60,614.4,3522,6.184733,6805,2673,2097,10673,OK,,,,,,,,
S2,2019,10,30,7,12,58,45.467751,-71.93306,177.7,14,62.9,12.6,60,614.4,1708,5.206136,2707,1424,1324,4556,OK,,,,,,,,
S1,2019,10,30,7,13,1,45.467796,-71.93309,175.60001,20,62.8,12.6,60,614.4,3184,1.174316,257,179,149,339,OK,,,,,,,,
S2,2019,10,30,7,13,4,45.467865,-71.933167,176.10001,14,62.8,12.6,60,614.4,1785,0.117432,50,27,23,81,OK,,,,,,,,
S1,2019,10,30,7,13,8,45.467934,-71.93325,176,20,62.8,12.6,60,614.4,1906,9.472818,2845,1610,1217,5072,OK,,,,,,,,
S2,2019,10,30,7,13,11,45.468014,-71.933342,175.8,20,62.8,12.6,60,614.4,2097,4.919081,1715,987,852,2848,OK,,,,,,,,
S1,2019,10,30,7,13,14,45.468128,-71.933464,174.8,20,62.7,12.6,60,614.4,1687,0.247911,160,77,69,301,OK,,,,,,,,
S2,2019,10,30,7,13,17,45.468231,-71.933571,174.3,20,62.7,12.6,60,614.4,2297,18.515055,4245,2673,1942,7840,OK,,,,,,,,
S1,2019,10,30,7,13,20,45.468353,-71.933693,173.8,20,62.7,12.6,60,614.4,1676,0.795925,180,94,39,341,OK,,,,,,,,
S2,2019,10,30,7,13,24,45.468475,-71.933807,173.10001,20,62.7,12.6,60,614.4,1628,1.513563,464,214,96,879,OK,,,,,,,,
S1,2019,10,30,7,13,27,45.468609,-71.933929,172.60001,20,62.7,12.6,60,614.4,1707,3.288086,636,342,111,1215,OK,,,,,,,,
S2,2019,10,30,7,13,30,45.4688,-71.934082,171.7,20,62.6,12.5,60,614.4,1657,5.649766,1200,614,200,2171,OK,,,,,,,,
S1,2019,10,30,7,13,33,45.468948,-71.934174,171.10001,20,62.7,12.5,60,614.4,5130,4.201443,7684,2815,2221,11636,OK,,,,,,,,
S2,2019,10,30,7,13,37,45.469116,-71.934273,170.7,20,62.6,12.5,60,614.4,1640,0.156576,82,42,37,123,OK,,,,,,,,
S1,2019,10,30,7,13,40,45.46928,-71.934349,170.5,20,62.6,12.5,60,614.4,1625,17.001492,7623,3696,2808,12731,OK,,,,,,,,
S2,2019,10,30,7,13,43,45.469429,-71.934418,170.5,20,62.6,12.5,60,614.4,1788,0.143528,65,35,31,93,OK,,,,,,,,
S1,2019,10,30,7,13,46,45.469627,-71.934502,170.60001,20,62.6,12.5,60,614.4,2036,16.192516,9901,4249,3075,16095,OK,,,,,,,,
S2,2019,10,30,7,13,49,45.469776,-71.934578,170.8,20,62.5,12.5,60,614.4,2519,0.274007,81,50,43,115,OK,,,,,,,,
S1,2019,10,30,7,13,53,45.469929,-71.934639,170.5,20,62.5,12.5,60,614.4,1620,30.179928,10848,5245,3338,18304,OK,,,,,,,,
S2,2019,10,30,7,13,56,45.470078,-71.934708,170.7,20,62.5,12.5,60,614.4,1783,0.548014,174,95,70,286,OK,,,,,,,,
S1,2019,10,30,7,13,59,0,0,0,0,62.4,12.5,60,614.4,4843,5.440999,8942,3315,2612,13615,OK,,,,,,,,
S2,2019,10,30,7,14,2,45.470417,-71.934845,169.39999,20,62.2,12.4,60,614.4,1621,0.182671,95,47,40,145,OK,,,,,,,,
S1,2019,10,30,7,14,5,45.470558,-71.934914,169.10001,20,62.2,12.4,60,614.4,1996,3.535997,2343,1037,826,3653,OK,,,,,,,,
S2,2019,10,30,7,14,9,45.470711,-71.934975,168.89999,20,62.1,12.4,60,614.4,2050,0.221815,143,62,47,219,OK,,,,,,,,
S1,2019,10,30,7,14,12,45.470863,-71.935043,168.60001,20,62.1,12.4,60,614.4,1683,10.125216,3330,1443,574,5538,OK,,,,,,,,
S2,2019,10,30,7,14,15,45.471081,-71.93515,168.2,20,62.1,12.4,60,614.4,1791,0.756782,245,134,100,395,OK,,,,,,,,
S1,2019,10,30,7,14,18,45.471252,-71.935234,168.2,20,62.1,12.4,60,614.4,2170,6.197781,1521,928,677,2672,OK,,,,,,,,
S2,2019,10,30,7,14,21,45.471409,-71.935303,168,15,62.1,12.4,60,614.4,1819,0.378391,137,75,61,209,OK,,,,,,,,
S1,2019,10,30,7,14,25,45.471558,-71.935394,168.10001,20,62.1,12.4,60,614.4,1982,12.591281,7749,3382,2537,12625,OK,,,,,,,,
S2,2019,10,30,7,14,28,45.471703,-71.935478,168.2,20,62.1,12.4,60,614.4,1629,0.247911,126,64,56,196,OK,,,,,,,,
S1,2019,10,30,7,14,31,45.471889,-71.935638,165.89999,20,62.1,12.4,60,614.4,1639,10.855903,4358,2219,1715,7292,OK,,,,,,,,
S2,2019,10,30,7,14,34,45.472027,-71.935776,165.2,14,62.1,12.4,60,614.4,1866,0.234863,81,45,36,132,OK,,,,,,,,
S1,2019,10,30,7,14,38,45.472168,-71.935951,164.5,15,62.1,12.3,60,614.4,1637,8.154975,2938,1488,1051,4991,OK,,,,,,,,
S2,2019,10,30,7,14,41,45.472301,-71.936119,163.60001,20,62.1,12.3,60,614.4,2273,0.391439,126,75,64,205,OK,,,,,,,,
S1,2019,10,30,7,14,44,45.472416,-71.936287,163,20,62.2,12.3,60,614.4,2351,0.665446,186,114,93,332,OK,,,,,,,,
S2,2019,10,30,7,14,47,45.472565,-71.936539,160.89999,20,62.2,12.3,60,614.4,2465,1.383084,978,394,271,1512,OK,,,,,,,,
S1,2019,10,30,7,14,50,45.472664,-71.936752,159.7,20,62.2,12.3,60,614.4,1662,0.104384,31,16,9,55,OK,,,,,,,,
S2,2019,10,30,7,14,54,45.472748,-71.936966,159,20,62.2,12.3,60,614.4,1664,0.221815,86,39,22,139,OK,,,,,,,,
S1,2019,10,30,7,14,57,45.472832,-71.937187,158.10001,20,62.2,12.3,60,614.4,2552,1.683187,525,322,284,987,OK,,,,,,,,
S2,2019,10,30,7,15,0,0,0,0,0,62.2,12.2,60,614.4,1626,0.404487,179,90,71,272,OK,,,,,,,,
S1,2019,10,30,7,15,3,45.473011,-71.93766,157.10001,20,62.3,12.3,60,614.4,3267,4.188395,947,658,559,1745,OK,,,,,,,,
S2,2019,10,30,7,15,6,45.473087,-71.937874,157.10001,20,62.2,12.2,60,614.4,2431,0.391439,102,64,51,184,OK,,,,,,,,
S1,2019,10,30,7,15,10,45.473164,-71.938072,157.2,20,62.2,12.2,60,614.4,1982,0.039144,12,7,5,22,OK,,,,,,,,
S2,2019,10,30,7,15,13,45.47324,-71.938263,157.39999,20,62.2,12.2,60,614.4,1659,0.078288,31,16,12,51,OK,,,,,,,,
S1,2019,10,30,7,15,16,45.473331,-71.938515,157.39999,20,62.2,12.2,60,614.4,1763,8.63775,1543,867,280,2876,OK,,,,,,,,
S2,2019,10,30,7,15,19,45.4734,-71.938705,157,20,62.2,12.2,60,614.4,1621,0.260959,113,56,42,191,OK,,,,,,,,
S1,2019,10,30,7,15,22,45.473484,-71.938911,156.60001,20,62.2,12.2,60,614.4,2612,4.958225,1455,906,788,2476,OK,,,,,,,,
S2,2019,10,30,7,15,26,45.473572,-71.939133,156.2,15,62.2,12.2,60,614.4,1787,0.730686,389,175,128,594,OK,,,,,,,,
S1,2019,10,30,7,15,29,45.473652,-71.939354,155.89999,20,62.2,12.1,60,614.4,3180,0.300103,83,55,49,124,OK,,,,,,,,
S2,2019,10,30,7,15,32,45.473755,-71.939629,155.3,20,62.2,12.1,60,614.4,1951,0.313151,112,63,53,165,OK,,,,,,,,
S1,2019,10,30,7,15,35,45.473835,-71.93985,154.39999,20,62.3,12.1,60,614.4,2229,6.537028,1759,1067,835,3235,OK,,,,,,,,
S2,2019,10,30,7,15,39,45.473911,-71.940063,154,20,62.3,12.1,60,614.4,9187,15.500975,1766,2040,1992,5705,OK,,,,,,,,
S1,2019,10,30,7,15,42,45.474003,-71.940277,154.7,20,62.4,12.1,60,614.4,1981,0.782878,116,74,26,200,OK,,,,,,,,
S2,2019,10,30,7,15,45,45.474075,-71.940491,154.89999,20,62.4,12.1,60,614.4,1629,0.182671,81,39,29,132,OK,,,,,,,,
S1,2019,10,30,7,15,48,45.474171,-71.94075,153.60001,20,62.5,12.1,60,614.4,2254,3.105414,944,564,471,1607,OK,,,,,,,,
S2,2019,10,30,7,15,51,45.474243,-71.940941,152.89999,20,62.6,12.1,60,614.4,2146,0.391439,105,63,48,190,OK,,,,,,,,
S1,2019,10,30,7,15,55,45.474319,-71.941139,152.7,20,62.6,12.1,60,614.4,2732,9.681586,1927,1323,984,3761,OK,,,,,,,,
S2,2019,10,30,7,15,58,45.474388,-71.941338,152.39999,20,62.6,12,60,614.4,1875,0.182671,61,34,27,94,OK,,,,,,,,
S1,2019,10,30,7,16,1,0,0,0,0,62.6,12,60,614.4,1763,10.020833,3370,1823,1387,5842,OK,,,,,,,,
S2,2019,10,30,7,16,4,45.474548,-71.941795,151.8,20,62.7,12,60,614.4,1655,0.247911,99,51,40,172,OK,,,,,,,,
S1,2019,10,30,7,16,7,45.474625,-71.941994,152,20,62.8,12,60,614.4,1797,24.947699,6842,3785,2515,12417,OK,,,,,,,,
S2,2019,10,30,7,16,11,45.474697,-71.942177,151.8,20,62.9,12,60,614.4,1622,0.300103,118,57,39,193,OK,,,,,,,,
S1,2019,10,30,7,16,14,45.47477,-71.942368,151.89999,20,63,12,60,614.4,1694,5.088704,1709,736,295,2834,OK,,,,,,,,
S2,2019,10,30,7,16,17,0,0,0,0,63,12,60,614.4,2617,2.883599,2323,951,718,3612,OK,,,,,,,,
S1,2019,10,30,7,16,20,45.474968,-71.942841,152.8,15,63.1,12,60,614.4,2083,7.959256,2425,1415,1142,4239,OK,,,,,,,,
S2,2019,10,30,7,16,23,45.475067,-71.943039,153,15,63.2,12,60,614.4,1860,0.808973,458,203,149,731,OK,,,,,,,,
S1,2019,10,30,7,16,27,45.475159,-71.94323,153,20,63.3,11.9,60,614.4,2223,0.06524,16,10,7,28,OK,,,,,,,,
S2,2019,10,30,7,16,30,45.475246,-71.943436,152.89999,20,63.4,11.9,60,614.4,1777,0.848117,417,185,124,635,OK,,,,,,,,
S1,2019,10,30,7,16,33,45.475327,-71.943726,152.7,20,63.4,11.9,60,614.4,1833,0.078288,27,15,11,48,OK,,,,,,,,
S2,2019,10,30,7,16,36,45.475307,-71.943962,152.5,20,63.6,11.9,60,614.4,1655,0.274007,135,64,49,206,OK,,,,,,,,
S1,2019,10,30,7,16,40,45.475273,-71.944176,152.3,20,63.8,11.9,60,614.4,2448,1.265652,352,218,181,620,OK,,,,,,,,
S2,2019,10,30,7,16,43,45.475239,-71.944397,152.2,20,63.8,11.9,60,614.4,1866,0.469727,129,73,50,236,OK,,,,,,,,
S1,2019,10,30,7,16,46,45.475216,-71.944626,152,20,63.9,11.9,60,614.4,2090,0.078288,22,13,10,39,OK,,,,,,,,
S2,2019,10,30,7,16,49,45.475166,-71.944893,151.7,21,64,11.9,60,614.4,1669,0.274007,104,54,41,161,OK,,,,,,,,
S1,2019,10,30,7,16,52,45.475136,-71.945068,151.60001,21,64.1,11.9,60,614.4,2215,0.078288,19,12,8,33,OK,,,,,,,,
S2,2019,10,30,7,16,56,45.475105,-71.945251,151.39999,21,64.2,11.9,60,614.4,3491,0.104384,107,39,25,158,OK,,,,,,,,
S1,2019,10,30,7,16,59,45.475082,-71.945457,152.10001,21,64.2,11.9,60,614.4,1801,0.104384,25,14,8,44,OK,,,,,,,,
S2,2019,10,30,7,17,2,45.475056,-71.945679,152.3,21,64.3,11.9,60,614.4,1920,0.404487,135,76,61,202,OK,,,,,,,,
S1,2019,10,30,7,17,5,45.475018,-71.945969,152.7,21,64.3,11.8,60,614.4,2650,0.182671,46,30,24,74,OK,,,,,,,,
S2,2019,10,30,7,17,8,45.474991,-71.946152,152.2,21,64.3,11.8,60,614.4,1842,0.300103,105,58,46,173,OK,,,,,,,,
S1,2019,10,30,7,17,12,45.474968,-71.946335,151.89999,21,64.4,11.8,60,614.4,2427,4.384114,3344,1397,1069,5396,OK,,,,,,,,
S2,2019,10,30,7,17,15,45.474945,-71.946503,151.39999,21,64.5,11.8,60,614.4,1620,0.104384,52,26,22,76,OK,,,,,,,,
S1,2019,10,30,7,17,18,0,0,0,0,64.6,11.8,60,614.4,1942,9.825113,5683,2471,1778,9142,OK,,,,,,,,
S2,2019,10,30,7,17,21,45.474876,-71.94693,150.8,21,64.7,11.8,60,614.4,2214,0.156576,72,41,39,94,OK,,,,,,,,
S1,2019,10,30,7,17,24,45.47485,-71.947136,150.39999,21,64.8,11.8,60,614.4,2407,0.339247,127,75,69,209,OK,,,,,,,,
S2,2019,10,30,7,17,28,45.474815,-71.947319,149.89999,21,64.9,11.8,60,614.4,2058,0.352295,232,101,78,345,OK,,,,,,,,
S1,2019,10,30,7,17,31,45.4748,-71.947472,149.10001,21,65,11.8,60,614.4,2200,0.078288,31,18,16,51,OK,,,,,,,,
S2,2019,10,30,7,17,34,45.474773,-71.947685,148.60001,21,65,11.8,60,614.4,1786,0.169623,121,57,51,171,OK,,,,,,,,
S1,2019,10,30,7,17,37,45.474743,-71.947891,148.10001,21,65.1,11.8,60,614.4,2330,0.104384,35,21,18,55,OK,,,,,,,,
S2,2019,10,30,7,17,40,45.47472,-71.948067,147.8,22,65.2,11.7,60,614.4,1664,0.300103,160,83,76,216,OK,,,,,,,,
S1,2019,10,30,7,17,44,45.474693,-71.948196,147.8,22,65.3,11.7,60,614.4,5334,2.126817,4272,1583,1296,6582,OK,,,,,,,,
S2,2019,10,30,7,17,47,45.474674,-71.948311,147.60001,22,65.4,11.7,60,614.4,1913,0.300103,121,67,59,170,OK,,,,,,,,
S1,2019,10,30,7,17,50,45.474655,-71.948463,147.3,22,65.5,11.8,60,614.4,2908,0.782878,223,143,127,376,OK,,,,,,,,
S2,2019,10,30,7,17,53,45.47464,-71.948608,147.2,22,65.5,11.7,60,614.4,1620,0.234863,101,50,38,161,OK,,,,,,,,
S1,2019,10,30,7,17,57,45.474613,-71.948761,147.39999,22,65.6,11.7,60,614.4,3628,0.561062,100,77,62,154,OK,,,,,,,,
S2,2019,10,30,7,18,0,45.474575,-71.948914,147.10001,22,65.6,11.7,60,614.4,2469,0.104384,29,18,15,47,OK,,,,,,,,
S1,2019,10,30,7,18,3,45.474522,-71.949043,146.39999,22,65.7,11.7,60,614.4,3025,0.091336,26,17,15,39,OK,,,,,,,,
S2,2019,10,30,7,18,6,45.474426,-71.94915,145.39999,22,65.7,11.7,60,614.4,1930,0.835069,226,130,92,389,OK,,,,,,,,
S1,2019,10,30,7,18,9,45.474396,-71.949265,145.39999,22,65.8,11.7,60,614.4,1969,5.206136,1512,870,659,2711,OK,,,,,,,,
S2,2019,10,30,7,18,13,45.474438,-71.949409,145.39999,21,65.8,11.7,60,614.4,1768,0.169623,59,32,24,96,OK,,,,,,,,
S1,2019,10,30,7,18,16,45.474522,-71.949577,145.60001,21,65.6,11.6,60,614.4,2065,41.492512,8693,5334,3301,16357,OK,,,,,,,,
S2,2019,10,30,7,18,19,0,0,0,0,65.8,11.7,60,614.4,2315,0.848117,165,108,70,318,OK,,,,,,,,
S1,2019,10,30,7,18,22,45.474712,-71.949959,147.10001,21,65.9,11.7,60,614.4,2141,1.696235,671,383,350,1249,OK,,,,,,,,
S2,2019,10,30,7,18,25,45.474789,-71.950104,147.60001,20,65.9,11.7,60,614.4,1641,0.404487,157,80,60,258,OK,,,,,,,,
S1,2019,10,30,7,18,29,45.474869,-71.950264,148.39999,22,66,11.7,60,614.4,2145,0.143528,44,26,21,77,OK,,,,,,,,
S2,2019,10,30,7,18,32,45.47496,-71.950447,149.39999,22,66,11.6,60,614.4,1625,0.300103,134,65,49,213,OK,,,,,,,,
S1,2019,10,30,7,18,35,45.475094,-71.950722,150.89999,23,66,11.7,60,614.4,3192,8.624701,1676,1209,960,3259,OK,,,,,,,,
S2,2019,10,30,7,18,38,45.475185,-71.950897,152,22,66,11.6,60,614.4,1924,0.260959,85,48,38,139,OK,,,,,,,,
S1,2019,10,30,7,18,41,45.475262,-71.951057,152.89999,23,66.1,11.6,60,614.4,2212,7.189426,1789,1096,817,3218,OK,,,,,,,,
S2,2019,10,30,7,18,45,45.475334,-71.951218,153.8,23,66.1,11.6,60,614.4,1738,0.260959,103,55,45,164,OK,,,,,,,,
S1,2019,10,30,7,18,48,45.475414,-71.951378,154.3,23,66.2,11.6,60,614.4,2881,3.888292,844,575,458,1579,OK,,,,,,,,
S2,2019,10,30,7,18,51,45.475513,-71.951614,155.60001,24,66.2,11.6,60,614.4,1620,0.378391,153,75,54,258,OK,,,,,,,,
S1,2019,10,30,7,18,54,45.475491,-71.951797,156.2,24,66.2,11.6,60,614.4,2309,1.578803,595,347,319,1009,OK,,,,,,,,
S2,2019,10,30,7,18,58,45.475391,-71.951927,157,24,66.2,11.6,60,614.4,1638,0.091336,45,23,20,68,OK,,,,,,,,
S1,2019,10,30,7,19,1,45.475273,-71.952042,157.7,22,66.3,11.6,60,614.4,2625,0.861165,297,180,166,555,OK,,,,,,,,
S2,2019,10,30,7,19,4,45.475147,-71.952171,157.89999,24,66.3,11.6,60,614.4,1867,0.06524,31,17,15,46,OK,,,,,,,,
S1,2019,10,30,7,19,7,45.474998,-71.952316,158,22,66.4,11.5,60,614.4,2889,0.234863,47,33,25,83,OK,,,,,,,,
S2,2019,10,30,7,19,10,45.474888,-71.952423,158.2,24,66.4,11.5,60,614.4,1670,0.221815,77,40,28,124,OK,,,,,,,,
S1,2019,10,30,7,19,14,45.47477,-71.95253,159.39999,24,66.4,11.5,60,614.4,1866,0.052192,14,8,5,25,OK,,,,,,,,
S2,2019,10,30,7,19,17,45.474651,-71.952621,160.60001,24,66.4,11.5,60,614.4,2077,0.13048,41,24,19,61,OK,,,,,,,,
S1,2019,10,30,7,19,20,0,0,0,0,66.5,11.5,60,614.4,1689,2.074625,437,231,86,865,OK,,,,,,,,
S2,2019,10,30,7,19,23,45.474422,-71.952843,162.3,24,66.5,11.5,60,614.4,1633,0.300103,111,52,31,184,OK,,,,,,,,
S1,2019,10,30,7,19,26,45.474327,-71.952927,163.10001,24,66.7,11.5,60,614.4,2253,0.57411,170,102,84,297,OK,,,,,,,,
S2,2019,10,30,7,19,30,45.474239,-71.953026,163.2,24,66.7,11.5,60,614.4,1629,0.195719,95,46,36,146,OK,,,,,,,,
S1,2019,10,30,7,19,33,45.474148,-71.953117,162.89999,23,66.7,11.5,60,614.4,2418,0.052192,16,10,8,28,OK,,,,,,,,
S2,2019,10,30,7,19,36,0,0,0,0,66.8,11.5,60,614.4,2166,0.208767,66,39,32,102,OK,,,,,,,,
S1,2019,10,30,7,19,39,45.473915,-71.953369,163.10001,24,66.8,11.5,60,614.4,3058,2.009386,484,326,277,878,OK,,,,,,,,
S2,2019,10,30,7,19,42,45.473839,-71.953461,163.3,23,66.9,11.5,60,614.4,1649,0.495822,170,87,60,278,OK,,,,,,,,
S1,2019,10,30,7,19,46,45.473812,-71.95356,163.10001,24,66.9,11.5,60,614.4,1725,0.091336,26,14,8,47,OK,,,,,,,,
S2,2019,10,30,7,19,49,45.473831,-71.95369,162.5,24,66.9,11.5,60,614.4,1639,0.156576,59,30,22,95,OK,,,,,,,,
S1,2019,10,30,7,19,52,45.473915,-71.953873,162.3,24,66.9,11.5,60,614.4,2002,9.329291,5189,2190,1444,8174,OK,,,,,,,,
S2,2019,10,30,7,19,55,45.473988,-71.954002,162.39999,23,66.9,11.5,60,614.4,1857,0.156576,56,31,25,85,OK,,,,,,,,
S1,2019,10,30,7,19,59,45.474056,-71.954147,162.5,24,66.9,11.5,60,614.4,2155,13.883029,3633,2189,1654,6512,OK,,,,,,,,
S2,2019,10,30,7,20,2,45.474129,-71.954285,162.60001,24,66.9,11.5,60,614.4,1682,0.534966,222,116,95,344,OK,,,,,,,,
S1,2019,10,30,7,20,5,45.474197,-71.95443,162.8,24,66.8,11.4,60,614.4,2157,1.004693,356,206,181,602,OK,,,,,,,,
S2,2019,10,30,7,20,8,45.474289,-71.95462,162.89999,23,66.9,11.5,60,614.4,1620,0.234863,118,59,50,171,OK,,,,,,,,
S1,2019,10,30,7,20,11,45.474354,-71.95475,162.89999,22,66.8,11.4,60,614.4,3164,0.57411,103,76,58,147,OK,,,,,,,,
S2,2019,10,30,7,20,15,45.474384,-71.954834,163,24,66.8,11.4,60,614.4,4547,0.365343,49,45,36,101,OK,,,,,,,,
S1,2019,10,30,7,20,18,45.474369,-71.954887,163.2,24,66.8,11.4,60,614.4,2610,0.052192,12,8,6,22,OK,,,,,,,,
S2,2019,10,30,7,20,21,0,0,0,0,66.8,11.4,60,614.4,1772,0.104384,31,17,11,52,OK,,,,,,,,
S1,2019,10,30,7,20,24,45.474262,-71.955017,163.7,24,66.8,11.4,60,614.4,2319,0.039144,11,7,5,20,OK,,,,,,,,
S2,2019,10,30,7,20,27,45.474239,-71.955048,163.8,24,66.8,11.4,60,614.4,1623,0.365343,114,56,31,178,OK,,,,,,,,
S1,2019,10,30,7,20,31,45.474239,-71.95504,163.7,24,66.8,11.4,60,614.4,2319,0.039144,11,7,5,20,OK,,,,,,,,
S2,2019,10,30,7,20,34,45.474239,-71.95504,163.7,24,66.8,11.4,60,614.4,1621,0.339247,104,49,23,176,OK,,,,,,,,