R,G,B,C,R/G,B/G,R/C,B/C,G/C,MSI,SLI,IPI,fname
49547130873.734024,34873999297.99872,22101171034.422836,107277157900.26674,1.4207470284768096,0.6337435189342089,0.46186095757492873,0.3250831768904646,0.20601935646887493,0.28036122209152947,0.4922806775538279,0.6754737513236717,LSPDD/lampdump/LED_BR30Flood-SlimStyle_domestic-use_softwhite-color_Philips-brand_9.5W_120V_68Lm_2700K
333078589953.5114,435934920690.06067,317616992558.0499,1122858958429.7915,0.764055766457678,0.7285880930467327,0.29663439691418525,0.3882365789730823,0.28286454872498523,0.5487549418424391,0.6967997378052838,0.6229525995094476,LSPDD/lampdump/LED_Ceiling-light_domestic-use_coolwhite-color_RAB-design-brand_14W_5000K_88Lum_120V
367404613023.399,255689000291.65155,136604593918.0047,767368895666.78,1.4369199011467801,0.5342607377016091,0.47878486487799954,0.33320219484460467,0.17801685042147378,0.22839251299788327,0.4324700657172524,0.639113612287883,LSPDD/lampdump/LED_MR16_domestic-use_warm_softwhite-color_Philips-brand_10W_120V_40.5Lm_2700K
162300860520.66446,100155155801.63306,61861032733.535484,325243951974.3393,1.6204943142629318,0.6176520044165996,0.49901269350419614,0.3079385648638748,0.19019887182534334,0.24920295687280117,0.44231095586560665,0.6727146206374555,LSPDD/lampdump/LED_PAR20_domestic-use_softwhite-color_TCP-brand_10W_120V_60Lm_2400K
196865620486.8238,143049336746.8479,77774084387.465,419549347498.166,1.3762078522266321,0.5436871372923633,0.4692311444667051,0.3409595023800465,0.1853752957816362,0.24703201979578573,0.43965965959588765,0.6608178087780825,LSPDD/lampdump/LED_Encaster7inchCalculite_domestic-use_softwhite-color_Philips-brand_22W_1500lm_3000K
4200965181.2039394,2155581206.6823673,1293556285.6685014,7295442537.609682,1.9488781810589273,0.6000962903454704,0.5758341813463678,0.2954695613829937,0.1773101876959378,0.12207290068808414,0.2437911298302743,0.5050264054525887,LSPDD/lampdump/HPS_Helios_streetlight-use_warmwhite-color_Philipps-brand_100W_2010K
119406293160.3755,91293829621.57185,53106303501.839264,267194394889.5371,1.30793388398027,0.5817074792674789,0.44688921416087407,0.34167569143549714,0.19875530519191598,0.284331339130681,0.4943955781923312,0.6432745224450411,LSPDD/lampdump/LED_A19_dim_domestic-use_softwhite-color_EnergySmart-brand_13W_61.5Lum_3000K_25000H
335032666025.2389,292145354540.3428,206940627524.27838,845872738535.4059,1.1468012782622348,0.7083481708955316,0.3960792809156307,0.3453774323619656,0.2446474724821935,0.4158384258111768,0.5798167861009008,0.6932123200347072,LSPDD/lampdump/LED_PAR30_dim_domestic-use_softwhite-color_Standard-brand_9W_57.8Lum_120V_3000K
398611784450.36127,302934525238.59656,181980983608.40396,894585008161.251,1.315834780259555,0.6007271157523975,0.4455829024786324,0.3386313457915583,0.20342503166071554,0.2907426787213936,0.48672057604663294,0.6474284258065677,LSPDD/lampdump/LED_PAR20_BlackBulbBody_dim_domestic-use_softwhite-color_EnergySmart-band_7W_47.1Lum_3000K_50000H
1045759987151.6,671335724502.5875,566440049746.925,1587107895217.0,1.5577302815613372,0.8437507927447436,0.6589091959678121,0.4229931226010302,0.3569007825201938,0.2844495634448572,0.507013417366238,0.9264974939601456,LSPDD/lampdump/Halo_PAR38_domestic-use_softwhite-color_Sylvania-brand_65W_120V_11Lum_3000K
119016044740.9177,125599331442.54175,103322039827.22429,340846224617.5458,0.9475850179613756,0.8226320844270679,0.34917812240538193,0.36849265848103,0.3031338837423214,0.5562379480284932,0.6997083599081598,0.6554261440166946,LSPDD/lampdump/MH_industrial-use_coolwhite-color_Philips-brand_400W_4000K_100Lum-plafond-bleu
96028575157.23662,65560899142.49962,37529414798.52521,201492586105.22882,1.464723278863429,0.5724359380269222,0.476586146485241,0.3253762354723099,0.18625705056426045,0.24913517965796822,0.440990383135327,0.6552523708206227,LSPDD/lampdump/LED_BR30_dim_domestic-use_softwhite-color_Philips-brand_13W_120V_56.2Lum_2700K_bernard
1174832847758.2783,1511404166610.5525,1053655165098.6329,3884565217486.263,0.777312166865953,0.6971366020920405,0.3024361239888059,0.389079364611259,0.27124146618922323,0.5520073231249091,0.6492862178623158,0.6214819368594681,LSPDD/lampdump/LED_VEK2_domestic-use_coolwhite-color_RAB-design-brand_52W_72Lum_5000K_120V
321637629795.01337,248282534440.62433,144292264087.0585,717956273901.571,1.2954500827843434,0.581161556176902,0.4479905552564453,0.34581846202330546,0.20097639554416707,0.2861776542202388,0.4984073450309305,0.6837311258259747,LSPDD/lampdump/LED_PAR20_dim_domestic-use_softwhite-color_LightingScience-brand_8W_43.8Lum_120V_3000K_50000H
188580045122.61176,146842604088.3786,90945081150.2406,426853131927.2484,1.284232503865929,0.6193371584142191,0.44179140556183805,0.3440120104668835,0.21305942102292227,0.32350371056935273,0.5168596154227808,0.7061805911350244,LSPDD/lampdump/LED_G25Bombilla_domestic-use_softwhite-color_Sylvania-brand_8W_120V_56.3Lum_3046K
45813178492.944534,31167976606.666836,17620429734.20893,95681590087.31421,1.4698797766405243,0.5653376206153825,0.4788087076222054,0.3257468503421035,0.1841569492953599,0.23128119255835441,0.4422732327740407,0.6474497936990895,LSPDD/lampdump/LED_A21_dim_domestic-use_softwhite-color_Philips-brand_19W_120V_88.4Lum_2700K_bernard
386972246568.45,261608953864.96497,245911876531.23752,568449324868.2625,1.4792010779883091,0.9399979354612235,0.6807506485439673,0.46021508412485596,0.43260122894547787,0.41197250518869166,0.5549602767428794,0.9940226369405375,LSPDD/lampdump/Halo_PAR38Icepar_domestic-use_softwhite-color_Sandard-brand_90W_130V_5000H_3000K
131593253540.6775,89152019149.0975,76008175539.13501,212024136042.86182,1.4760546625489372,0.8525681893084128,0.620652233263081,0.4204805208170967,0.35848831627249056,0.350841313542287,0.5576005311694024,0.8999729391609236,LSPDD/lampdump/Halo_BR38_domestic-use_softwhite-color_Enersaver_Globe-brand_65W_120V_15.4Lum_2870K
207536450786.8075,160653254389.1584,98556649051.10715,472429753657.1295,1.2918284884791789,0.6134743390405804,0.43929589358046467,0.3400574437692044,0.20861651555214195,0.29835900721841824,0.4959170730388151,0.6405303585364037,LSPDD/lampdump/LED_PAR20_domestic-use_softwhite-color_Ledtech-brand_8W_120V_E26_2939K
394328722604.277,299861723083.05273,176501716188.48126,875955330193.3682,1.3150352053938532,0.5886103580469174,0.4501698990943162,0.3423253592359075,0.20149625226838713,0.2851315429178099,0.490339066805524,0.6626181857984154,LSPDD/lampdump/LED_PAR30_domestic-use_softwhite-color_Energizer-brand_50Lum_15W_3155K
934799882846.5664,739259867302.3679,473453202155.1345,2176006470840.4854,1.2645078195002568,0.640442181560338,0.4295942568982797,0.3397323846269758,0.21757894955719623,0.334094677096378,0.5273132845376375,0.672002688877095,LSPDD/lampdump/LED_Step-light-001_domestic-use_softwhite-color_DALS-brand_4.5W_79Lum_3000K_120V
83597623017.91388,55437498852.55652,30291672963.161247,171445898166.673,1.5079616640038722,0.5464112485255878,0.4876035175635613,0.3233527278597377,0.17668356774399388,0.2213372070496584,0.4183671776260924,0.6437774967295788,LSPDD/lampdump/LED_A19_domestic-use_softwhite-color_Philips-brand_11W_120V_75.5Lum_2700K
476895295861.325,324768449647.05,275075301865.775,779715806834.665,1.4684163328660853,0.8469889922026594,0.6116270719165353,0.4165215669610191,0.35278918223098615,0.35616323509227504,0.5628126123387562,0.8943252323531835,LSPDD/lampdump/Halo_BR38_domestic-use_softwhite-color_Enersaver_Globe-brand_89W_120V_19.1Lum_2966K
66273093774.759,51680256792.20859,32873827531.5042,150707023696.19135,1.2823677336051948,0.6361003131946573,0.4397478773674027,0.3429187009650609,0.2181306930841803,0.33165445144795935,0.5289714356826977,0.7135888920960824,LSPDD/lampdump/LED_A19_domestic-use_softwhite-color_Sylvania-brand_8W_120V_54Lum_3048K
294066640862.09064,203965225353.0572,119183890231.20576,621156088608.2449,1.4417489077026284,0.584334363982401,0.4734182699890666,0.3283638832391699,0.19187430086735172,0.2530108730452561,0.45649411867610346,0.6606597048342956,LSPDD/lampdump/LED_BR30_domestic-use_softwhite-color_Sylvania-brand_15W_120V_51.3Lum_2665K
474331680242.4,312061911933.755,266209426570.97498,732698129244.67,1.5199922262319918,0.8530660628250151,0.6473766771199253,0.42590788686120434,0.3633275641708096,0.3115336033154405,0.5261096853415441,0.9124911393587268,LSPDD/lampdump/Halo_PAR30_domestic-use_softhwith-color_Sylvania-brand_75W_120V_15.1Lum_2770K
274790842024.95,206911415842.04248,160275426008.925,536368749043.825,1.3280603243019087,0.7746089086320896,0.5123170253949634,0.3857633693441308,0.2988157425178949,0.3583693958131426,0.5094104921292317,0.7225891182263633,LSPDD/lampdump/LED_PAR30_domestic-use_softwhite-color_Sylvania-brand_15W_120V_50.3Lum_3000K
100471345551.37535,87476385468.87926,68673282050.548805,248084514430.88776,1.148553921299357,0.7850493785546286,0.4049883797941165,0.3526071978718717,0.2768140615632019,0.4484128682109293,0.5930835461576901,0.6173237464294656,LSPDD/lampdump/MH_industrial-use_coolwhite-color_Philips-brand_400W_4000K_100Lum-plafond-jaune
446447541237.52,289875948531.43,246942694046.0,683390687517.297,1.540133093136265,0.8518909392002388,0.6532830332520739,0.4241731030671867,0.36134922315538537,0.3024192092283723,0.5173513556197448,0.9199906813645506,LSPDD/lampdump/Halo_R20_domestic-use_softwhite-color_Enersaver_Globe-brand_29W_120V_10.7Lum_3000K
244468151591.645,136885851921.04999,117546748023.4625,361231783701.3625,1.785927092981413,0.8587209443037146,0.6767625735662056,0.3789418819087532,0.32540533066891125,0.3300435120637925,0.5572113652345906,1.2710766386523737,LSPDD/lampdump/INC_Candle_domestic-use_Fullspectrum-color_GE-brand_60W_120V_2450K
63489817749.490204,40629599008.596664,22281469393.562935,126383974525.78772,1.5626493812074451,0.5484048559979261,0.5023565526223862,0.3214774591560775,0.17629979969506787,0.205607117179518,0.41033683148583566,0.6629482495083099,LSPDD/lampdump/LED_A19_domestic-use_softwhite-color_Philips-brand_8W_120V_58.8Lum_2500K
153833010747.142,102258636710.27678,88852218893.11168,234732885555.27292,1.5043522551839585,0.8688969631469986,0.6553534686170707,0.43563830635992323,0.3785248014266391,0.32019046742954926,0.5375425756567901,0.9141286117108951,LSPDD/lampdump/Halo_A19_trilight_domestic-use_softwhite-color_Enersaver_Globe-brand_29W_120V_11.9Lum_2826K
15581727396.487898,11798759402.7175,6539129305.295713,34252803015.97797,1.3206242168900486,0.5542217687555876,0.4549037166161105,0.34446113496795316,0.19090785948949618,0.26807233764329796,0.44531564176492466,0.5604939651466454,LSPDD/lampdump/CFL_BR38_domestic-use_softwhite-color_EnerSaver_Globe-brand_23W_120V_52.1Lum_2700K
59731003888.027756,72974915505.30238,57831117123.73031,194410508017.5249,0.8185141904506581,0.7924793982053776,0.3072416429396058,0.37536507799631974,0.2974690911178381,0.5917686783829857,0.7415690503970948,0.6818006234056933,LSPDD/lampdump/LED_A19_domestic-use_coolwhite-color_Sylvania-brand_4W_120V_50Lum_5087K
215940009006.835,138601406012.96,119523519506.25002,325489816513.178,1.5579929180995713,0.8623543075390874,0.6634309218030245,0.42582409335484844,0.36721124115848003,0.30111140981057105,0.5115493675600697,0.9345186230296162,LSPDD/lampdump/INC_A19_domestic-use_softwhite-color_GE-brand_100W_120V_2670K_15.3Lum
2223039369.4451942,1490117502.739017,673560011.7290084,4429350592.565115,1.4918550821388097,0.45201805259714306,0.5018883294487179,0.33641895614229617,0.1520674414122044,0.15592769708607276,0.3824577904168324,0.5013447958885248,LSPDD/lampdump/CFL_R30_dim_domestic-use_softwhite-color_EnerSaver_Globe-brand_13W_2700K
76641123378.0175,81992150215.37672,59146200444.255585,222264836695.35336,0.93473732761852,0.7213641828991011,0.3448189309542716,0.368893934976134,0.26610687198049304,0.48619087999100435,0.6342388754827643,0.6267384013507058,LSPDD/lampdump/CFL_PAR30LNFlood_domestic-use_coolwhite-color_ELume-brand_15W_46.7Lum_120V_4100K_8000H
1221310154527.2,811796380671.8225,708498335740.8625,1872505398258.0376,1.5044538059118642,0.8727537503364168,0.6522331821651172,0.4335348680046658,0.3783691819526755,0.33834611376667534,0.5553049465952762,0.9441393759067214,LSPDD/lampdump/Halo_PAR30_domestic-use_softwhite-color_Globe-brand_75W_120V_11.5Lum_2865K
66069770201.537605,50683357169.1306,29152704965.17066,147991066294.15146,1.303579200191149,0.5751928560668929,0.446444314890031,0.3424757888316775,0.19698962711185466,0.28335634745737476,0.4908069807210893,0.6418419479667686,LSPDD/lampdump/LED_PAR20-Flood_domestic-use_softwhite-color_Philips-brand_8W_120V_58.8Lum_3000K
338182267417.825,267339848636.4975,194709278669.78748,703109438566.3375,1.2649901207868643,0.7283211973929635,0.4809809808660646,0.3802250886883441,0.2769259918723405,0.35458037865033465,0.5226753899002214,0.656641551690503,LSPDD/lampdump/LED_PAR38_dim_domestic-use_softwhite-color_Standard-brand_20W_120V_60Lum_3000K_25000H
349706768351.9818,289033505361.9578,188702515726.13718,842017955499.2212,1.2099177495496332,0.6528741901040997,0.4153198468845541,0.3432628763725041,0.22410747240450232,0.3522328133775934,0.5536994836549167,0.6397984498609666,LSPDD/lampdump/LED_WALL-002_domestic-use_softwhite-color_DALS-brand_7.5W_80Lum_3000K_120V
154441590488.72998,99424852801.134,88938470329.2478,231992712083.85156,1.5533499536342132,0.8945295650287692,0.6657174231960724,0.428568862823578,0.38336751844644945,0.35851944421398224,0.577920275918498,1.1173416905170048,LSPDD/lampdump/INC_A21_domestic-use_Daylight-color_GE-brand_80-100-150W_120V_2600K
57198620833.95215,58913817577.58309,36801279933.1852,155817333400.24896,0.97088634187774,0.6246629644178451,0.3670876633925296,0.37809540371385253,0.23618219571665705,0.3724853284947392,0.5876011972033963,0.5716075992483054,LSPDD/lampdump/FL_T8G13_domestic-use_coolwhite-color_GE-brand_32W_4000K
285017397487.94,183850600522.9725,162010876024.96875,415892391013.73975,1.5502663395017113,0.8812093926488163,0.6853152489594934,0.4420629097705677,0.38954998823149045,0.29642286506682186,0.5082664761519675,0.9463887206315359,LSPDD/lampdump/INC_A19_domestic-use_softwhite-color_Sylvania-brand_100W_120V_12.6Lum_2659K
43930105008.88504,42050772946.47091,30323557160.515617,107986265718.62657,1.0446919742665957,0.7211177116557737,0.40681196554523996,0.38940852956282535,0.2808093877375843,0.4169417276960968,0.6194714008453693,0.6004957355343434,LSPDD/lampdump/CFL_Twister_domestic-use_coolwhite-color_EnergyStar-brand_15W_63.3Lum_4100K_10000H
8010854971.995449,5759482444.82835,2377553084.19445,16385420126.055,1.3908984094896737,0.4128067247308552,0.4889014081034836,0.3515004437188648,0.1451017469130269,0.16006977910244716,0.369024354419842,0.46809684923916245,LSPDD/lampdump/CFL_Twister_domestic-use_softwhite-color_EnerSaver_Globe-brand_40W_120V_65Lum_2700K
316872310653.485,199679341022.6225,173267491597.60626,461871963056.7362,1.5869058312726765,0.8677286829486085,0.6860609346286743,0.4323261791019213,0.37514182599631435,0.274454004026571,0.4881264553549709,0.9499265442822519,LSPDD/lampdump/INC_Candle-Crystalclear_domestic-use_softwhite-color_GE-brand_60W_120V_2574K
106573411577.27264,63773128851.750015,34681384098.65574,210210741404.42468,1.67113349299543,0.5438244088552986,0.5069836625153038,0.30337711777086035,0.16498388173196243,0.2015500943404304,0.33595526536468195,0.5833355027611724,LSPDD/lampdump/LED_Streetview-2amber-board-and-1white-board_streetlight-use_Philips-brand
352736538623.7931,230776446180.16592,127226178339.29605,715975276937.8158,1.52847721014134,0.551296202212817,0.49266580842347873,0.3223246019990847,0.1776963289618532,0.21484454111688805,0.4201216921963057,0.6517329721272471,LSPDD/lampdump/LED_PAR20_BlackBulbBody_domestic-usesoftwhite-color_EnergySmart-brand_7W_47.1Lum_2700K_25000H
925814040592.825,601912920812.7275,521020205521.19995,1392254806051.15,1.5381195661039355,0.8656072789028969,0.6649745697188217,0.43232956941260786,0.3742276221685086,0.304809639312483,0.5186356532518346,0.9330154803474,LSPDD/lampdump/Halo_PAR20_domestic-use_softwhite-color_Globe-brand_50W_120V_9Lum_2729K
145457374433.87302,62600783499.667244,24300707600.030083,238991710774.03192,2.323571148828292,0.3881853587369119,0.6086293702939506,0.26193704918434035,0.1016801274041113,0.04697928940208191,0.17960753411821923,0.5474225352245399,LSPDD/lampdump/LED_Streetview-3amber-board_streetlight-use_softwhite-color_Philips-brand_1800K
6687264086.981163,4669126214.560093,2641717784.381851,14088839148.485622,1.4322303102725638,0.5657841880872658,0.47464975762037587,0.3314060275194473,0.18750429020731657,0.2555081762281456,0.42754651048644754,0.5643419777623427,LSPDD/lampdump/CFL_PAR30_domestic-use_coolwhite-color_EnerSaver_Globe-brand_15W_120V_46.7Lum_4100K
202918143605.29077,172334398778.9356,101212834227.12515,483493724714.91284,1.1774674414571573,0.5873048848300875,0.41969136977928595,0.3564356473924265,0.20933639684114674,0.317623505185116,0.5044851336680706,0.6407516254390421,LSPDD/lampdump/LED_Encaster4inchCalculite_domestic-use_coolwhite-color_Philips-brand_14W_1000lm_3500K
162244837348.15823,126410213886.8306,74592092084.30418,368697707614.16174,1.2834788610784946,0.5900796287797055,0.44004840279057483,0.34285598005159706,0.20231232943374852,0.28017837804450274,0.495695109886043,0.63320640565459,LSPDD/lampdump/LED_PAR38-Enduraled_domestic-use_softwhite-color_Philips-brand_18W_120V_58.3Lum_3000K
146172391191.35974,107447948143.31029,68285837764.43423,324834577145.144,1.3604018849796942,0.6355248187090272,0.4499902457306642,0.33077743474119115,0.2102172692469326,0.326065195888976,0.46448775037578016,0.6128623290424452,LSPDD/lampdump/CFL_PAR38_domestic-use_softwhite-color_ELume-brand_23W_55.7Lum_120V_2700K_8000H
1170696713588.65,776377387358.0575,673705527001.8,1798788119196.925,1.507896459442779,0.867755215404147,0.6508252423366635,0.4316113604890129,0.3745330090920203,0.33208649684174907,0.5486631629074289,0.9373363398465232,LSPDD/lampdump/Halo_PAR38_domestic-use_softwhite-color_Globe-brand_90W_120V_14.4Lum_3000K
90000579238.3756,86158494760.78937,64339540600.32552,222875792353.85202,1.0445932172823282,0.746757946258903,0.4038149602873194,0.3865762802269641,0.2886789090946939,0.44388234706515706,0.6381713923388284,0.6210694314595189,LSPDD/lampdump/CFL_Twister_domestic-use_coolwhite-color_GE-brand_26W_65.4Lum_4100K
150408161050.815,93583600106.9925,85024519627.98312,202305071730.93182,1.6072064002544888,0.9085408076925453,0.7434720235331503,0.4625865249263736,0.4202787349842952,0.24231253827206045,0.454732394168219,1.0063337454148598,LSPDD/lampdump/INC_A19_domestic-use_softwhite-color_Sylvania-brand_25W_120V_7.6Lum_2403K
1028980109176.2,678278460713.4026,574663000262.1,1617454016625.85,1.5170467127821439,0.8472375779966218,0.6361727125465626,0.4193494552187335,0.3552886167737226,0.3228969355503833,0.5399589589484259,0.9203559306978095,LSPDD/lampdump/Halo_PAR38_domestic-use_softwhite-color_Sylvania-brand_90W_120V_14.6Lum_3000K
100283764419.09534,71591211414.31885,44767528117.84522,217934083970.60202,1.4007831748889465,0.6253215615917255,0.4601564041383403,0.3284993797664805,0.20541774513748887,0.2938924199213175,0.48683644705947776,0.6819408614273763,LSPDD/lampdump/LED_PAR20_domestic-use_softwhite-color_Philips-brand_5W_120V_66Lm_2700K
323328099051.83673,389037281740.62396,321654322267.0636,1067055194117.8013,0.8310979801349826,0.8267956243882933,0.30300972324037234,0.36458965186169634,0.3014411288565017,0.6493627992326767,0.6993292987128139,0.694357185016108,LSPDD/lampdump/LED_PAR20_dim_domestic-use_coolwhite-color_LightingScience-brand_8W_52.5Lum_120V_5000K_50000H
227337972586.8175,150072616542.315,128518384171.86876,354375463490.1987,1.514853127937011,0.8563746480400124,0.6415172493823212,0.42348478380604837,0.36266163268220547,0.32585949918853596,0.5357237891178211,0.9135689131828069,LSPDD/lampdump/Halo_A19_domestic-use_CrystaldaylightPlus-color_Sylvania-brand_60W_120V_16Lum
170269013257.53644,110266492109.99136,67194482266.84711,346122650404.96173,1.5441591547837785,0.6093826055500187,0.4919325940048204,0.3185763543096071,0.19413488885581429,0.26230902031571635,0.455872896094238,0.72408648556018,LSPDD/lampdump/LED_MR16_domestic-use_softwhite-color_TCPElite-brand_7W_120V_71Lm_2400K
259895893720.05078,198080120730.12164,114481860346.99449,581575539504.6483,1.3120745926551172,0.5779573433467999,0.44688243584215176,0.34059224859909787,0.19684779116484744,0.27304092796731944,0.4742046170788686,0.6303080877357765,LSPDD/lampdump/LED_MR16_domestic-use_softwhite-color_Philips-brand_10W_120V_49.5Lm_3000K
463912704882.6,306445480420.01746,267444931117.65002,704806402915.065,1.5138506994678345,0.8727325028618048,0.6582129545984067,0.43479383721907916,0.37945871378509505,0.3252021372314986,0.5343032174367217,0.9244121273771309,LSPDD/lampdump/INC_A21_domestic-use_softwhite-color_Sylvania-brand_300W_120V_19.7Lum_2800K
187055341486.362,186339076345.445,125102921041.25551,509152785053.01904,1.003843880494444,0.6713724436914845,0.3673854822710703,0.3659787038698829,0.24570801675616544,0.4142160958178307,0.598497960117241,0.6292608156203958,LSPDD/lampdump/LED_PAR20_domestic-use_coolwhite-color_Ledtech-brand_8W_120V_E26_3816K
196865620486.8238,143049336746.8479,77774084387.465,419549347498.166,1.3762078522266321,0.5436871372923633,0.4692311444667051,0.3409595023800465,0.1853752957816362,0.24703201979578573,0.43965965959588765,0.6608178087780825,LSPDD/lampdump/LED_Encaster_Calculite_domestic-use_softwhite-color_Philips_brand_22W_1500lm_7inch_3000K
417050323116.4075,266342235241.285,234373775591.9,602038640797.4099,1.565843745129618,0.8799722484103052,0.6927301585891855,0.4424005656655367,0.3893002204666932,0.2822950851547259,0.49617307127186505,0.9514596889316586,LSPDD/lampdump/INC_A19_domestic-use_softwhite-color_Globe-brand_100W_120V_11Lum_2610K
274130560721.34,177539443766.5175,153812372396.30624,409662694902.61523,1.544054407886113,0.8663560566213401,0.6691616398864586,0.4333795729404213,0.3754610178329038,0.29873374532965474,0.5125346500466984,0.931653142666501,LSPDD/lampdump/Halo_PAR30Accubeam_domestic-use_softwhite-color_Standard-brand_75W_130V_5000H
61973979372.2481,43052762499.1404,25141618326.309464,131210053537.16794,1.4394890310113198,0.583972243983448,0.47232645442593846,0.32812091252553927,0.19161350558543583,0.24963911606151004,0.45644085157399067,0.6367081075644645,LSPDD/lampdump/LED_CandleLight-B11_dim_domestic-use_softwhite-color_Philips-brand_3.5W_120V_51.4Lum_2700K_bernard
395571039013.61,262024816942.6275,227899135620.7125,605028548201.2424,1.5096701283078218,0.8697616442591118,0.6538055769263248,0.4330784352600065,0.3766750119449066,0.32754018484038383,0.5370314018161706,0.9199713261206717,LSPDD/lampdump/INC_A21_domestic-use_softwhite-color_Sylvania-brand_150W_120V_17.6Lum_2813K
114972866589.60965,82146675100.55214,47389026584.3882,247547524470.13684,1.3996046273190779,0.5768830756251714,0.464447652367776,0.33184203831722014,0.1914340556861639,0.2635174648518215,0.45946098610800873,0.6527733203239189,LSPDD/lampdump/LED_A19_nondim_domestic-use_softwhite-color_Sylvania-brand_10W_120V_80Lum_2700K_bernard
31628151640.682026,19501973697.06348,10916273985.831612,62674906501.13298,1.6217923443022821,0.5597522668936497,0.5046381942366405,0.3111607944195488,0.1741729600447713,0.24363341800385166,0.414012288439517,0.5802502744149042,LSPDD/lampdump/LED_CandleLight_dim_domestic-use_softwhite-color_Philips-brand_4W_120V_80Lum_2700K_bernard
374766291162.2189,294894051562.6027,186260500994.83557,861501711673.8544,1.2708506298325932,0.6316183727947953,0.4350151440025196,0.3423023397012624,0.2162044468059626,0.31953944560442465,0.5233918159887775,0.6643366897754885,LSPDD/lampdump/LED_WALL_004_domestic-use_softwhite-color_DALS-brand_3.5W_70Lum_3000K_120V
169488564297.961,116973244351.23575,65459073643.57728,355704897597.28235,1.4489515550157557,0.5596072333175885,0.47648645110827376,0.3288491250510391,0.18402634904872167,0.24063033270762405,0.44241496043791395,0.65462104827654,LSPDD/lampdump/LED_A19Omni_dim_domestic-use_softwhite-color_Standard-brand_8.5W_54.1Lum_120V_2700K_50000H
1895282010931.25,1944993107669.3276,1476176086685.8125,5403016629937.263,0.9744415049379552,0.7589621170713065,0.3507821909023547,0.3599828097682372,0.2732133154109787,0.49557752603938743,0.6802717370248713,0.6834536089362222,LSPDD/lampdump/LED_Cylinder-1012_domestic-use_coolwhite-color_DALS-brand_15W_70Lum_4000K_120V
3464528718.03207,2075881674.2044578,782782920.2029767,6635653060.012192,1.6689432548508745,0.37708455637432386,0.5221081763466556,0.31283758439906195,0.11796622173033539,0.08653367687062104,0.2397900857275658,0.4438039583275899,LSPDD/lampdump/LED_Bridgelux-2760-filtered_streetlight-use_softwhite-color_LedTech-brand_2260K_56W
148606018389.0876,147531277308.24603,131061268013.11316,433434336566.3801,1.0072848354630322,0.8883625926946929,0.3428570508887883,0.34037745711835576,0.3023786003004892,0.6117786558583203,0.7108132314703254,0.7299713717617536,LSPDD/lampdump/CFL_PAR38_domestic-use_coolwhite-color_Elume-brand_23W_55.7Lum_120V_4100K_8000H
1854258410.141188,1359090277.742253,688868060.5451667,3901246240.9585004,1.3643379255287718,0.506859677996908,0.4752989930944768,0.34837336425304366,0.17657641122799728,0.21304494540110422,0.4139752177383241,0.5288224089075434,LSPDD/lampdump/CFL_Twister_domestic-use_white-color_GE-brand_13W_120V
8584124754.5853,9733124092.1245,7553573112.9223,25838637955.23345,0.8819495850804054,0.7760687155971051,0.3322204819564276,0.3766887445455738,0.29233635015936943,0.5939084846618863,0.5818704046239881,0.6169099875643111,LSPDD/lampdump/MH_Venture_outdoor-use_coolwhite-color_400W_4700K
109678656716.1025,68721876293.11575,60841363820.31625,155233629254.34015,1.595978786264449,0.8853274546930708,0.7065392804570793,0.44269966902931485,0.3919341711751882,0.26764537328582133,0.479338297357919,0.9737435234822739,LSPDD/lampdump/INC_A19_domestic-use_softwhite-color_GE-brand_25W_120V_2512K_8.4Lum
100817803357.06654,64943941227.321754,56816645669.37659,147772553274.83655,1.5523819689996385,0.8748567548511202,0.6822498571135829,0.43948581646643803,0.384487135196923,0.2868286254789085,0.5066242771984412,0.9398763161988227,LSPDD/lampdump/Halo_Fan_domestic-use_softwhite-color_Enersaver_Globe-brand_29W_120V_11.9Lum_2660K
6410468407.864044,4453086729.055281,2524116232.751709,13420894549.441988,1.4395561546190727,0.5668239552314308,0.4776483701774244,0.33180252721979925,0.1880736208345111,0.25310600686351287,0.4256845125067825,0.5624972812081428,LSPDD/lampdump/CFL_R30_domestic-use_softwhite-color_EnerSaver_Globe-brand_15W_120V_41.3Lum_2700K
193277338937.05048,214399752049.26947,166614964690.19037,582478094023.3153,0.9014811681901338,0.7771229355335352,0.33181906911217507,0.3680820862607196,0.2860450313922383,0.5264151187253695,0.7219793751641407,0.6761792872160229,LSPDD/lampdump/LED_WALL-pack-1190_domestic-use_coolwhite-color_DALS-brand_20W_70Lum_4000K_120V
6971792134.735764,5066224082.5098,2494695424.3450375,14727652350.501787,1.376131813593596,0.4924171105967285,0.4733810908089657,0.34399400270588193,0.16938853287503358,0.20944364194935114,0.4089543049024513,0.5292340985018691,LSPDD/lampdump/CFL_Twister_dim_domestic-use_softwhite-color_Sylvania-brand_23W_120V_2700K
85706750381.46896,65464266442.95176,36118668831.516174,189697449581.32422,1.3092142482976927,0.551731055643791,0.4518076050607421,0.34509829514016166,0.1904014466785539,0.268574401446459,0.44325622473247467,0.5628195059835872,LSPDD/lampdump/CFL_TwisterT2_domestic-use_softwhite-color_Elume-brand_23W_69.6Lum_120V_2700K_10000H
352736538623.7931,230776446180.16592,127226178339.29605,715975276937.8158,1.52847721014134,0.551296202212817,0.49266580842347873,0.3223246019990847,0.1776963289618532,0.21484454111688805,0.4201216921963057,0.6517329721272471,LSPDD/lampdump/LED_PAR20_dim_domestic-use_softwhite-color_EnergySmart-brand_7W_47.1Lum_2700K_25000H
115161091447.46,71669602717.07275,64754004360.950005,156144755936.3057,1.6068331214570406,0.9035072318815107,0.7375277559397276,0.4589946187261524,0.4147049574137754,0.2442093805450192,0.45782059355841537,0.9980424780392176,LSPDD/lampdump/INC_A19_domestic-use_softwhite-color_Globe-brand_40W_120V_8.1Lum_2422K
85711858405.3071,61957423436.691864,37021762054.06261,167413930074.76605,1.383399335398244,0.5975355332826496,0.5119756663440652,0.37008523370201063,0.22113907748016495,0.2196783457393955,0.43145696825954005,0.5470364830362665,LSPDD/lampdump/CFL_Twister_domestic-use_softwhite-color_EnergyStar-brand_20W_62.5Lum_2700K_10000H
55545189349.3874,34033795690.694256,31424903791.688477,71093090187.53311,1.6320597871067002,0.9233440806098768,0.7813022222394238,0.4787215691555693,0.4420247271400667,0.19483454878293657,0.4183464833810566,1.0447462805996501,LSPDD/lampdump/INC_A15_domestic-use_softwhite-color_Sylvania-brand_15W_120V_6.7Lum_2254K
202325357321.26654,148108204440.01566,85163289254.96666,440501778247.7921,1.3660644802645556,0.5750072359391684,0.45930656199860787,0.3362261215588135,0.19333245280808015,0.2642613629985711,0.4707672715852064,0.6439489137281854,LSPDD/lampdump/LED_Encaster4inchCalculite_domestic-use_softwhite-color_Philips_brand_20W_1500lm_3000K
65493524416.03565,44128214335.261894,24459978326.6314,135450177006.59744,1.4841643923874166,0.5542934083123768,0.4835248344699145,0.32578927034633937,0.1805828450518748,0.2253319085440448,0.43682641084201235,0.6509580776789751,LSPDD/lampdump/LED_A19_dim_domestic-use_softwhite-color_Philips-brand_8W_120V_58.8Lum_2700K_bernard
61071193183.03876,39388076388.75975,34612360973.201355,88828645819.29884,1.5504995110770823,0.8787522556719412,0.6875168772388341,0.44341637796534245,0.3896531423389267,0.2872755246129283,0.5070524513881994,0.9395416496095911,LSPDD/lampdump/Halo_Vanity_domestic-use_softwhite-color_Enersaver_Globe-brand_29W_120V_12.9Lum_3000K_clear
182668215500.2595,224877612329.704,180295897142.1415,599764964062.0787,0.8123005825606185,0.8017512071312858,0.30456633255648524,0.37494289564141337,0.30061091918580285,0.6034147230605492,0.7492795065390985,0.685779887823512,LSPDD/lampdump/LED_A19_domestic-use_coolwhite-color_Globe-brand_4W_120V_50Lum_5000K
235839899995.92773,158828947473.24756,91082999031.99606,489948869362.7431,1.4848672345175087,0.5734659864023697,0.48135614702545443,0.32417453617115194,0.18590307015192029,0.23782665953652193,0.43655102211483704,0.6531848443600959,LSPDD/lampdump/LED_PAR30_dim_domestic-use_softwhite-color_EnergySmart-brand_10W_45Lum_25000H_2700K
1244803191564.5,827421917610.6525,724232230572.7125,1898259766677.3875,1.504435844724926,0.8752877040821919,0.6557601933181869,0.4358844517149134,0.38152430098667156,0.33652630387425037,0.5541749557527694,0.9461877527145052,LSPDD/lampdump/Halo_PAR30_domestic-use_softwhite-color_Sylvania-brand_50W_120V_13.2Lum_2880K
53952883065.731125,37474360600.57955,22018527399.467365,114644079557.90894,1.4397279153282398,0.5875624572798406,0.4706120305015706,0.32687567247334853,0.19205987334344102,0.2522418279569241,0.4654061342037926,0.6423570909284592,LSPDD/lampdump/LED_A19_dim_domestic-use_softwhite-color_CREE-brand_6W_120V_75Lum_2700K_bernard
122114025479.9017,80547037460.3175,68532504375.04097,188052045209.21268,1.5160585582065969,0.8508382994074035,0.6493629215467811,0.42832311326743017,0.364433709289345,0.30083669701633725,0.5270476988041806,0.9038212646506009,LSPDD/lampdump/Halo_A19_domestic-use_softwhite-color_Enersaver_Globe-brand_29W_120V_11.9Lum_2800K
2408120302.0776587,2306292163.849729,1732653765.1191154,6115247926.474633,1.044152315055329,0.7512724503329709,0.3937894801700887,0.3771379658811771,0.28333336374114426,0.46275631819833013,0.6239816733435861,0.6312870880207947,LSPDD/lampdump/CFL_Twister_domestic-use_coolwhite-color_EnerSaver_Globe-brand_13W_120V_69.2Lum_4100K
793234244578.725,517616192509.68494,446189848055.5625,1204650905675.6875,1.5324757147427976,0.8620090609843393,0.6584764439568496,0.42968148703574377,0.37038933516203604,0.30852070455309805,0.5219760359944106,0.926830918629808,LSPDD/lampdump/Halo_PAR30Flood_domestic-use_softwhite-color_Standard-brand_75W_130V_3000K
1383895637069.475,910438457531.5575,804340548570.6125,2048043139019.5125,1.5200320522724697,0.883465040296513,0.6757160582720959,0.44454066429842104,0.3927361358978432,0.3218931778137554,0.5445132896666204,0.9602618190410075,LSPDD/lampdump/Halo_PAR30_domestic-use_softwhite-color_Globe-brand_50W_120V_9.4Lum_2850K
442004724214.488,355277923496.3025,223785174125.01035,1033443205438.5615,1.2441097377081693,0.6298876437993461,0.42770103077596294,0.3437807918486759,0.21654327296103593,0.32495236273251965,0.5346045128345775,0.6321009596383942,LSPDD/lampdump/LED_WALL-001_domestic-use_softwhite-color_DALS-brand_7.5W_80Lum_3000K_120V
762402055534.3774,611587079155.114,401381071805.5062,1790670950156.6235,1.2465960801323812,0.6562942310030487,0.42576334611766214,0.34154073873908586,0.22415121648698152,0.3487914997534023,0.5397577829928022,0.6768844869919368,LSPDD/lampdump/LED_WALL-003_domestic-use_softwhite-color_DALS-brand_3.5W_70Lum_3000K_120V
4124459651.1010303,3254194767.690489,1859975917.4789946,9353243283.243153,1.2674286407350384,0.571562567780485,0.44096571918429894,0.34792153578647494,0.19885892638024752,0.2845322549684046,0.47056476873343045,0.5612972022121644,LSPDD/lampdump/CFL_A19_dim_domestic-use_softwhite-color_EnerSaver_Globe-brand_16W_120V_54Lum_3000K
49317502792.75764,36059424272.62142,19104095203.904198,105865733899.5495,1.3676730504597263,0.5297947926031982,0.465849533896893,0.3406146913111313,0.1804558897407832,0.24851318614127754,0.45698072973277165,0.5750811715022724,LSPDD/lampdump/LED_Encastre10.1cm_dim_domestic-use_softwhite-color_Ecosmart-brand_9.5W_120V_60.5Lum_2700K_bernard
32647271259.145393,25956861651.156662,16421162340.976582,75650128080.27852,1.2577510986460338,0.6326328106096308,0.43155606061235896,0.34311722015343743,0.21706721135423257,0.3157177505619566,0.5168333924475205,0.6467342704640742,LSPDD/lampdump/LED_A19_domestic-use_softwhite-color_GE-brand_9W_120V_50Lum_3000K
355017106647.84,230854856082.32,199802693016.6,534956772723.07996,1.5378368585031856,0.8654905355135905,0.6636369978843402,0.4315392716820914,0.3734931553432781,0.3062585854634351,0.5179640920329103,0.9312379250410342,LSPDD/lampdump/Halo_Par30LN_long_neck_domestic-use_softwhite-color_Standard-brand_75W_130V_3000K
44463946850.7119,29961542440.70767,17553131998.30161,92892875400.89294,1.4840339725067138,0.5858554189270577,0.47865831107952206,0.3225386480007665,0.18896101474465585,0.2508779347174627,0.4446254912833475,0.6637392330106708,LSPDD/lampdump/LED_BR40_dim_Flood_domestic-use_softwhite-color_Philips-brand_14.5W_120V_55.2Lum_2700K_bernard
290007826637.7233,190650856597.0398,106807115579.79276,592423560965.1129,1.5211462031386762,0.5602236333274945,0.48952784079902845,0.32181511533142243,0.18028843317067617,0.22908495469087028,0.42709252831542477,0.6631647921884818,LSPDD/lampdump/LED_A15_dim_domestic-use_softwhite-color_Standard-brand_5W_60Lum_120V_2700K_30000H
6769664921.032227,5123565321.178242,2885163930.7960916,14948844264.02662,1.3212801041200426,0.5631164530820512,0.4528554048370793,0.3427398955187294,0.1930024742942197,0.26891667359091137,0.45463053438450335,0.5613074572592951,LSPDD/lampdump/CFL_Twister_dim_domestic-use_softwhite-color_EnerSaver_Globe-brand_23W_120V_69.6Lum_3000K
64067815445.762405,48047728580.45123,29578375834.19642,142643886324.72247,1.3334202747688082,0.6156040401508328,0.4491451901409561,0.3368369287911345,0.2073581742358208,0.2991599637350027,0.499626876802354,0.66747321515367,LSPDD/lampdump/LED_BR30_dim_domestic-color_softwhite-color_EnergySmart-brand_12W_62.5Lum_3000K_25000H
1186181310732.6,770216657893.8125,663335354310.0625,1776256320870.1375,1.5400618755458486,0.8612321578761734,0.6677985022744486,0.4336179687830781,0.37344573894893357,0.29628188102270614,0.5196261187734749,0.9399548503603947,LSPDD/lampdump/Halo_PAR38_domestic-use_softwhite-color_Sylvania-brand_45W_120V_11.5Lum_2700K
5554883568.007435,4465947130.793756,1909038319.184865,12159926185.138306,1.2438310184429204,0.4274654990923643,0.45681885592336385,0.3672676184705771,0.15699423582998928,0.18576366309055042,0.40164509133790893,0.46542290119910246,LSPDD/lampdump/CFL_R30_dim_domestic-use_softwhite-color_EnerSaver_Globe-brand_15W_46.7Lum_3000K
165222655205.508,172183341076.19348,136045516978.05124,473181575734.792,0.9595739876623414,0.7901200901767218,0.3491738978825154,0.3638842886239056,0.2875122869414125,0.5636394242732045,0.62511418760472,0.6199778660068846,LSPDD/lampdump/MH_industrial-use_coolwhite-color_Philips-brand_250W_4000K_100Lum
521817730158.2025,398099799917.39075,253137165820.0765,1166778567387.9197,1.310771143985715,0.6358635846403458,0.44722944416642973,0.34119567417888147,0.21695390444716303,0.3236438337240391,0.5346772889892157,0.7353098591771984,LSPDD/lampdump/LED_PAR38_domestic-use_softwhite-color_Sylvania_brand_18W_120V_50Lum_3000K
448974816082.40314,339398497221.90283,188813129143.78842,986263925631.6428,1.3228544609284407,0.5563169274150914,0.4552278598194309,0.344125429716532,0.19144280170529906,0.2536380367317435,0.47419314525346573,0.6381049747173538,LSPDD/lampdump/LED_PAR20_Definity_domestic-use_softwhite-color_LightingScience-brand_8W_60Lum_120V_3000K_500000H
211146450414.0175,135091825611.94275,119058163000.37875,305162426561.15375,1.5629846547528716,0.881312858576496,0.6919149673615022,0.4426882664890289,0.3901468615977197,0.2852490147110032,0.49829093422428444,0.9511097465267742,LSPDD/lampdump/INC_A19_domestic-use_softwhite-color_Globe-brand_60W_120V_9Lum_2616K
130607569486.17,86546179268.19374,76089975366.65251,196644685769.1103,1.5091084388767362,0.879183529649079,0.6641805191701059,0.4401145087124889,0.38694142721961633,0.327153038888964,0.5361255574341489,0.9241837985744055,LSPDD/lampdump/Halo_A19_domestic-use_softwhite-color_Enersaver_Globe-brand_72W_120V_16.7Lum_2813K
1343877304362.8,908317433691.15,806811311129.1375,2102250809660.6377,1.4795238476285273,0.8882481841733237,0.6392564094575088,0.432069013610121,0.38378451677674913,0.382929665281851,0.5945379496043869,0.9619622385605318,LSPDD/lampdump/Halo_BR25_domestic-use_softwhite-color_Enersaver_Globe-brand_53W_120V_14.2Lum_3000K
104656304851.46475,73968416357.47745,46147447950.351906,226036207209.8098,1.4148782683906287,0.6238804373927477,0.463006817108382,0.32724145069740523,0.20415953939413445,0.2913581833575555,0.48152443031329917,0.6828865777398723,LSPDD/lampdump/LED_MR16_domestic-use_softwhite-color_TCPElite-brand_7W_120V_71Lm_2700K
140067005848.02747,138867554901.41522,97989185612.27847,388053795045.62,1.0086373735568668,0.7056305245803666,0.36094739347043636,0.35785645360094936,0.25251443707890747,0.45982710697417717,0.5965060637956623,0.6395583266958215,LSPDD/lampdump/LED_Streetview-3white-board_streetlight-use_coolwhite-color_Philips-brand_4000K
796525741456.9878,798523281634.7498,597505948973.0306,2219781274943.1104,0.9974984571850272,0.7482636545672241,0.35883073276100214,0.35973061429451636,0.26917334411172733,0.474557190129541,0.6723589686745922,0.6893581323277421,LSPDD/lampdump/LED_Cylinder-1014_domestic-use_coolwhite-color_DALS-brand_20W_90Lum_4000K_120V
877784652.239645,956685073.27691,394931430.2882125,2291562045.5727253,0.9175272791003112,0.4128123677475844,0.38305079015229637,0.4174816366526998,0.1723415829177377,0.22091695293361888,0.4684185714248977,0.4374375203061412,LSPDD/lampdump/CFL_G25_domestic-use_coolwhite-color_EnerSaver_Globe-brand_7W_120V_57.1Lum_4100K
392985893251.5975,297657742424.10175,175804763777.077,875763799953.8251,1.32026094819893,0.5906272161622155,0.4487350279519635,0.3398835878347516,0.2007444973020652,0.2780950050976415,0.4823542910268942,0.640501573586345,LSPDD/lampdump/LED_PAR30_dim_domestic-use_softwhite-color_EnergySmart-brand_10W_120V_50Lum_3000k
300788115289.95,187452100411.687,168350142712.18625,411645983444.83545,1.6046132032095217,0.8980968596374831,0.730696101472489,0.45537211086819074,0.4089682627372139,0.2478292412923476,0.4612535587752375,0.9892636798085637,LSPDD/lampdump/INC_A19_domestic-use_softwhite-color_Globe-brand_100W_120V_11.3Lum_2445K
18227031292.590527,27509123685.871944,29645496421.074383,76365509089.32237,0.6625813130482056,1.0776605158200525,0.2386814611720971,0.36022969026102314,0.3882053138203919,0.8549842913933289,1.076046913793366,0.8464695861219862,LSPDD/lampdump/LED_LiteBook-Elite-1000Lux_lighttherapy-use_coolwhite-color_LiteBook-brand
298905043755.1675,186798437244.36078,165049236800.64874,422248867253.3398,1.6001474539326803,0.88356861671567,0.7078883259048063,0.4423894336518988,0.3908814199414369,0.26320145196156625,0.4760950321636221,0.9728136124493493,LSPDD/lampdump/INC_A19_domestic-use_softwhite-color_Rona-brand_100W_130V_2450K
22745967482.28222,32655924256.916332,25982350060.520466,83980509451.039,0.696534181771467,0.7956397086209421,0.2708481721647952,0.3888512283431059,0.30938547801580424,0.6519411302321194,0.7649912419372721,0.65750202501511,LSPDD/lampdump/LED_Luminette-1000Lux_lighttherapy-use_coolwhite-color_Lucimed-brand
234292623798.504,312621792510.7623,266071774154.25574,836974912043.0708,0.7494443107015267,0.8510979737444118,0.2799278932107911,0.3735139345427295,0.31789695285461994,0.7080547445690099,0.7480094868820304,0.7069830949690176,LSPDD/lampdump/LED_PAR20_domestic-use_coolwhite-color_Ledtech_brand_8W_120V_E26_5896K
2688976663.248335,3792572987.8380766,3083099490.3941274,9781797171.66632,0.7090111836664118,0.8129308256639832,0.2748959742323373,0.3877174021583209,0.3151874278608584,0.6396214447618235,0.7990658909021592,0.6621369923159509,LSPDD/lampdump/CFL_Twister_domestic-use_daylight-color_Tensor-brand_27W_6400K
3224997315.960595,3679752721.782699,1459968185.0322099,8830586183.337349,0.8764168572713787,0.3967571452260279,0.3652076146480425,0.41670537440947186,0.16533083475104515,0.2222279017263621,0.455423436509316,0.41058811892629826,LSPDD/lampdump/LED_PAR20_domestic-use_coolwhite-color_Globe-brand_2.2W_120V_73Lum_4100K
197597095347.26178,195149257501.12454,131148090622.6288,532373663097.0774,1.0125434135772877,0.6720399160210644,0.37116241663372873,0.36656444717014375,0.2463459402925313,0.42168516680773677,0.6227242524682941,0.6755808490625215,LSPDD/lampdump/LED_PAR20_dim_domestic-use_coolwhite-color_LightingScience-brand_8W_46.9Lum_120V_4000K_25000H
54151273760.2216,34712601919.00165,28127214871.133926,85120826594.85382,1.5599889022026678,0.810288290597344,0.636169500772863,0.407803863139415,0.3304386951622298,0.2713044871451612,0.5117602841671571,0.8924281476502395,LSPDD/lampdump/Halo_PAR38_domestic-use_softwhite-color_Rona-brand_90W_130V_clair_3000K
230793509065.81982,176990858217.36432,106616721511.22081,520738088727.2883,1.3039854791956538,0.6023854711201169,0.4432045860710736,0.33988460235343915,0.20474154631515004,0.29066701613604984,0.49169822701486077,0.6450569691155146,LSPDD/lampdump/LED_PAR30_dim_domestic-use_softwhite-color_EnergySmart-brand_10W_120V_50Lum_3000K_5000H
72018930397.89156,54509418956.05877,31377276743.987152,160047232065.1679,1.321219924504196,0.5756303652636815,0.449985479090116,0.34058332813818154,0.1960501055789017,0.2912368576357893,0.44929056168438136,0.5730320818118985,LSPDD/lampdump/CFL_PAR20_domestic-use_softwhite-color_ELume-brand_9W_120V_33.3Lum_2700K_8000H
268255422749.0298,269633919775.84436,203310545248.42337,746829177091.5178,0.9948875236915276,0.7540243653967653,0.359192477982361,0.3610382776231611,0.2722316581687452,0.4889948696243428,0.687119872326043,0.7040991301988351,LSPDD/lampdump/LED_WALL-pack-1192_domestic-use_coolwhite-color_DALS-brand_50W_68Lum_4000K_120V
107734512918.295,69927608294.50674,61297294562.89625,159434003626.43335,1.5406577680243387,0.876582169158952,0.6757310891516316,0.43859908616704335,0.38446813834344096,0.30440106244829823,0.5162819097666071,0.9381830020565729,LSPDD/lampdump/INC_A15_domestic-use_softwhite-color_Sylvania-brand_40W_120V_10.8Lum_2700K
21196375690.155518,26422288440.681805,20679043297.625797,70179029262.31783,0.8022157406138952,0.7826363467362175,0.3020328994709645,0.37649834599335336,0.2946612900604665,0.6063447290304347,0.696884504606098,0.6693714114559846,LSPDD/lampdump/LED_A19_domestic-use_coolwhite-color_Tlsanli-brand_5W_120V_E26_100Lum_4930K
2257823093.562502,2575490079.2075305,2063615070.7220125,6783547150.959343,0.8766576550965501,0.8012514151702653,0.33283812190252055,0.37966715965751036,0.30420884896925526,0.5713639163129286,0.720648054002521,0.6668131948109679,LSPDD/lampdump/CFL_Twister_domestic-use_daylight-color_EnerSaver_Globe-brand_9W_120V_61.1Lum_5000K
144294016938.97845,178593105925.22565,135765990573.51962,476213240649.14124,0.8079484154298334,0.7601972644473907,0.303002950405761,0.37502759411262854,0.2850949511367066,0.5963782188142467,0.6579084978661022,0.6554109929532972,LSPDD/lampdump/LED_PAR20_dim_domestic-use_coolwhite-color_Standard-brand_8W_61Lum_120V_5000K_50000H
51480054727.24093,34810460987.67938,23879173418.963276,93694667326.28374,1.4788673653434663,0.6859769374331163,0.549444874466185,0.37153086702848204,0.25486160632606847,0.24841427100645894,0.44261655156187774,0.5782547041854873,LSPDD/lampdump/CFL_A19Shape_domestic-use_softwhite-color_EnerSaver_Globe-brand_15W_120V_33.3Lum_2569K
173908789791.8739,113971642589.59613,67507117898.79755,356110563347.72473,1.5258952651766828,0.5923150387670197,0.4883561671324543,0.32004566648675437,0.1895678613523186,0.254003138606209,0.45368091895023305,0.6850521179298602,LSPDD/lampdump/LED_MR16_domestic-use_softwhite-color_Philips-brand_10W_65Lm_120V_2700K
356038702615.4664,278467663324.78326,170753426936.5618,814257760180.1475,1.2785639034870997,0.6131894270876548,0.43725552279255636,0.34198957251960943,0.20970439004325128,0.29413716035384907,0.5094214835641449,0.6431416350431612,LSPDD/lampdump/LED_PAR38_dim_domestic-use_softwhite-color_EnergySmart-brand_20W_55Lum_3000K_25000H
796177911872.175,524894752015.91,450190528837.44995,1235543346723.725,1.51683343911208,0.8576777098807883,0.6443949651652369,0.42482908706340966,0.36436643848329126,0.3236677264598991,0.5344199417376836,0.919252861817976,LSPDD/lampdump/Halo_BR30_domestic-use_softwhite-color_Enersaver_Globe-brand_43W_120V_11.9Lum_2788K
674070891255.425,443285089806.115,380818194863.875,1036497796885.38,1.5206261314817777,0.8590818947473241,0.6503350931193214,0.4276758630246613,0.3674085907449231,0.3161591843479369,0.52870855688278,0.9197238388277684,LSPDD/lampdump/Halo_PAR38Accubeam_domestic-use_softwhite-color_Standard-brand_90W_130V_5000H-3000K
57769002213.65832,43649107814.19162,26192157741.023586,128616536419.73766,1.3234864377886757,0.6000616977675713,0.44915687999193404,0.33937399520496786,0.2036453357408566,0.2908687467982546,0.486926059354155,0.6557686039896551,LSPDD/lampdump/LED_BR30_dim_domestic-use_softwithe-color_EnergySmart-brand_10W_120V_70Lum_3000K_15000H
179448610690.49554,124708388626.28307,69872320626.4788,378980400881.86865,1.4389457891902842,0.5602856503572269,0.4735036700392092,0.3290628970154995,0.1843692192627623,0.23696918996680175,0.44556767673211073,0.6321311498233598,LSPDD/lampdump/LED_A19Omni_dim_domestic-use_softwithe-color_Standard-brand_13.5W_59.3Lum_120V_2700K_50000H
3373413900.354165,2661901297.7814493,1115261529.973735,7279325095.44995,1.2672948854887005,0.41897178190011974,0.4634239927631158,0.3656796836076617,0.153209468645774,0.19926276871985343,0.3817163286630236,0.4669853071722149,LSPDD/lampdump/CFL_R20_domestic-use_softwhite-color_Sylvania-brand_14W_120V_2700K
334987738785.4425,217845823470.40997,188018774405.275,505756169264.622,1.5377285341022107,0.8630818411389631,0.6623502769576105,0.4307329039350355,0.3717577477673826,0.30454453881748095,0.5178165906936077,0.9289449077727465,LSPDD/lampdump/Halo_PAR30_domestic-use_softwhite-color_ELume-brand_50W_130V_5000H
239183385409.815,149455477840.8775,133042831162.80562,331786736373.34393,1.6003654657908837,0.8901837061098147,0.7208949580813659,0.4504564572849661,0.4009889985870285,0.2506261284186356,0.46795621369820156,0.9768474196445287,LSPDD/lampdump/INC_A19_domestic-use_softwhite-color_Sylvania-brand_60W_120V_14.1Lum_2476K
221647842609.695,147484946773.6325,127300461530.24374,344404446477.22974,1.5028506126112757,0.8631420651060142,0.643568469794275,0.42823183115721897,0.36962490708917195,0.33254248096998856,0.5422462319268266,0.9138754215008967,LSPDD/lampdump/Halo_Vanity_domestic-use_softwhite-color_Enersaver_Globe-brand_43W_120V_14Lum_3000K_clear
356038702615.4664,278467663324.78326,170753426936.5618,814257760180.1475,1.2785639034870997,0.6131894270876548,0.43725552279255636,0.34198957251960943,0.20970439004325128,0.29413716035384907,0.5094214835641449,0.6431416350431612,LSPDD/lampdump/LED_PAR38_domestic-use_softwhite-color_EnergySmart-brand_20W_55Lum_3000K_25000H
2493542961.4463973,1393720820.6540422,468084672.3204768,4366491124.832498,1.789126577212381,0.3358525361634585,0.5710633298360481,0.3191855384127241,0.1071992725826124,0.06017896090543402,0.275779294059241,0.47399702547178324,LSPDD/lampdump/CFL_Twister_domestic-use_yellow-color_Noma-brand_23W_120V
191376893278.70395,133357921502.0618,82782139706.76704,409801113017.6019,1.435062057980149,0.6207515742174129,0.46699944729160325,0.32542108175370854,0.20200564878214802,0.28770257918288994,0.49197354887884265,0.6665113437527527,LSPDD/lampdump/LED_PAR20_domestic-use_softwhite-color_TCP-brand_10W_120V_60Lm_2700K
150133883022.01947,147330102253.5511,102043456798.33195,408099933599.31165,1.019030603560182,0.6926178373426901,0.36788509544190895,0.361014766540505,0.25004526685006073,0.426787711627247,0.6262388109340079,0.6578301242177792,LSPDD/lampdump/LED_MR16_domestic-use_coolwhite-color_Philips-brand_10W_120V_44Lm_4000K
41601092400.69328,30171259132.319824,17247838359.70999,90085089313.33142,1.3788318286037218,0.5716645196697772,0.46179775940497253,0.3349195672924184,0.19146163356423,0.2562595862900355,0.46293898780302273,0.6300286418684504,LSPDD/lampdump/LED_A19_dim_domestic-use_softwhite-color_CREE-brand_9.5W_120V_84.2Lum_2700K_bernard
1368746726796.3904,1707192479538.3716,1211774174735.3623,4430497034067.595,0.8017530203545077,0.7098052441415561,0.30893751113512374,0.38532753016449156,0.27350750162286974,0.5265325323167422,0.6661750831905673,0.6176616762910987,LSPDD/lampdump/LED_WALL-Light_domestic-use_coolwhite-color_RAB-design-brand_14W_91Lum_5000K_120V
69489727978.34845,46661647231.11101,25971338117.990566,144100493912.35712,1.4892257796680854,0.5565885402492722,0.48223101872650465,0.32381323591778205,0.18023073629287148,0.22596024889899635,0.4349130205031781,0.6301774869153937,LSPDD/lampdump/LED_Candelabra_domestic-use_softwhite-color_Philips-brand_3.5W_120V_51.4Lum_2700K
230793509065.81982,176990858217.36432,106616721511.22081,520738088727.2883,1.3039854791956538,0.6023854711201169,0.4432045860710736,0.33988460235343915,0.20474154631515004,0.29066701613604984,0.49169822701486077,0.6450569691155146,LSPDD/lampdump/LED_PAR30_dim_domestic-use_EnergySmart-brand_10W_120V_50Lm_5000H
181139002993.5,167133638159.83746,147016436036.0325,390336909618.2125,1.0837974030115265,0.8796340321116808,0.4640580957887676,0.42817789976179915,0.3766398524285825,0.5454557831778503,0.675343541295001,0.7177792563125613,LSPDD/lampdump/CFL_Dayligth-Sky-10000Lux_lighttherapy-use_Daylight-color_Uplift-Technologies-brand_55W_4000K
2786032530.461508,3186653578.5001802,2498907728.2664127,8482941185.959193,0.8742815815494989,0.7841792861094554,0.3284276608062422,0.3756543289224579,0.2945803434783396,0.5590488282108595,0.7057260092770609,0.6584574246367275,LSPDD/lampdump/CFL_Twister_domestic-use_daylight-color_EnerSaver_Globe-brand_13W_120V_67.7Lum_5000K
255976465243.9665,194784399529.53015,111179137534.77414,566389901990.596,1.3141528061910284,0.5707805029730777,0.45194390709355653,0.343905141749445,0.1962943497827758,0.28511207339097977,0.47706030810582867,0.6760727323345302,LSPDD/lampdump/LED_PAR20_domestic-use_softwhite-color_Standard-brand_7W_120V_50Lum_3000K
330119317.71413743,633514637.611363,148738458.29977,1164836075.80685,0.5210918550498481,0.2347829860105227,0.28340409828522256,0.543865914500068,0.1276904633956696,0.11929925525849926,0.4862806603222301,0.29698881770899727,LSPDD/lampdump/CFL_Twister_domestic-use_green-color_Rona-brand_13W_120V
93628108726.30292,39145350999.00898,14893334753.51535,151911219489.92993,2.39180659610571,0.3804624143973673,0.6163343895248596,0.25768571360592557,0.09803972875421896,0.039497005564602415,0.17004174757474375,0.5481607775239621,LSPDD/lampdump/LED_Lytepro7-Architectural-Wall-Sconce_outdoor-use_softwhite-color_Philips-brand_13W_120-200V_42.7Lum_1800K
86421628396.88655,90013587998.282,69813544402.31715,250718329194.1386,0.9600953624750076,0.7755889522329631,0.3446960925220897,0.3590227658568266,0.27845409079867656,0.5361387225852801,0.6655665281388324,0.6588168034920446,LSPDD/lampdump/CFL_PAR20_domestic-use_coolwhite-color_Elume-brand_9W_33.3Lum_120V_4100K_8000H
679886009.50865,799219952.027512,350719975.16180503,1750066829.0514002,0.8506869827059146,0.43882785242294853,0.3884914554246896,0.45667967574742174,0.20040376135344956,0.20534305920417506,0.4889168707718149,0.40099809097188926,LSPDD/lampdump/CFL_Twister_domestic-use_daylight-color_EnerSaver_Globe-brand_23W_120V_69.6Lum_5000K
1314302652907.95,897863858672.575,801442985536.6875,2104428225697.8625,1.4638106214131938,0.8926108093063925,0.6245414487691097,0.4266545409857486,0.3808364551235365,0.40988922452909243,0.6135749524000773,0.9653929945320144,LSPDD/lampdump/Halo_R30_domestic-use_softwhite-color_Enersaver_Globe-brand_72W_120V_16Lum_3000K
60070286176.631744,39456729616.665184,22354949966.111233,122383197045.81265,1.5224344936905285,0.5665687496986385,0.4908376936267253,0.3224031612926,0.18266355599243686,0.2357595561003647,0.43973605678923294,0.6671802288901224,LSPDD/lampdump/LED_A19_dim_domestic-use_softwhite-color_Philips-brand_11W_120V_75.5Lum_2700K_bernard
474933972266.3069,439955335693.32104,329219539093.6467,1252906545248.0205,1.079504971835069,0.7483021852089442,0.3790657603854171,0.35114776705570583,0.26276464141902595,0.471644211213642,0.6611799884237949,0.7447713329199659,LSPDD/lampdump/LED_PAR30LN_dim_domestic-use_coolwhite-color_Standard-brand_15W_56Lum_120V_4000K_50000H
148372236162.36707,96542822887.6796,82180750203.73715,225863718604.40387,1.536854130886427,0.8512362467311356,0.6569104461714734,0.42743838401409023,0.36385104571697596,0.2888184042641366,0.5175293691636512,0.9120440206987451,LSPDD/lampdump/Halo_Vanity_domestic-use_softwhite-color_Enersaver_Globe-brand_29W_120V_11.9Lum_3000K
712938704967.1093,568423561796.0663,366010618416.029,1667601595382.5278,1.2542384814493153,0.643904727065735,0.4275234006378902,0.34086292755415404,0.21948325033358496,0.3347331228340769,0.5371182137154156,0.6749289274309332,LSPDD/lampdump/LED_Step-light-002_domestic-use_softwhite-color_DALS-brand_3.5W_70Lum_3000K_120V
189053734668.925,127386074158.25499,109348851506.41998,299651211208.728,1.4841004867930752,0.8584050668723262,0.6309126330787158,0.4251144977669444,0.36492043888402925,0.3445842348255466,0.5520141770575815,0.9052808588212424,LSPDD/lampdump/Halo_BR40_domestic-use_softwhite-color_Enersaver_Globe-brand_65W_120V_14.3Lum_2840K_blanc_givre
295277376654.4934,348697859091.3314,259577693167.67865,933919680000.071,0.8468000848182837,0.7444200943593683,0.31616999082241304,0.37337028714429155,0.277944344386938,0.5566663814417981,0.6509486436832193,0.6467767176535277,LSPDD/lampdump/LED_PAR30LN_dim_domestic-use_coolwhite-color_Standard-brand_15W_56Lm_120V_5000K_50000H
104312900491.71419,80874778492.06514,45440757735.345116,233718587015.5481,1.2898075572713763,0.5618656221704946,0.4463183772575811,0.34603485980635745,0.1944250917977789,0.27793245213353,0.45648232789736093,0.5695593359399864,LSPDD/lampdump/CFL_PAR30_domestic-use_softwhite-color_ELume-brand_15W_120V_46.7Lum_2700K_8000H
12224659585.88175,12021944009.613976,9259887861.917675,34252819646.644135,1.0168621294613969,0.7702487929167298,0.3568949859308719,0.3509767701939191,0.2703394335836786,0.5252077241707914,0.6246818333650824,0.6819330465345274,spectra_johanne/Lleida/academia-1.IRR
16529273382.59253,18087035497.18594,15528204746.937136,51617026830.477516,0.9138741053040021,0.8585268022143862,0.3202290871358895,0.350408316941385,0.3008349318130124,0.6549551402593503,0.6872223786714006,0.726869757159823,spectra_johanne/Lleida/lapalma-1.IRR
7329215953.784233,7413047207.834892,5635014862.615413,20711056097.22408,0.9886913907735462,0.7601482500556226,0.3538793926962795,0.3579270498344345,0.272077620579217,0.4901624471737467,0.671424487036236,0.6976539810939076,spectra_johanne/Lleida/cervantez-1.SSM.IRR
7222595000.797651,10199537565.56282,8512323772.362352,26768623981.44426,0.7081296533662114,0.834579383393117,0.2698156993726791,0.38102584475888773,0.3179963145757141,0.7023481461314713,0.7863086842621884,0.7004570762411991,spectra_johanne/Lleida/arago-1.IRR
20686893890.3415,20697593431.477993,13585743224.719929,56140089818.152504,0.9994830538549365,0.656392409566709,0.3684870109283747,0.36867759739111733,0.24199717650482053,0.3704165737381249,0.5909275531766606,0.5902661127678556,spectra_johanne/Lleida/vinas-2-old.SSM.IRR
5765457137.672693,6332619385.292146,5161548284.596898,17742376375.404488,0.9104379699596793,0.815073190184914,0.32495405438840225,0.356920586696086,0.29091640124105,0.606713664414501,0.6789583067709218,0.7005918355145107,spectra_johanne/Lleida/cataluna-1.IRR
4312430445.690265,6374475872.677535,6253538092.380257,17133347305.364567,0.6765152981713101,0.9810278079778064,0.25169806978348086,0.37205081757034386,0.3649921980173852,0.7919446294075807,1.0275669664168943,0.8176425725371419,spectra_johanne/Lleida/vinas-1-new.SSM.IRR
8113037489.116388,8397466697.311209,6717326327.828554,23768274605.82714,0.9661291650866692,0.7999229493794099,0.341338932828021,0.3533056915815188,0.28261733084242063,0.5696829961205123,0.6685563038568392,0.7040095208575646,spectra_johanne/Lleida/blondel-1.IRR
5602259696.787966,2000206530.4237595,962412408.630195,8489564773.638958,2.800840618994021,0.48115651758536176,0.6598995173679109,0.23560766467494576,0.11336416345141656,0.06975158193671205,0.19099089481268192,0.7016606857456215,spectra_johanne/Ager/ager-cabesas-1.IRR
13972109043.402718,9501788405.953075,5189151172.575408,28969865968.86763,1.470471499307319,0.5461236296657893,0.4822980216207351,0.3279886905988499,0.17912237419917346,0.21489388296989884,0.4509829837818145,0.6343588205739856,spectra_johanne/Ager/camping-sport-ager.IRR
54927939228.98439,19472345771.083,9120697238.868305,82773219140.52463,2.8208177830610413,0.4683923214024273,0.663595542124958,0.23524934723179816,0.11018898785830764,0.05628933938701313,0.18833190186426207,0.6959578631265092,spectra_johanne/Ager/camping-street-ager-2.IRR
17726837907.436077,6157550577.447361,2736798564.7279325,26485155784.901123,2.8788781650226922,0.44446221436681793,0.6693122008193714,0.23249063088228872,0.10333330062148055,0.041456086605329776,0.17531387208922586,0.6855428741841455,spectra_johanne/Ager/camping-street-ager.IRR
196275821.31264925,202777680.62520105,108673160.15377682,525489109.165343,0.9679360209047398,0.5359226904002324,0.37351073102999716,0.38588369785109644,0.20680382953395,0.34503912670276815,0.40172005992798415,0.5218482245424055,spectra_johanne/Spectres_images_Asiago/MH_ball_old.IRR
3841407484.930161,1408187252.320356,661828774.3748685,6176687835.13438,2.7279095721115496,0.4699863411519547,0.6219202892332323,0.22798420284578286,0.10714946133593455,0.05835834350563714,0.17065499894763345,0.4462855489205648,spectra_johanne/Spectres_images_Asiago/A02.IRR
4934335963.6380625,1962027289.2595124,924332922.6985712,8078013199.166094,2.5149170914438845,0.471111144966502,0.6108353430454213,0.2428848828152516,0.11442577523814786,0.07825803776856471,0.1688495216441697,0.46995989832379664,spectra_johanne/Spectres_images_Asiago/A03.IRR
21296668936.288887,8953856708.56002,5587189324.575693,36442992856.403244,2.378491149621476,0.6239980721641722,0.584383094445739,0.24569487867917456,0.1533131306364151,0.1590998846102545,0.2607037931423877,0.6075764717335389,spectra_johanne/Spectres_images_Asiago/A01.IRR
1120992103.3143024,1243319834.5068862,604520179.9979489,3171006698.7564697,0.9016120166368131,0.4862145388661864,0.3535130038526587,0.39208994260228525,0.1906398306364396,0.29938779673879007,0.38652247982487725,0.4750921422842494,spectra_johanne/Spectres_images_Asiago/MH_ball.IRR
437360298.311584,451278472.4372526,297804649.14815634,1245660251.8391395,0.9691583468395918,0.6599132627350492,0.35110721215182783,0.36228054300598267,0.23907373516050337,0.4587953359445581,0.4494573173176656,0.5928271461545834,spectra_johanne/Spectres_images_Asiago/MH_ball_white.IRR
324946258.03209174,360976814.7845875,198634938.348496,924278345.1264684,0.9001859530119768,0.550270627400353,0.3515675334659383,0.3905498994842244,0.21490813822032895,0.3742291701294101,0.43462445066729305,0.5394552135815559,spectra_johanne/Spectres_images_Asiago/MH_ball_old2.IRR
489941836.4285774,575185819.8060817,214418625.9298789,1368555672.5669272,0.8517974879731155,0.3727814882539491,0.35799920036107813,0.4202867529146521,0.1566751212449438,0.19272497056709237,0.36292788581632074,0.41578907548655847,spectra_johanne/Spectres_images_Asiago/MH_ball_old3.IRR
1695977058.2256274,1188299067.633351,575012659.0070343,3487283069.7131023,1.4272308246470156,0.48389557365575087,0.4863319163721214,0.34075211099255903,0.16488843822315244,0.18944719820262046,0.38994199063185003,0.5522838585124142,spectra_johanne/Spectres_images_Asiago/CFL.IRR
615427247.3381135,707684287.2512605,448556200.0758598,1877438262.3777335,0.8696353139738547,0.6338365965678162,0.3278015898955254,0.37694144272685387,0.2389192811633515,0.4611198558588828,0.4647274914881777,0.558711058908433,spectra_johanne/Spectres_images_Asiago/MH_cutoff.IRR
6174653643.231325,5027278683.733654,3744353760.09147,15197671051.26712,1.228229830029144,0.74480727957389,0.4062894651688429,0.33079270282761514,0.2463768130959303,0.4390031692294678,0.5522987540288499,0.6926707806561235,spectra_johanne/MadridLamps/ledespozymina.IRR
10749712645.842407,4627021033.157518,2473292115.198825,18435261730.239555,2.323246980899655,0.5345322827527822,0.583106049870154,0.25098754229064,0.13416094392312627,0.12191980921502962,0.21615817027125445,0.5296819850860536,spectra_johanne/MadridLamps/farol.fernandino.IRR
8764655695.308128,3440052250.8098326,2053984181.6422162,14564773174.895454,2.547826328290454,0.5970793557448675,0.6017708336450658,0.23618989526999792,0.1410241105012581,0.13177733633404615,0.22358720784118344,0.5415671320973505,spectra_johanne/MadridLamps/farol.fernandino3.IRR
17453752058.99206,7117146840.453575,4437005150.458,29662899630.871376,2.452352389272853,0.623424702331311,0.5884034358133767,0.23993429263558824,0.14958096496541526,0.16014379803084206,0.23872914841436005,0.5371474137197968,spectra_johanne/MadridLamps/farol.fernandino2.IRR
8018193366.144944,4322606028.166079,2197775385.6482763,14772854948.027796,1.8549442891391068,0.5084375886508239,0.542765321554544,0.29260464841585376,0.14877120186857878,0.1438613409220792,0.28601434253474606,0.5800211590334068,spectra_johanne/MadridLamps/ministerio1.IRR
2231073246.6841693,2400935399.803838,1908701870.271578,6567489023.888573,0.9292516770199037,0.794982601542517,0.339714804024623,0.365578897973134,0.29062886337972843,0.6417664353353733,0.675301355038499,0.6799777496420565,spectra_johanne/MadridLamps/ministerio.mh.IRR
1317563645.9529724,1165261347.3993032,789125982.8321006,3357363192.540673,1.130702265971137,0.6772094385463974,0.39244001032724457,0.34707634550478755,0.23504337707203263,0.40947228551676274,0.5289682525753877,0.5911279068379809,spectra_johanne/MadridLamps/solfacade.IRR
9310922874.056381,5127031351.278216,3754169584.7943788,18136007987.97091,1.8160456287701618,0.7322306667499565,0.5133942861202999,0.28269900160381645,0.20700087843390955,0.3104486684096575,0.42332515340548227,0.7103402253019815,spectra_johanne/MadridLamps/solhps.IRR
7166076438.519285,3077782749.6972322,1607707663.0090725,12296873703.431551,2.3283243234839195,0.522359046676451,0.5827559598761699,0.2502898560988188,0.13074117062456514,0.11234426518320428,0.21626914509314846,0.4970336808441859,spectra_johanne/Spectres_images_Barcelona/B28.IRR
2250203682.109591,943004318.7211671,593500288.1358786,3802886491.4453773,2.3862071863691474,0.629371760397386,0.5917093994710181,0.2479706719731085,0.15606573834663803,0.16777363180591645,0.264324511775463,0.6641273121592534,spectra_johanne/Spectres_images_Barcelona/B29.IRR
20480439588.68,14896630182.46856,10120396983.347212,45097730919.16414,1.3748370831399759,0.679374923011624,0.4541345910593675,0.33031884041283954,0.2244103367747618,0.3615349169987784,0.5275627624655046,0.688348574934311,spectra_johanne/Spectres_images_Barcelona/B11.IRR
20736805445.118126,14925377753.216562,10006360887.640438,45290090873.38406,1.3893655348622012,0.6704259719981942,0.45786628035459886,0.32955062499086,0.22093929808210971,0.3480376920489612,0.5234263565434942,0.6914487990303616,spectra_johanne/Spectres_images_Barcelona/B10.IRR
2808320657.1904535,1129391452.227441,619234423.9023925,4715085101.496185,2.486578636354779,0.5482903405024964,0.595603387158234,0.23952726788940965,0.13133048727071708,0.11850421797164194,0.20055681023652855,0.4922000296591275,spectra_johanne/Spectres_images_Barcelona/B60.IRR
23703556167.820076,9101871262.319454,6135435212.091013,39734513087.50239,2.6042508715707364,0.6740850354026545,0.5965482983425687,0.22906713975015958,0.15441073100807112,0.1691513674003026,0.246130037180453,0.5807013082520824,spectra_johanne/Spectres_images_Barcelona/B48.IRR
8355662654.860455,5917763915.154348,3885796168.8224397,17998271687.12494,1.4119628249216023,0.6566325092610744,0.46424805670856034,0.3287962321064205,0.21589829492362556,0.3235336347363287,0.5144032937276798,0.6858657438925925,spectra_johanne/Spectres_images_Barcelona/B3.IRR
3204794117.096504,2330507402.7670045,1433829171.532009,6987070971.035036,1.37514865358997,0.6152433456463721,0.4586749054621037,0.33354568923489447,0.20521176577080158,0.2892680557968353,0.4969732867062347,0.6314440728521465,spectra_johanne/Spectres_images_Barcelona/B2.IRR
14934088893.383816,5240940870.030718,3883193939.0797405,24256130329.67899,2.8495053204628666,0.7409345068716604,0.615683074357123,0.2160666519678977,0.16009123822724494,0.188489379715912,0.23907439323781518,0.6182454232685728,spectra_johanne/Spectres_images_Barcelona/B49.IRR
5813485328.575045,2268094355.2616944,1157089498.20543,9590919542.113688,2.5631585013597373,0.5101593306826621,0.6061447291939063,0.23648351394279785,0.12064427119054173,0.09339672977388376,0.18425311863006055,0.4729033980493008,spectra_johanne/Spectres_images_Barcelona/B61.IRR
7345048790.425984,2889648857.068592,1540836657.1992464,12192876183.525425,2.54184821538392,0.5332262615335035,0.6024049354614418,0.2369948495805265,0.12637187764451913,0.10445647369105902,0.19621739793018844,0.49833243589244797,spectra_johanne/Spectres_images_Barcelona/B63.IRR
9596432544.429733,6683329034.8739195,4477496114.4414625,20630855350.84563,1.4358761171797925,0.6699499741936512,0.4651495239161952,0.32394822808933993,0.21702910704853234,0.33342993304974994,0.5085839453475975,0.6748396936843047,spectra_johanne/Spectres_images_Barcelona/B1.IRR
31012687889.047153,13050372702.501068,7157061782.53315,52784480639.05852,2.3763833107313217,0.5484181904752435,0.5875342053872353,0.24723881990503638,0.13559026622755468,0.11780557401873852,0.22660760972423158,0.5251540107890837,spectra_johanne/Spectres_images_Barcelona/B62.IRR
41528976262.59346,41900285644.29105,30695147379.563602,115992808040.0112,0.9911382613271472,0.732576088863629,0.35803061383140433,0.36123175524673684,0.26462974643199816,0.4505695355190646,0.6874299390086196,0.6704864657847679,spectra_johanne/Spectres_images_Barcelona/B66.IRR
2166105820.1301746,2018379160.0149448,1501362276.6888375,5760597684.272784,1.0731907379157324,0.7438455105123662,0.3760210205347161,0.3503766919056671,0.260626129262205,0.46754557621758613,0.6413214233427754,0.698691615457544,spectra_johanne/Spectres_images_Barcelona/B5.IRR
2153026158.9246197,1968214296.4596567,1461001012.5038617,5652229487.111081,1.0938982420752634,0.7422977341094669,0.3809162674364547,0.3482191055667192,0.2584822530358009,0.4643801888758406,0.6280106477018733,0.6990856740533811,spectra_johanne/Spectres_images_Barcelona/B4.IRR
38464888970.81225,30622004827.220123,21413183728.940628,89216199012.69812,1.2561192249770834,0.6992743894386135,0.43114243149203824,0.3432336858787461,0.24001452612762503,0.4332985867854455,0.49923757850611705,0.7120906145271307,spectra_johanne/Spectres_images_Barcelona/B67.IRR
4901334025.316611,1616303149.4502387,911135098.692543,7632685412.7302065,3.0324348665556498,0.56371547565347,0.642150666545473,0.2117607450130829,0.11937280909978322,0.09214771169546347,0.16127383186439587,0.4615319988452213,spectra_johanne/Spectres_images_Barcelona/B59.IRR
6276964415.9510565,2452976655.1993637,1312619887.7639627,10407014205.832554,2.558917306712363,0.5351130778116927,0.6031474822464609,0.2357041709258556,0.12612838435718787,0.10538727554564169,0.19521391679929054,0.49889762961720757,spectra_johanne/Spectres_images_Barcelona/B65.IRR
16758021012.449251,12223765654.029688,8123856812.180393,36732320159.97412,1.3709376870232128,0.6645952681121862,0.45622005197237336,0.332779568532387,0.22116372657103936,0.344405578628812,0.5309255944251796,0.695067218161228,spectra_johanne/Spectres_images_Barcelona/B6.IRR
4997476942.051147,2161737754.3301353,1246642280.9125795,8681426785.641575,2.3117868631571046,0.5766852516756273,0.5756515680483072,0.2490071975156764,0.14359877836837048,0.14334054798899448,0.23255268505004859,0.5269151653822995,spectra_johanne/Spectres_images_Barcelona/B7.IRR
18990171226.150856,8506761338.538301,4343693289.231478,32885984245.756783,2.2323620553593546,0.510616569146378,0.5774548538440392,0.25867437249155506,0.13208342060773007,0.11268956252004395,0.22370673925481718,0.5288337922169933,spectra_johanne/Spectres_images_Barcelona/B70.IRR
7374845867.758203,2899452824.331904,1490313827.8300557,12211230017.00253,2.543530215725281,0.5139983017911167,0.603939640600472,0.23744150427883168,0.12204452997404766,0.09192627760148767,0.19132835774894602,0.488578860538859,spectra_johanne/Spectres_images_Barcelona/B64.IRR
7654576298.457875,7686800689.0026245,6952629788.7039995,22355869179.195625,0.9958078280095317,0.9044894059307417,0.3423967208388044,0.343838149498386,0.31099796357612064,0.7419752270723766,0.7252920644320813,0.7946337827943168,spectra_johanne/Spectres_images_Barcelona/B58.IRR
1757555449.0215507,614194996.8477509,344306594.3438707,2786189723.59074,2.8615593712776866,0.5605818935532925,0.630809680381879,0.22044263233309133,0.12357614825315659,0.10486576689122018,0.17234725049071317,0.49019509083309376,spectra_johanne/Spectres_images_Barcelona/B41.IRR
902480846.5509603,1038404520.6641217,592733800.7367153,2678517275.3761315,0.8691033490241066,0.5708120380269788,0.3369329945517074,0.38767885882621517,0.22129175950656527,0.39216390761605535,0.4418913454625961,0.5247744751785991,spectra_johanne/Spectres_images_Barcelona/B55.IRR
22324704205.40854,9845828689.361168,5071201414.107344,38477418532.332466,2.267427649795626,0.5150609028559465,0.5802027541595378,0.25588589528395067,0.1317968202530538,0.1112447564564597,0.22104028284289098,0.525549722054913,spectra_johanne/Spectres_images_Barcelona/B69.IRR
46793365066.06711,46371810717.479706,33500179632.78862,128736417039.26129,1.0090907459093137,0.7224255234907364,0.3634819590465714,0.3602074050525851,0.2602230231603535,0.43637866162525224,0.6745599970974756,0.6654207865531099,spectra_johanne/Spectres_images_Barcelona/B68.IRR
2256744295.618887,896888117.6088629,503389167.8455767,3776656208.798567,2.516193771900392,0.5612619433376271,0.5975508944556022,0.23748206562179555,0.1332896456587229,0.13154348320065962,0.20272909676859208,0.5098441220583341,spectra_johanne/Spectres_images_Barcelona/B54.IRR
1011829842.6295053,1057302659.6012282,788360027.7966332,2971155619.4822607,0.9569916744663506,0.7456332589704926,0.3405509411875982,0.35585569893019225,0.2653378445165417,0.5594434020582777,0.5016861913283874,0.6482179986438388,spectra_johanne/Spectres_images_Barcelona/B56.IRR
5042244235.928564,2154671892.024045,1030448291.287637,8563965143.522104,2.3401448056167875,0.4782390744048086,0.5887744930562432,0.2515974616797532,0.12032373719632448,0.0885910994277762,0.2031943394553127,0.492330571947386,spectra_johanne/Spectres_images_Barcelona/B42.IRR
108538751681.90813,48480361300.121994,28025918334.94375,189560748332.15375,2.2388189520698765,0.578088066659545,0.5725803080905939,0.2557510546179809,0.1478466327102483,0.14652177590057938,0.2574174897484243,0.5761102240949252,spectra_johanne/Spectres_images_Barcelona/B9.IRR
5360580501.41726,2354873857.983287,1408653073.45943,9403073661.800924,2.2763769206763627,0.5981862122609828,0.5700881109965243,0.2504366064417568,0.14980772501888895,0.15295618851565146,0.24589043604774746,0.5474314335171971,spectra_johanne/Spectres_images_Barcelona/B8.IRR
3690564868.709892,1342058917.8964772,727618894.3836906,5918627722.682596,2.7499276071235585,0.5421661334542223,0.6235507691362546,0.22675170339792786,0.12293709428541318,0.09509464715712485,0.18043224571068842,0.48676644914947254,spectra_johanne/Spectres_images_Barcelona/B43.IRR
457923863.48259115,505249767.9720432,424565362.32099646,1415429575.3752618,0.9063316650705108,0.8403078818325925,0.323522887644329,0.35695860589749956,0.299955130023643,0.6946664668231417,0.6067477941385804,0.7259556547747807,spectra_johanne/Spectres_images_Barcelona/B57.IRR
7442512183.838516,2529434052.287196,1371422933.8689454,11693321203.454617,2.942362611552871,0.5421856848289286,0.6364754764146681,0.21631442498474365,0.11728258464872914,0.08213600809173847,0.1649497355436791,0.4616501788635175,spectra_johanne/Spectres_images_Barcelona/B53.IRR
6173782176.935905,3178637666.407508,2129659235.8313937,11823580990.741127,1.942273019092958,0.6699911909866505,0.522158403767057,0.26883882885368254,0.18011964712713505,0.2686627424501034,0.2866476579165626,0.5482278596302114,spectra_johanne/Spectres_images_Barcelona/B47.IRR
10551458704.756363,4881969685.057087,2701595406.5969687,18478858196.374496,2.1613118035232084,0.5533822577526673,0.5710016599849514,0.26419217211239365,0.14619926068413766,0.14461714080800575,0.2542680143398805,0.6051163359851338,spectra_johanne/Spectres_images_Barcelona/B46.IRR
22865867010.82544,18821593724.815315,13101014697.28659,55384293771.26329,1.2148741145484379,0.6960629842951911,0.4128583295701358,0.339836304540568,0.23654747231035717,0.38497598025255614,0.5761320525538944,0.685302847812337,spectra_johanne/Spectres_images_Barcelona/B52.IRR
4858547684.339434,2119088726.40379,1088454073.9914203,8358161288.511251,2.2927533065520365,0.5136425202160302,0.5812938416273173,0.25353527567320255,0.13022649796044972,0.10666689097026857,0.21843228169134496,0.5058844039935195,spectra_johanne/Spectres_images_Barcelona/B44.IRR
11481428551.774885,5288273508.746282,2849927759.629385,20007473182.914024,2.1711109557373947,0.5389145918636558,0.5738570006721184,0.26431491175319227,0.14244316279094982,0.1298263413283682,0.24890367201262756,0.5989014719498156,spectra_johanne/Spectres_images_Barcelona/B50.IRR
5155399186.803919,2023790863.1929955,1069789009.3057618,8531112951.937227,2.5473972042101676,0.5286065021649142,0.6043055830872854,0.23722471787616378,0.12539852834357754,0.09321155989286567,0.19808599712663844,0.4920964438744282,spectra_johanne/Spectres_images_Barcelona/B51.IRR
13914963071.313549,4813248132.577588,3491868070.207594,22298407894.890495,2.8909714787261165,0.7254701968455615,0.6240339282026522,0.2158561344498728,0.1565971923496712,0.17218845248338502,0.2399828995594081,0.6570171514149983,spectra_johanne/Spectres_images_Barcelona/B45.IRR
7388847571.339961,3570308303.7950773,1708343559.4928558,13199709471.652458,2.0695264785637555,0.47848628581373864,0.559773500106814,0.27048385507746436,0.12942281518859747,0.1063367523727224,0.24305497818444555,0.5113597308156649,spectra_johanne/Spectres_images_Barcelona/B22.IRR
9434414325.076132,7452850231.762348,4780712420.917711,22135058144.150948,1.2658800367232403,0.6414609541653481,0.4262204446736056,0.33669892273274726,0.21597921224259287,0.3418605674845999,0.4960634279387788,0.6257268456205705,spectra_johanne/Spectres_images_Barcelona/B23.IRR
2861068281.8116684,2898968382.1227484,2468910378.3290734,8377775478.464104,0.9869263491989768,0.8516513645178951,0.3415069178168269,0.34603080371094114,0.29469760614564694,0.5927329910123548,0.7002613737959076,0.7281415370787698,spectra_johanne/Spectres_images_Barcelona/B35.IRR
7179578795.806249,3250239430.616873,1590423435.0257444,12515633963.066198,2.2089384333275457,0.48932500788838595,0.5736488312931874,0.259694350298864,0.1270749400085609,0.10048972803739478,0.22479920128606792,0.5109895075800343,spectra_johanne/Spectres_images_Barcelona/B21.IRR
6953094888.946133,5830060198.797692,4387005197.181162,17474208932.19838,1.1926283180369286,0.7524802570796567,0.3979061321702638,0.33363800452534875,0.2510560114167781,0.43870301704471837,0.5749283345202373,0.6846738816705997,spectra_johanne/Spectres_images_Barcelona/B34.IRR
6487033667.300939,4747524461.767033,3037901733.033454,14183958720.552027,1.3664034213077987,0.6398917493734713,0.45735001032550027,0.33471082053334283,0.21417869248531074,0.33638668214339223,0.5036738200270013,0.658820487719205,spectra_johanne/Spectres_images_Barcelona/B30.IRR
3011282323.133331,3069760005.2308025,2427409642.9479556,8666573866.65348,0.9809504058956312,0.7907489962771369,0.34745937315781633,0.35420687026535,0.2800887271367916,0.5408584446528839,0.6906580778367178,0.7035589159488357,spectra_johanne/Spectres_images_Barcelona/B24.IRR
7719392777.546351,3523789595.372304,1944593624.1494377,13623220007.537457,2.1906508798607094,0.5518472574818937,0.5666349639274243,0.25866055113421504,0.1427411157621717,0.1409181942375974,0.24790800024409895,0.5222151762009878,spectra_johanne/Spectres_images_Barcelona/B25.IRR
20022479720.76786,8609507414.03372,4740339610.382031,34260581828.64518,2.325624307858856,0.550593591760564,0.5844173873319081,0.25129483956502263,0.13836132830700051,0.1251110957650847,0.23241559480451507,0.5533122721976345,spectra_johanne/Spectres_images_Barcelona/B31.IRR
4296322965.358969,4290767574.0598497,3257107980.606387,12062201151.561981,1.0012947313512632,0.7590968106260224,0.35618067642675827,0.3557201144423148,0.27002600434868484,0.4922314146781839,0.6723210769206387,0.6862105063427848,spectra_johanne/Spectres_images_Barcelona/B27.IRR
5939010753.290167,4755257936.795436,3491494394.677635,14444959604.96423,1.248935564006957,0.7342386976868284,0.41114761935707567,0.32919842400675314,0.24171022212327475,0.4244732602869202,0.5396129551536049,0.6855473890674931,spectra_johanne/Spectres_images_Barcelona/B33.IRR
7891427747.678135,3565537842.415976,1971526353.6809423,13750933761.365652,2.213250313543433,0.5529393995563525,0.5738830456626686,0.25929423443472904,0.14337399829676317,0.13582950726951942,0.2463263130600905,0.5681063415619663,spectra_johanne/Spectres_images_Barcelona/B32.IRR
10137054560.297523,8084567387.523106,5270533945.448974,23987482512.760662,1.2538771803599555,0.65192529084277,0.42259768422571636,0.33703275794874865,0.21972017874927888,0.34767762450617706,0.5067795458929558,0.6296906543298317,spectra_johanne/Spectres_images_Barcelona/B26.IRR
