S1,2020,2,19,11,11,29,0,0,0,0,30.2,25.2,60,2.4,40943,0,1,0,0,0,UE,,,,,,
S2,2020,2,19,11,11,30,0,0,0,0,30.2,25.2,60,2.4,7578,10.020833,0,3,2,0,UE,,,,,,
S3,2020,2,19,11,11,31,0,0,0,0,31.6,25.2,60,2.4,2184,3.340278,3,2,1,0,UE,,,,,,
S4,2020,2,19,11,11,32,0,0,0,0,31.6,25.2,60,2.4,1649,26.722223,41,21,15,0,UE,,,,,,
S5,2020,2,19,11,11,33,0,0,0,0,31.5,25.1,60,2.4,16168,0,0,1,1,0,UE,,,,,,
S6,2020,2,19,11,11,34,0,0,0,0,31.5,25.1,60,2.4,5953,6.680556,0,2,1,0,UE,,,,,,
S1,2020,2,19,11,11,49,0,0,0,0,31.5,25.1,60,24,0,0,0,0,0,0,UE,,,,,,
S2,2020,2,19,11,11,50,0,0,0,0,31.5,25.1,60,24,2037,0.334028,5,3,2,11,UE,,,,,,
S3,2020,2,19,11,11,51,0,0,0,0,31.5,25.2,60,24,2113,3.340278,27,17,10,6,UE,,,,,,
S4,2020,2,19,11,11,52,0,0,0,0,31.5,25.2,60,24,1627,27.056252,409,205,149,73,UE,,,,,,
S5,2020,2,19,11,11,53,0,0,0,0,31.5,25.1,60,24,1621,21889.844,1,1,6,3,UE,,,,,,
S6,2020,2,19,11,11,55,0,0,0,0,31.5,25.1,60,24,1676,21889.176,2,1,9,5,UE,,,,,,
S1,2020,2,19,11,11,56,0,0,0,0,31.5,25.1,60,50.4,0,0,0,0,0,0,UE,,,,,,
S2,2020,2,19,11,11,57,0,0,0,0,31.5,25.1,60,50.4,2222,3.976521,58,38,22,123,UE,,,,,,
S3,2020,2,19,11,11,58,0,0,0,0,31.5,25.1,60,50.4,2067,3.499338,58,36,21,58,UE,,,,,,
S4,2020,2,19,11,11,59,0,0,0,0,31.5,25.1,60,50.4,1626,27.199404,855,428,310,730,OK,,,,,,
S5,2020,2,19,11,12,0,0,0,0,0,31.5,25.1,60,50.4,2692,1.590608,20,15,9,44,UE,,,,,,
S6,2020,2,19,11,12,1,0,0,0,0,31.5,25.1,60,50.4,2027,1.590608,26,16,9,52,UE,,,,,,
S1,2020,2,19,11,12,3,0,0,0,0,31.5,25.1,60,100.8,0,0,0,0,0,0,UE,,,,,,
S2,2020,2,19,11,12,4,0,0,0,0,31.5,25.1,60,100.8,2229,4.294642,121,80,45,256,UE,,,,,,
S3,2020,2,19,11,12,5,0,0,0,0,31.5,25.1,60,100.8,4096,5.328538,58,74,42,123,UE,,,,,,
S4,2020,2,19,11,12,6,0,0,0,0,31.5,25.1,60,50.4,1628,55.989414,1753,880,639,1534,OK,,,,,,
S5,2020,2,19,11,12,8,0,0,0,0,31.5,25.1,60,100.8,2991,1.511078,31,26,15,73,UE,,,,,,
S6,2020,2,19,11,12,9,0,0,0,0,31.5,25.1,60,100.8,2169,1.670139,53,34,20,107,UE,,,,,,
S1,2020,2,19,11,12,10,0,0,0,0,31.5,25.1,60,153.6,0,0,0,0,0,0,UE,,,,,,
S2,2020,2,19,11,12,11,0,0,0,0,31.5,25.1,60,153.6,2253,5.532335,236,157,89,500,UE,,,,,,
S3,2020,2,19,11,12,13,0,0,0,0,31.4,25.1,60,153.6,2052,3.601237,174,108,61,364,UE,,,,,,
S4,2020,2,19,11,12,14,0,0,0,0,31.4,25.1,60,50.4,1627,83.188812,2608,1308,949,4676,OK,,,,,,
S5,2020,2,19,11,12,15,0,0,0,0,31.5,25.1,60,153.6,2506,1.304796,52,37,22,111,UE,,,,,,
S6,2020,2,19,11,12,17,0,0,0,0,31.5,25.1,60,153.6,2154,2.348633,109,70,40,219,UE,,,,,,
S1,2020,2,19,11,12,18,0,0,0,0,31.5,25.2,60,614.4,0,0,0,0,0,0,UE,,,,,,
S2,2020,2,19,11,12,20,0,0,0,0,31.5,25.2,60,614.4,2137,7.437337,1388,884,511,2893,OK,,,,,,
S3,2020,2,19,11,12,22,0,0,0,0,31.5,25.1,60,614.4,2062,3.627333,697,434,246,1457,OK,,,,,,
S4,2020,2,19,11,12,25,0,0,0,0,31.5,25.1,60,50.4,1628,333.39151,10432,5236,3799,18701,OK,,,,,,
S5,2020,2,19,11,12,27,0,0,0,0,31.5,25.1,60,614.4,2435,0.482775,81,56,34,172,UE,,,,,,
S6,2020,2,19,11,12,28,0,0,0,0,31.4,25.1,60,614.4,2141,3.470757,646,412,238,1301,OK,,,,,,
S1,2020,2,19,11,12,31,0,0,0,0,31.5,25.1,60,614.4,0,0,0,0,0,0,UE,,,,,,
S2,2020,2,19,11,12,33,0,0,0,0,31.5,25.2,60,614.4,2132,7.502577,1401,891,514,2916,OK,,,,,,
S3,2020,2,19,11,12,36,0,0,0,0,31.4,25.1,60,614.4,2064,3.666477,701,437,247,1465,OK,,,,,,
S4,2020,2,19,11,12,38,0,0,0,0,31.5,25.2,60,50.4,1628,333.86871,10435,5240,3803,18700,OK,,10438.6,5244.2,3806.8,,DEL 2700K
S5,2020,2,19,11,12,40,0,0,0,0,31.5,25.2,60,614.4,2425,2.165961,362,250,151,765,OK,,,,,,
S6,2020,2,19,11,12,42,0,0,0,0,31.5,25.2,60,614.4,2155,3.522949,649,416,240,1311,OK,,,,,,
S1,2020,2,19,11,12,44,0,0,0,0,31.5,25.1,60,614.4,0,0,0,0,0,0,UE,,,,,,
S2,2020,2,19,11,12,47,0,0,0,0,31.4,25.1,60,614.4,2129,7.698296,1442,916,529,3000,OK,,,,,,
S3,2020,2,19,11,12,49,0,0,0,0,31.5,25.2,60,614.4,2061,3.679524,705,439,248,1472,OK,,,,,,
S4,2020,2,19,11,12,52,0,0,0,0,31.5,25.2,60,50.4,1628,333.86871,10440,5243,3807,18705,OK,,,,,,
S5,2020,2,19,11,12,53,0,0,0,0,31.5,25.2,60,614.4,2849,3.157606,401,322,185,925,OK,,,,,,
S6,2020,2,19,11,12,55,0,0,0,0,31.5,25.2,60,614.4,2145,3.535997,656,419,242,1323,OK,,,,,,
S1,2020,2,19,11,12,58,0,0,0,0,31.5,25.2,60,614.4,0,0,0,0,0,0,UE,,,,,,
S2,2020,2,19,11,13,0,0,0,0,0,31.5,25.2,60,614.4,2132,7.815728,1463,930,538,3046,OK,,,,,,
S3,2020,2,19,11,13,3,0,0,0,0,31.5,25.2,60,614.4,2060,3.679524,707,440,249,1476,OK,,,,,,
S4,2020,2,19,11,13,5,0,0,0,0,31.5,25.2,60,50.4,1628,333.86871,10439,5243,3807,18701,OK,,,,,,
S5,2020,2,19,11,13,7,0,0,0,0,31.5,25.2,60,614.4,2417,1.657091,271,188,111,569,OK,,,,,,
S6,2020,2,19,11,13,9,0,0,0,0,31.4,25.1,60,614.4,2140,3.509901,654,417,241,1317,OK,,,,,,
S1,2020,2,19,11,13,11,0,0,0,0,31.5,25.2,60,614.4,0,0,0,0,0,0,UE,,,,,,
S2,2020,2,19,11,13,14,0,0,0,0,31.5,25.2,60,614.4,2142,7.541721,1411,899,523,2943,OK,,,,,,
S3,2020,2,19,11,13,16,0,0,0,0,31.5,25.2,60,614.4,2084,3.627333,689,432,246,1446,OK,,,,,,
S4,2020,2,19,11,13,18,0,0,0,0,31.5,25.2,60,50.4,1628,333.86871,10439,5243,3807,18699,OK,,,,,,
S5,2020,2,19,11,13,20,0,0,0,0,31.5,25.2,60,614.4,2611,3.014078,443,327,192,972,OK,,,,,,
S6,2020,2,19,11,13,22,0,0,0,0,31.5,25.2,60,614.4,2154,3.366374,623,399,231,1259,OK,,,,,,
S1,2020,2,19,11,13,24,0,0,0,0,31.5,25.2,60,614.4,0,0,0,0,0,0,UE,,,,,,
S2,2020,2,19,11,13,27,0,0,0,0,31.5,25.2,60,614.4,2147,7.202473,1344,858,499,2806,OK,,,,,,
S3,2020,2,19,11,13,29,0,0,0,0,31.5,25.2,60,614.4,2064,3.601237,692,431,245,1447,OK,,,,,,
S4,2020,2,19,11,13,32,0,0,0,0,31.5,25.2,60,50.4,1629,334.34589,10440,5246,3810,18702,OK,,,,,,
S5,2020,2,19,11,13,34,0,0,0,0,31.5,25.2,60,614.4,2737,3.235894,437,338,195,985,OK,,,,,,
S6,2020,2,19,11,13,35,0,0,0,0,31.5,25.2,60,614.4,2149,3.522949,652,417,241,1316,OK,,,,,,
S1,2020,2,19,11,20,56,0,0,0,0,31.5,25.2,60,2.4,0,0,0,0,0,0,UE,,,,,,
S2,2020,2,19,11,20,57,0,0,0,0,31.5,25.2,60,2.4,41300,210748.16,7588,23,22,10051,UE,,,,,,
S3,2020,2,19,11,20,58,0,0,0,0,31.3,26,60,2.4,5883,13.361112,16,12,12,5270,UE,,,,,,
S4,2020,2,19,11,21,0,0,0,0,0,31.3,26,60,2.4,2573,136.95139,203,121,114,5873,OK,,,,,,
S5,2020,2,19,11,21,1,0,0,0,0,31.3,26,60,2.4,41359,211279.23,7097,21,19,9549,UE,,,,,,
S6,2020,2,19,11,21,2,0,0,0,0,31.3,26,60,2.4,41230,213741.02,4804,14,14,6232,UE,,,,,,
S1,2020,2,19,11,21,3,0,0,0,0,31.2,25.9,60,24,0,0,0,0,0,0,UE,,,,,,
S2,2020,2,19,11,21,4,0,0,0,0,31.2,25.9,60,24,4866,3.674306,29,23,21,39,UE,,,,,,
S3,2020,2,19,11,21,5,0,0,0,0,31.3,26,60,24,4787,17.703472,162,120,114,20,UE,,,,,,
S4,2020,2,19,11,21,6,0,0,0,0,31.3,26,60,2.4,2570,1379.5347,2003,1195,1123,292,OK,,,,,,
S5,2020,2,19,11,21,7,0,0,0,0,31.3,26,60,24,5720,4.008334,26,23,21,35,UE,,,,,,
S6,2020,2,19,11,21,8,0,0,0,0,31.3,26,60,24,1641,21863.787,19,15,135,25,UE,,,,,,
S1,2020,2,19,11,21,9,0,0,0,0,31.2,26,60,50.4,0,0,0,0,0,0,UE,,,,,,
S2,2020,2,19,11,21,10,0,0,0,0,31.2,26,60,50.4,4890,18.132935,310,240,223,410,OK,,,,,,
S3,2020,2,19,11,21,12,0,0,0,0,31.2,26,60,50.4,4814,17.655752,342,253,241,211,OK,,,,,,
S4,2020,2,19,11,21,13,0,0,0,0,31.2,26,60,2.4,2575,2929.4236,4230,2526,2372,283,OK,,,,,,
S5,2020,2,19,11,21,14,0,0,0,0,31.2,26,60,50.4,58920,10413.395,274,23,21,369,UE,,,,,,
S6,2020,2,19,11,21,15,0,0,0,0,31.2,26,60,50.4,4966,10.657077,187,144,135,243,OK,,,,,,
S1,2020,2,19,11,21,16,0,0,0,0,31.2,26,60,100.8,0,0,0,0,0,0,UE,,,,,,
S2,2020,2,19,11,21,17,0,0,0,0,31.2,26,60,50.4,4906,38.492725,652,506,470,863,OK,,,,,,
S3,2020,2,19,11,21,18,0,0,0,0,31.2,26,60,50.4,4850,17.496693,340,251,240,440,OK,,,,,,
S4,2020,2,19,11,21,20,0,0,0,0,31.2,26,60,2.4,2578,2916.0625,4207,2513,2360,293,OK,,,,,,
S5,2020,2,19,11,21,21,0,0,0,0,31.2,26,60,100.8,47155,5199.1421,564,21,19,759,UE,,,,,,
S6,2020,2,19,11,21,22,0,0,0,0,31.2,26,60,50.4,4893,22.427578,390,300,280,506,OK,,,,,,
S1,2020,2,19,11,21,23,0,0,0,0,31.2,26,60,153.6,0,0,0,0,0,0,UE,,,,,,
S2,2020,2,19,11,21,24,0,0,0,0,31.2,26,60,50.4,4908,38.492725,649,504,468,858,OK,,,,,,
S3,2020,2,19,11,21,26,0,0,0,0,31.2,26,60,50.4,4836,17.337633,339,250,239,438,OK,,,,,,
S4,2020,2,19,11,21,27,0,0,0,0,31.2,26,60,2.4,2577,2909.3818,4193,2505,2351,263,OK,,4189.166667,2502.166667,2347,,Halo 3000K
S5,2020,2,19,11,21,28,0,0,0,0,31.2,26,60,153.6,43691,3401.864,1156,21,19,1557,UE,,,,,,
S6,2020,2,19,11,21,29,0,0,0,0,31.2,26,60,50.4,4933,22.268518,389,299,280,505,OK,,,,,,
S1,2020,2,19,11,21,30,0,0,0,0,31.2,26,60,614.4,0,0,0,0,0,0,UE,,,,,,
S2,2020,2,19,11,21,32,0,0,0,0,31.2,26,60,50.4,4910,455.07306,7798,6019,5612,10266,OK,,,,,,
S3,2020,2,19,11,21,34,0,0,0,0,31.2,26,60,50.4,4879,17.496693,339,251,240,439,OK,,,,,,
S4,2020,2,19,11,21,35,0,0,0,0,31.2,26,60,2.4,2574,2919.4026,4209,2514,2359,282,OK,,,,,,
S5,2020,2,19,11,21,36,0,0,0,0,31.2,26,60,614.4,42479,848.14349,1703,21,20,2290,UE,,,,,,
S6,2020,2,19,11,21,38,0,0,0,0,31.2,26,60,50.4,4934,275.0162,4745,3657,3419,6152,OK,,,,,,
S1,2020,2,19,11,21,40,0,0,0,0,31.1,26,60,614.4,0,0,0,0,0,1,UE,,,,,,
S2,2020,2,19,11,21,42,0,0,0,0,31.1,26,60,50.4,4914,456.18649,7813,6033,5625,10286,OK,,,,,,
S3,2020,2,19,11,21,43,0,0,0,0,31.1,26,60,50.4,4836,17.337633,339,250,239,438,OK,,,,,,
S4,2020,2,19,11,21,45,0,0,0,0,31.1,26,60,2.4,2573,2922.7429,4207,2513,2357,264,OK,,,,,,
S5,2020,2,19,11,21,46,0,0,0,0,31.1,26,60,614.4,41375,826.39252,6839,21,19,9199,UE,,,,,,
S6,2020,2,19,11,21,47,0,0,0,0,31.1,26,60,50.4,4918,273.4256,4726,3638,3400,6138,OK,,,,,,
S1,2020,2,19,11,21,49,0,0,0,0,31.1,26,60,614.4,0,0,0,0,0,1,UE,,,,,,
S2,2020,2,19,11,21,51,0,0,0,0,31.1,26,60,50.4,4909,455.70932,7808,6027,5619,10279,OK,,,,,,
S3,2020,2,19,11,21,53,0,0,0,0,31.1,26,60,50.4,4803,17.496693,338,250,238,437,OK,,,,,,
S4,2020,2,19,11,21,54,0,0,0,0,31.1,26,60,2.4,2569,2906.0415,4187,2500,2345,262,OK,,,,,,
S5,2020,2,19,11,21,55,0,0,0,0,31.1,26,60,614.4,41392,826.50995,6815,22,20,9169,UE,,,,,,
S6,2020,2,19,11,21,57,0,0,0,0,31.1,26,60,50.4,4976,268.65375,4647,3584,3359,6005,OK,,,,,,
S1,2020,2,19,11,21,59,0,0,0,0,31.1,26,60,614.4,0,0,0,0,0,1,UE,,,,,,
S2,2020,2,19,11,22,0,0,0,0,0,31.1,26,60,50.4,5065,415.46692,7081,5507,5166,9235,OK,,,,,,
S3,2020,2,19,11,22,2,0,0,0,0,31.1,26,60,50.4,5018,17.17857,328,245,235,421,OK,,,,,,
S4,2020,2,19,11,22,3,0,0,0,0,31.1,26,60,2.4,2570,2889.3401,4165,2487,2333,288,OK,,,,,,
S5,2020,2,19,11,22,4,0,0,0,0,31.1,26.1,60,614.4,41417,830.65918,5827,19,17,7778,UE,,,,,,
S6,2020,2,19,11,22,6,0,0,0,0,31.1,26.1,60,50.4,5044,268.17661,4628,3581,3365,5956,OK,,,,,,
S1,2020,2,19,11,22,8,0,0,0,0,31.1,26.1,60,614.4,0,0,0,0,0,1,UE,,,,,,
S2,2020,2,19,11,22,10,0,0,0,0,31.1,26.1,60,50.4,5077,416.73941,7106,5528,5189,9260,OK,,,,,,
S3,2020,2,19,11,22,12,0,0,0,0,31.1,26.1,60,50.4,5101,17.17857,329,246,237,420,OK,,,,,,
S4,2020,2,19,11,22,13,0,0,0,0,31.1,26.1,60,2.4,2571,2906.0415,4174,2494,2337,264,OK,,,,,,
S5,2020,2,19,11,22,14,0,0,0,0,31.1,26.1,60,614.4,41335,832.42065,5403,17,16,7161,UE,,,,,,
S6,2020,2,19,11,22,16,0,0,0,0,31.1,26.1,60,50.4,5109,270.24438,4655,3612,3403,5964,OK,,,,,,
S1,2020,2,19,11,26,32,0,0,0,0,31.1,26.1,60,2.4,40943,0,1,0,0,0,UE,,,,,,
S2,2020,2,19,11,26,33,0,0,0,0,31.1,26.1,60,2.4,44458,218657.92,252,8,8,318,UE,,,,,,
S3,2020,2,19,11,26,34,0,0,0,0,30.8,26.5,60,2.4,5883,6.680556,8,6,6,195,UE,,,,,,
S4,2020,2,19,11,26,35,0,0,0,0,30.8,26.5,60,2.4,2813,26.722223,43,26,25,52,UE,,,,,,
S5,2020,2,19,11,26,36,0,0,0,0,30.8,26.5,60,2.4,41243,217141.42,1645,5,5,2036,UE,,,,,,
S6,2020,2,19,11,26,37,0,0,0,0,30.8,26.5,60,2.4,44589,218788.19,122,4,4,149,UE,,,,,,
S1,2020,2,19,11,26,38,0,0,0,0,30.8,26.5,60,24,0,0,0,0,0,0,UE,,,,,,
S2,2020,2,19,11,26,39,0,0,0,0,30.8,26.5,60,24,4136,1.336111,12,9,8,14,UE,,,,,,
S3,2020,2,19,11,26,41,0,0,0,0,30.8,26.5,60,24,5346,7.682639,77,57,56,9,UE,,,,,,
S4,2020,2,19,11,26,42,0,0,0,0,30.8,26.5,60,24,2815,29.728474,414,253,239,59,UE,,,,,,
S5,2020,2,19,11,26,43,0,0,0,0,30.8,26.5,60,24,1648,21880.824,7,5,49,8,UE,,,,,,
S6,2020,2,19,11,26,44,0,0,0,0,30.8,26.5,60,24,1654,21882.16,6,4,42,7,UE,,,,,,
S1,2020,2,19,11,26,45,0,0,0,0,30.8,26.5,60,50.4,0,0,0,0,0,0,UE,,,,,,
S2,2020,2,19,11,26,46,0,0,0,0,30.8,26.5,60,50.4,5030,6.998677,126,96,91,159,UE,,,,,,
S3,2020,2,19,11,26,47,0,0,0,0,30.8,26.5,60,50.4,5210,8.112103,162,120,117,95,UE,,,,,,
S4,2020,2,19,11,26,48,0,0,0,0,30.8,26.5,60,50.4,2805,30.0625,877,535,506,556,OK,,,,,,
S5,2020,2,19,11,26,50,0,0,0,0,30.8,26.5,60,50.4,5391,3.976521,65,52,49,81,UE,,,,,,
S6,2020,2,19,11,26,51,0,0,0,0,30.8,26.5,60,50.4,5096,3.022156,58,44,42,71,UE,,,,,,
S1,2020,2,19,11,26,52,0,0,0,0,30.8,26.5,60,100.8,0,0,0,0,0,0,UE,,,,,,
S2,2020,2,19,11,26,53,0,0,0,0,30.8,26.5,60,100.8,4919,7.396329,265,202,190,333,OK,,,,,,
S3,2020,2,19,11,26,54,0,0,0,0,30.8,26.5,60,100.8,10725,12.724868,162,246,240,198,OK,,,,,,
S4,2020,2,19,11,26,56,0,0,0,0,30.8,26.5,60,50.4,2808,61.556541,1793,1094,1035,1176,OK,,1803.25,1100.75,1041.75,,INC 2800K
S5,2020,2,19,11,26,57,0,0,0,0,30.7,26.5,60,100.8,5454,4.135582,136,109,103,168,OK,,,,,,
S6,2020,2,19,11,26,58,0,0,0,0,30.7,26.5,60,100.8,5152,3.260747,121,92,88,147,UE,,,,,,
S1,2020,2,19,11,26,59,0,0,0,0,30.8,26.5,60,153.6,0,0,0,0,0,0,UE,,,,,,
S2,2020,2,19,11,27,1,0,0,0,0,30.8,26.5,60,100.8,4931,15.349372,543,415,390,684,OK,,,,,,
S3,2020,2,19,11,27,2,0,0,0,0,30.7,26.5,60,100.8,5288,8.191634,331,245,240,404,OK,,,,,,
S4,2020,2,19,11,27,3,0,0,0,0,30.7,26.5,60,50.4,2809,61.397488,1799,1097,1039,1178,OK,,,,,,
S5,2020,2,19,11,27,4,0,0,0,0,30.7,26.5,60,100.8,5438,8.430225,278,222,210,343,OK,,,,,,
S6,2020,2,19,11,27,6,0,0,0,0,30.7,26.5,60,153.6,5066,4.436306,249,189,180,302,OK,,,,,,
S1,2020,2,19,11,27,7,0,0,0,0,30.7,26.5,60,614.4,0,0,0,0,0,0,UE,,,,,,
S2,2020,2,19,11,27,9,0,0,0,0,30.7,26.5,60,100.8,4981,86.92675,3227,2429,2313,3997,OK,,,,,,
S3,2020,2,19,11,27,11,0,0,0,0,30.7,26.5,60,100.8,5268,8.191634,333,246,241,407,OK,,,,,,
S4,2020,2,19,11,27,12,0,0,0,0,30.7,26.5,60,50.4,2816,61.874664,1800,1099,1040,1179,OK,,,,,,
S5,2020,2,19,11,27,13,0,0,0,0,30.7,26.5,60,100.8,5405,8.430225,279,222,210,344,OK,,,,,,
S6,2020,2,19,11,27,14,0,0,0,0,30.7,26.5,60,153.6,5094,6.628363,370,281,268,450,OK,,,,,,
S1,2020,2,19,11,27,16,0,0,0,0,30.8,26.6,60,614.4,0,0,0,0,0,0,UE,,,,,,
S2,2020,2,19,11,27,17,0,0,0,0,30.8,26.6,60,100.8,4985,86.529099,3207,2416,2300,3979,OK,,,,,,
S3,2020,2,19,11,27,19,0,0,0,0,30.8,26.6,60,100.8,5224,8.271164,332,246,240,405,OK,,,,,,
S4,2020,2,19,11,27,21,0,0,0,0,30.8,26.6,60,50.4,2818,61.874664,1803,1101,1042,1179,OK,,,,,,
S5,2020,2,19,11,27,22,0,0,0,0,30.8,26.6,60,100.8,5426,8.350694,277,221,209,342,OK,,,,,,
S6,2020,2,19,11,27,23,0,0,0,0,30.8,26.6,60,153.6,5083,6.576171,369,280,267,449,OK,,,,,,
S1,2020,2,19,11,27,24,0,0,0,0,30.8,26.6,60,614.4,0,0,0,0,0,0,UE,,,,,,
S2,2020,2,19,11,27,26,0,0,0,0,30.8,26.6,60,100.8,4972,86.44957,3205,2413,2296,3974,OK,,,,,,
S3,2020,2,19,11,27,28,0,0,0,0,30.8,26.6,60,100.8,5302,8.271164,332,246,241,406,OK,,,,,,
S4,2020,2,19,11,27,29,0,0,0,0,30.8,26.6,60,50.4,2813,61.874664,1804,1101,1042,1179,OK,,,,,,
S5,2020,2,19,11,27,31,0,0,0,0,30.8,26.6,60,100.8,5426,8.350694,277,221,209,342,OK,,,,,,
S6,2020,2,19,11,27,32,0,0,0,0,30.8,26.6,60,153.6,5094,6.628363,370,281,268,450,OK,,,,,,
S1,2020,2,19,11,27,33,0,0,0,0,30.6,26.5,60,614.4,0,0,0,0,0,0,UE,,,,,,
S2,2020,2,19,11,27,35,0,0,0,0,30.6,26.5,60,100.8,4999,82.791168,3064,2310,2200,3800,OK,,,,,,
S3,2020,2,19,11,27,37,0,0,0,0,30.7,26.6,60,100.8,5282,8.112103,327,242,237,399,OK,,,,,,
S4,2020,2,19,11,27,38,0,0,0,0,30.7,26.6,60,50.4,2811,61.874664,1806,1102,1043,1181,OK,,,,,,
S5,2020,2,19,11,27,39,0,0,0,0,30.7,26.6,60,100.8,5500,7.714451,259,206,196,317,OK,,,,,,
S6,2020,2,19,11,27,40,0,0,0,0,30.7,26.6,60,153.6,5091,6.523979,363,276,263,442,OK,,,,,,
S1,2020,2,19,11,30,10,0,0,0,0,30.7,26.6,60,2.4,40943,0,1,0,0,0,UE,,,,,,
S2,2020,2,19,11,30,11,0,0,0,0,30.7,26.6,60,2.4,47060,218631.19,276,6,4,739,UE,,,,,,
S3,2020,2,19,11,30,12,0,0,0,0,30.6,26.8,60,2.4,3942,6.680556,3,3,2,405,UE,,,,,,
S4,2020,2,19,11,30,13,0,0,0,0,30.6,26.8,60,2.4,3688,53.444447,43,32,27,2144,UE,,,,,,
S5,2020,2,19,11,30,14,0,0,0,0,30.6,26.7,60,2.4,49034,218801.55,109,3,2,311,UE,,,,,,
S6,2020,2,19,11,30,15,0,0,0,0,30.6,26.7,60,2.4,45463,218724.7,180,3,2,447,UE,,,,,,
S1,2020,2,19,11,30,16,0,0,0,0,30.5,26.7,60,24,0,0,0,0,0,0,UE,,,,,,
S2,2020,2,19,11,30,17,0,0,0,0,30.5,26.7,60,24,4034,1.002083,6,5,4,16,UE,,,,,,
S3,2020,2,19,11,30,18,0,0,0,0,30.5,26.7,60,24,3474,7.682639,36,32,21,9,UE,,,,,,
S4,2020,2,19,11,30,19,0,0,0,0,30.5,26.7,60,24,3537,57.118748,450,329,276,98,UE,,,,,,
S5,2020,2,19,11,30,20,0,0,0,0,30.5,26.7,60,24,1621,21887.84,2,3,18,7,UE,,,,,,
S6,2020,2,19,11,30,22,0,0,0,0,30.5,26.7,60,24,1649,21887.504,3,2,17,7,UE,,,,,,
S1,2020,2,19,11,30,23,0,0,0,0,30.5,26.7,60,50.4,0,0,0,0,0,0,UE,,,,,,
S2,2020,2,19,11,30,24,0,0,0,0,30.5,26.7,60,50.4,3854,6.203372,57,54,37,151,UE,,,,,,
S3,2020,2,19,11,30,25,0,0,0,0,30.5,26.7,60,50.4,3547,7.316798,72,64,43,89,UE,,,,,,
S4,2020,2,19,11,30,26,0,0,0,0,30.5,26.7,60,50.4,3521,57.420963,942,690,576,1025,OK,,,,,,
S5,2020,2,19,11,30,27,0,0,0,0,30.5,26.7,60,50.4,4406,1.90873,16,17,12,45,UE,,,,,,
S6,2020,2,19,11,30,28,0,0,0,0,30.5,26.7,60,50.4,3522,2.704034,27,24,16,66,UE,,,,,,
S1,2020,2,19,11,30,30,0,0,0,0,30.5,26.7,60,100.8,0,0,0,0,0,0,UE,,,,,,
S2,2020,2,19,11,30,31,0,0,0,0,30.5,26.7,60,100.8,3882,7.396329,133,127,87,356,UE,,,,,,
S3,2020,2,19,11,30,32,0,0,0,0,30.5,26.7,60,100.8,5552,9.941302,76,138,92,195,UE,,,,,,
S4,2020,2,19,11,30,33,0,0,0,0,30.5,26.7,60,50.4,3519,118.02314,1937,1418,1184,2150,OK,,,,,,
S5,2020,2,19,11,30,35,0,0,0,0,30.5,26.7,60,100.8,4491,3.81746,54,61,42,156,UE,,,,,,
S6,2020,2,19,11,30,36,0,0,0,0,30.5,26.7,60,100.8,3518,3.181217,61,55,36,151,UE,,,,,,
S1,2020,2,19,11,30,37,0,0,0,0,30.5,26.8,60,153.6,0,0,0,0,0,0,UE,,,,,,
S2,2020,2,19,11,30,38,0,0,0,0,30.5,26.8,60,153.6,3878,10.177408,277,265,181,741,OK,,,,,,
S3,2020,2,19,11,30,40,0,0,0,0,30.5,26.8,60,153.6,3511,7.724392,235,207,139,601,OK,,,,,,
S4,2020,2,19,11,30,41,0,0,0,0,30.5,26.8,60,50.4,3509,176.08035,2886,2112,1761,6562,OK,,2869.6,2103.6,1743.6,,FC 3000K
S5,2020,2,19,11,30,42,0,0,0,0,30.5,26.7,60,153.6,4421,5.166992,114,127,87,327,UE,,,,,,
S6,2020,2,19,11,30,44,0,0,0,0,30.5,26.7,60,153.6,3602,4.384114,124,114,75,310,UE,,,,,,
S1,2020,2,19,11,30,45,0,0,0,0,30.5,26.8,60,614.4,0,0,0,0,0,0,UE,,,,,,
S2,2020,2,19,11,30,47,0,0,0,0,30.5,26.8,60,153.6,3845,57.202255,1611,1510,1043,4275,OK,,,,,,
S3,2020,2,19,11,30,49,0,0,0,0,30.5,26.8,60,153.6,3501,7.724392,234,206,138,598,OK,,,,,,
S4,2020,2,19,11,30,50,0,0,0,0,30.5,26.8,60,50.4,3503,176.39848,2886,2112,1759,6560,OK,,,,,,
S5,2020,2,19,11,30,51,0,0,0,0,30.5,26.8,60,614.4,4451,1.865858,164,183,126,472,OK,,,,,,
S6,2020,2,19,11,30,53,0,0,0,0,30.5,26.8,60,614.4,3571,6.471788,731,668,438,1820,OK,,,,,,
S1,2020,2,19,11,30,56,0,0,0,0,30.5,26.8,60,614.4,0,0,0,0,0,0,UE,,,,,,
S2,2020,2,19,11,30,58,0,0,0,0,30.5,26.8,60,153.6,3860,57.09787,1600,1505,1040,4253,OK,,,,,,
S3,2020,2,19,11,31,0,0,0,0,0,30.5,26.8,60,153.6,3508,7.6722,232,205,137,594,OK,,,,,,
S4,2020,2,19,11,31,1,0,0,0,0,30.5,26.8,60,50.4,3498,176.71658,2884,2112,1756,6555,OK,,,,,,
S5,2020,2,19,11,31,3,0,0,0,0,30.5,26.8,60,614.4,4462,7.463433,640,724,495,1855,OK,,,,,,
S6,2020,2,19,11,31,4,0,0,0,0,30.5,26.8,60,614.4,3565,6.602268,744,680,445,1853,OK,,,,,,
S1,2020,2,19,11,31,7,0,0,0,0,30.5,26.8,60,614.4,0,0,0,0,0,0,UE,,,,,,
S2,2020,2,19,11,31,9,0,0,0,0,30.5,26.8,60,153.6,3830,59.028969,1656,1553,1068,4389,OK,,,,,,
S3,2020,2,19,11,31,11,0,0,0,0,30.5,26.8,60,153.6,3498,7.776584,236,208,139,604,OK,,,,,,
S4,2020,2,19,11,31,13,0,0,0,0,30.4,26.8,60,50.4,3493,177.03471,2880,2110,1752,6546,OK,,,,,,
S5,2020,2,19,11,31,14,0,0,0,0,30.4,26.8,60,614.4,4432,7.659153,664,745,509,1914,OK,,,,,,
S6,2020,2,19,11,31,16,0,0,0,0,30.4,26.8,60,614.4,3561,6.563124,740,676,442,1843,OK,,,,,,
S1,2020,2,19,11,31,18,0,0,0,0,30.4,26.8,60,614.4,0,0,0,0,0,0,UE,,,,,,
S2,2020,2,19,11,31,20,0,0,0,0,30.4,26.8,60,153.6,3831,57.724171,1617,1517,1043,4287,OK,,,,,,
S3,2020,2,19,11,31,22,0,0,0,0,30.4,26.8,60,153.6,3495,7.776584,233,206,137,596,OK,,,,,,
S4,2020,2,19,11,31,24,0,0,0,0,30.4,26.8,60,50.4,3485,177.19379,2873,2106,1745,6529,OK,,,,,,
S5,2020,2,19,11,31,25,0,0,0,0,30.4,26.8,60,614.4,4422,7.646104,663,743,507,1910,OK,,,,,,
S6,2020,2,19,11,31,27,0,0,0,0,30.4,26.8,60,614.4,3561,6.432643,728,664,435,1811,OK,,,,,,
S1,2020,2,19,11,31,29,0,0,0,0,30.4,26.8,60,614.4,0,0,0,0,0,0,UE,,,,,,
S2,2020,2,19,11,31,32,0,0,0,0,30.4,26.8,60,153.6,3825,54.80143,1523,1434,981,4045,OK,,,,,,
S3,2020,2,19,11,31,34,0,0,0,0,30.4,26.8,60,153.6,3478,7.620008,229,202,134,584,OK,,,,,,
S4,2020,2,19,11,31,35,0,0,0,0,30.4,26.8,60,50.4,3482,176.87564,2860,2098,1736,6500,OK,,,,,,
S5,2020,2,19,11,31,36,0,0,0,0,30.4,26.8,60,614.4,3985,7.137234,754,737,507,1978,OK,,,,,,
S6,2020,2,19,11,31,38,0,0,0,0,30.4,26.8,60,614.4,3564,6.367404,716,655,428,1785,OK,,,,,,
S1,2020,2,19,11,31,40,0,0,0,0,30.4,26.8,60,614.4,0,0,0,0,0,0,UE,,,,,,
S2,2020,2,19,11,31,43,0,0,0,0,30.4,26.8,60,153.6,3816,51.461147,1435,1348,922,3805,OK,,,,,,
S3,2020,2,19,11,31,45,0,0,0,0,30.4,26.8,60,153.6,3472,7.620008,231,203,135,589,OK,,,,,,
S4,2020,2,19,11,31,46,0,0,0,0,30.5,26.9,60,50.4,3478,176.55754,2851,2092,1729,6477,OK,,,,,,
S5,2020,2,19,11,31,47,0,0,0,0,30.5,26.9,60,614.4,4373,7.567817,664,737,501,1897,OK,,,,,,
S6,2020,2,19,11,31,49,0,0,0,0,30.5,26.9,60,614.4,3386,3.39247,399,352,226,966,OK,,,,,,
S1,2020,2,19,11,33,39,0,0,0,0,30.5,26.9,60,2.4,0,0,0,0,0,0,UE,,,,,,
S2,2020,2,19,11,33,40,0,0,0,0,30.5,26.9,60,2.4,44621,218520.97,373,4,2,807,UE,,,,,,
S3,2020,2,19,11,33,41,0,0,0,0,30.4,27,60,2.4,2184,3.340278,3,2,1,484,UE,,,,,,
S4,2020,2,19,11,33,42,0,0,0,0,30.4,27,60,2.4,1625,23.381943,38,19,14,1408,UE,,,,,,
S5,2020,2,19,11,33,43,0,0,0,0,30.4,26.9,60,2.4,42225,218370.66,506,2,1,1166,UE,,,,,,
S6,2020,2,19,11,33,44,0,0,0,0,30.4,26.9,60,2.4,41943,218220.34,644,2,1,1326,UE,,,,,,
S1,2020,2,19,11,33,45,0,0,0,0,30.4,27,60,24,0,0,0,0,0,0,UE,,,,,,
S2,2020,2,19,11,33,47,0,0,0,0,30.4,27,60,24,2184,0.668056,6,4,2,13,UE,,,,,,
S3,2020,2,19,11,33,48,0,0,0,0,30.4,27,60,24,2133,5.010417,36,23,13,8,UE,,,,,,
S4,2020,2,19,11,33,49,0,0,0,0,30.4,27,60,24,1649,26.722223,373,191,136,64,UE,,,,,,
S5,2020,2,19,11,33,50,0,0,0,0,30.4,27,60,24,1623,21889.508,2,2,9,4,UE,,,,,,
S6,2020,2,19,11,33,51,0,0,0,0,30.4,27,60,24,1630,21889.508,3,2,9,5,UE,,,,,,
S1,2020,2,19,11,33,52,0,0,0,0,30.4,27,60,50.4,0,0,0,0,0,0,UE,,,,,,
S2,2020,2,19,11,33,53,0,0,0,0,30.4,27,60,50.4,2373,4.294642,58,40,23,127,UE,,,,,,
S3,2020,2,19,11,33,54,0,0,0,0,30.3,26.9,60,50.4,2098,4.930886,76,48,27,76,UE,,,,,,
S4,2020,2,19,11,33,55,0,0,0,0,30.3,26.9,60,50.4,1651,26.881281,782,401,286,673,OK,,,,,,
S5,2020,2,19,11,33,57,0,0,0,0,30.4,27,60,50.4,2807,1.90873,20,16,9,46,UE,,,,,,
S6,2020,2,19,11,33,58,0,0,0,0,30.4,27,60,50.4,2269,1.90873,25,17,9,52,UE,,,,,,
S1,2020,2,19,11,33,59,0,0,0,0,30.4,27,60,100.8,0,0,0,0,0,0,UE,,,,,,
S2,2020,2,19,11,34,0,0,0,0,0,30.4,27,60,100.8,2347,4.692295,123,85,47,266,UE,,,,,,
S3,2020,2,19,11,34,1,0,0,0,0,30.4,27,60,100.8,4088,7.078207,76,98,55,159,UE,,,,,,
S4,2020,2,19,11,34,3,0,0,0,0,30.4,27,60,50.4,1654,55.51223,1597,821,585,1408,OK,,,,,,
S5,2020,2,19,11,34,4,0,0,0,0,30.4,27,60,100.8,2833,2.067791,42,34,19,96,UE,,,,,,
S6,2020,2,19,11,34,5,0,0,0,0,30.4,27,60,100.8,2237,1.8292,53,35,20,109,UE,,,,,,
S1,2020,2,19,11,34,6,0,0,0,0,30.3,26.9,60,153.6,0,0,0,0,0,0,UE,,,,,,
S2,2020,2,19,11,34,8,0,0,0,0,30.3,26.9,60,153.6,2356,6.263021,247,171,95,535,UE,,,,,,
S3,2020,2,19,11,34,9,0,0,0,0,30.3,26.9,60,153.6,2074,4.853841,230,144,81,480,UE,,,,,,
S4,2020,2,19,11,34,10,0,0,0,0,30.3,26.9,60,50.4,1653,82.552574,2376,1221,870,4287,OK,,,,,,
S5,2020,2,19,11,34,12,0,0,0,0,30.4,27,60,153.6,2793,2.974935,94,75,42,216,UE,,,,,,
S6,2020,2,19,11,34,13,0,0,0,0,30.4,27,60,153.6,2233,2.5574,112,74,42,230,UE,,,,,,
S1,2020,2,19,11,34,14,0,0,0,0,30.4,27,60,614.4,0,0,0,0,0,0,UE,,,,,,
S2,2020,2,19,11,34,16,0,0,0,0,30.4,27,60,614.4,2259,8.768229,1491,994,563,3180,OK,,,,,,
S3,2020,2,19,11,34,19,0,0,0,0,30.4,27,60,614.4,2071,4.853841,921,576,324,1917,OK,,,,,,
S4,2020,2,19,11,34,21,0,0,0,0,30.4,27,60,50.4,1653,329.09689,9486,4874,3475,17117,OK,,9487,4877.666667,3479,,DEL 3000K
S5,2020,2,19,11,34,23,0,0,0,0,30.4,27,60,614.4,2798,1.082981,138,110,62,315,UE,,,,,,
S6,2020,2,19,11,34,25,0,0,0,0,30.4,27,60,614.4,2242,3.8361,657,436,246,1349,OK,,,,,,
S1,2020,2,19,11,34,27,0,0,0,0,30.4,27,60,614.4,0,0,0,0,0,0,UE,,,,,,
S2,2020,2,19,11,34,30,0,0,0,0,30.4,27,60,614.4,2262,8.729085,1480,988,559,3158,OK,,,,,,
S3,2020,2,19,11,34,32,0,0,0,0,30.4,27,60,614.4,2072,4.892985,927,580,326,1932,OK,,,,,,
S4,2020,2,19,11,34,34,0,0,0,0,30.3,27,60,50.4,1654,329.73312,9496,4881,3481,17139,OK,,,,,,
S5,2020,2,19,11,34,36,0,0,0,0,30.3,27,60,614.4,2790,4.358018,556,442,249,1268,OK,,,,,,
S6,2020,2,19,11,34,38,0,0,0,0,30.4,27,60,614.4,2248,3.8361,654,435,245,1345,OK,,,,,,
S1,2020,2,19,11,34,41,0,0,0,0,30.3,27,60,614.4,0,0,0,0,0,0,UE,,,,,,
S2,2020,2,19,11,34,43,0,0,0,0,30.3,27,60,614.4,2262,8.716037,1477,986,558,3152,OK,,,,,,
S3,2020,2,19,11,34,45,0,0,0,0,30.3,27,60,614.4,2071,4.879937,924,578,325,1924,OK,,,,,,
S4,2020,2,19,11,34,48,0,0,0,0,30.3,27,60,50.4,1654,329.57404,9487,4878,3479,17127,OK,,,,,,
S5,2020,2,19,11,34,50,0,0,0,0,30.3,27,60,614.4,2785,4.41021,565,448,253,1285,OK,,,,,,
S6,2020,2,19,11,34,52,0,0,0,0,30.3,27,60,614.4,2250,3.849148,657,437,247,1352,OK,,,,,,
S1,2020,2,19,11,34,54,0,0,0,0,30.3,27,60,614.4,0,0,0,0,0,0,UE,,,,,,
S2,2020,2,19,11,34,56,0,0,0,0,30.3,27,60,614.4,2264,8.598605,1461,975,554,3120,OK,,,,,,
S3,2020,2,19,11,34,59,0,0,0,0,30.3,27,60,614.4,2077,4.775553,905,567,320,1888,OK,,,,,,
S4,2020,2,19,11,35,1,0,0,0,0,30.3,27,60,50.4,1655,329.89218,9488,4881,3483,17135,OK,,,,,,
S5,2020,2,19,11,35,3,0,0,0,0,30.3,27,60,614.4,2846,4.162299,520,420,238,1198,OK,,,,,,
S6,2020,2,19,11,35,5,0,0,0,0,30.3,27,60,614.4,2243,3.783908,648,430,243,1332,OK,,,,,,
S1,2020,2,19,11,36,15,0,0,0,0,30.3,27,60,2.4,0,0,0,0,0,0,UE,,,,,,
S2,2020,2,19,11,36,16,0,0,0,0,30.3,27,60,2.4,41769,216596.95,2162,9,7,6330,UE,,,,,,
S3,2020,2,19,11,36,17,0,0,0,0,30.3,27.1,60,2.4,4967,10.020833,5,5,4,3641,UE,,,,,,
S4,2020,2,19,11,36,18,0,0,0,0,30.3,27.1,60,2.4,5249,90.187492,60,51,46,3083,UE,,,,,,
S5,2020,2,19,11,36,19,0,0,0,0,30.3,27.1,60,2.4,42116,218046.64,812,5,4,2582,UE,,,,,,
S6,2020,2,19,11,36,20,0,0,0,0,30.3,27.1,60,2.4,41766,217812.84,1024,4,3,2792,UE,,,,,,
S1,2020,2,19,11,36,21,0,0,0,0,30.3,27.1,60,24,0,0,0,0,0,0,UE,,,,,,
S2,2020,2,19,11,36,22,0,0,0,0,30.3,27.1,60,24,4750,2.004167,9,9,7,27,UE,,,,,,
S3,2020,2,19,11,36,23,0,0,0,0,30.3,27.1,60,24,4702,12.693056,54,55,42,15,UE,,,,,,
S4,2020,2,19,11,36,24,0,0,0,0,30.3,27.1,60,24,5696,92.191666,619,530,491,167,OK,,,,,,
S5,2020,2,19,11,36,26,0,0,0,0,30.3,27.1,60,24,1626,21883.828,3,4,36,11,UE,,,,,,
S6,2020,2,19,11,36,27,0,0,0,0,30.3,27.1,60,24,1637,21884.832,5,4,32,12,UE,,,,,,
S1,2020,2,19,11,36,28,0,0,0,0,30.3,27.1,60,50.4,0,0,0,0,0,0,UE,,,,,,
S2,2020,2,19,11,36,29,0,0,0,0,30.3,27.1,60,50.4,5109,12.088624,98,107,83,294,UE,,,,,,
S3,2020,2,19,11,36,30,0,0,0,0,30.3,27.1,60,50.4,4578,13.520171,118,120,90,161,UE,,,,,,
S4,2020,2,19,11,36,31,0,0,0,0,30.3,27.1,60,24,5656,202.75485,1351,1159,1070,1636,OK,,,,,,
S5,2020,2,19,11,36,32,0,0,0,0,30.3,27.1,60,50.4,5714,5.726191,37,48,37,121,UE,,,,,,
S6,2020,2,19,11,36,33,0,0,0,0,30.3,27.1,60,50.4,4557,5.089947,43,45,33,120,UE,,,,,,
S1,2020,2,19,11,36,35,0,0,0,0,30.3,27.1,60,100.8,0,0,0,0,0,0,UE,,,,,,
S2,2020,2,19,11,36,36,0,0,0,0,30.3,27.1,60,100.8,5072,13.122519,208,229,176,629,OK,,,,,,
S3,2020,2,19,11,36,37,0,0,0,0,30.3,27.1,60,100.8,6720,17.337633,120,250,187,346,OK,,,,,,
S4,2020,2,19,11,36,38,0,0,0,0,30.3,27.1,60,24,5569,427.22156,2813,2417,2217,1658,OK,,2824,2434,2210.8,,CF 5000K
S5,2020,2,19,11,36,40,0,0,0,0,30.3,27.1,60,100.8,3372,8.748346,78,103,37,260,UE,,,,,,
S6,2020,2,19,11,36,41,0,0,0,0,30.3,27.1,60,100.8,4434,5.646659,92,96,69,255,UE,,,,,,
S1,2020,2,19,11,36,42,0,0,0,0,30.3,27.1,60,153.6,0,0,0,0,0,0,UE,,,,,,
S2,2020,2,19,11,36,43,0,0,0,0,30.3,27.1,60,100.8,5026,27.437996,431,476,363,1304,OK,,,,,,
S3,2020,2,19,11,36,45,0,0,0,0,30.2,27.1,60,100.8,4534,14.633596,252,257,191,724,OK,,,,,,
S4,2020,2,19,11,36,46,0,0,0,0,30.2,27.1,60,24,5492,435.23822,2832,2439,2223,1671,OK,,,,,,
S5,2020,2,19,11,36,47,0,0,0,0,30.2,27.1,60,153.6,2940,14.248373,176,228,40,576,UE,,,,,,
S6,2020,2,19,11,36,48,0,0,0,0,30.2,27.1,60,153.6,4486,7.724392,188,199,143,526,OK,,,,,,
S1,2020,2,19,11,36,50,0,0,0,0,30.2,27.1,60,614.4,0,0,0,0,0,0,UE,,,,,,
S2,2020,2,19,11,36,52,0,0,0,0,30.2,27.1,60,100.8,5013,162.00346,2580,2823,2160,7779,OK,,,,,,
S3,2020,2,19,11,36,53,0,0,0,0,30.2,27.1,60,100.8,4519,14.713128,251,257,190,724,OK,,,,,,
S4,2020,2,19,11,36,55,0,0,0,0,30.2,27.1,60,24,5437,438.24445,2833,2442,2216,1671,OK,,,,,,
S5,2020,2,19,11,36,56,0,0,0,0,30.2,27.1,60,614.4,2842,5.519287,264,341,40,862,UE,,,,,,
S6,2020,2,19,11,36,58,0,0,0,0,30.2,27.1,60,153.6,4467,46.763885,1138,1202,862,3179,OK,,,,,,
S1,2020,2,19,11,37,0,0,0,0,0,30.2,27.1,60,614.4,0,0,0,0,0,0,UE,,,,,,
S2,2020,2,19,11,37,1,0,0,0,0,30.2,27.1,60,100.8,4997,158.10648,2511,2749,2098,7571,OK,,,,,,
S3,2020,2,19,11,37,3,0,0,0,0,30.2,27.1,60,100.8,4465,14.633596,248,254,186,713,OK,,,,,,
S4,2020,2,19,11,37,5,0,0,0,0,30.2,27.1,60,24,5395,440.24863,2827,2440,2206,1669,OK,,,,,,
S5,2020,2,19,11,37,6,0,0,0,0,30.2,27.1,60,614.4,2727,22.664307,1022,1329,39,3353,UE,,,,,,
S6,2020,2,19,11,37,7,0,0,0,0,30.2,27.1,60,153.6,4461,45.302513,1101,1163,833,3075,OK,,,,,,
S1,2020,2,19,11,37,9,0,0,0,0,30.2,27.1,60,614.4,0,0,0,0,0,0,UE,,,,,,
S2,2020,2,19,11,37,11,0,0,0,0,30.2,27.1,60,100.8,4968,157.9474,2497,2736,2079,7525,OK,,,,,,
S3,2020,2,19,11,37,13,0,0,0,0,30.2,27.1,60,100.8,4441,14.554067,248,253,185,711,OK,,,,,,
S4,2020,2,19,11,37,14,0,0,0,0,30.2,27.1,60,24,5360,440.91669,2815,2432,2192,1671,OK,,,,,,
S5,2020,2,19,11,37,16,0,0,0,0,30.2,27.1,60,614.4,2751,20.955023,922,1225,38,3075,UE,,,,,,
S6,2020,2,19,11,37,17,0,0,0,0,30.2,27.1,60,153.6,4402,42.431965,1035,1087,773,2875,OK,,,,,,
S1,2020,2,19,11,39,0,0,0,0,0,30.2,27.1,60,2.4,0,0,0,0,0,0,UE,,,,,,
S2,2020,2,19,11,39,1,0,0,0,0,30.2,27.1,60,2.4,42293,218831.61,76,1,1,168,UE,,,,,,
S3,2020,2,19,11,39,2,0,0,0,0,30.2,27.2,60,2.4,8890,0,1,1,1,91,UE,,,,,,
S4,2020,2,19,11,39,4,0,0,0,0,30.2,27.2,60,2.4,3662,10.020833,8,6,5,158,UE,,,,,,
S5,2020,2,19,11,39,5,0,0,0,0,30.2,27.2,60,2.4,41475,218711.36,187,1,1,411,UE,,,,,,
S6,2020,2,19,11,39,6,0,0,0,0,30.2,27.2,60,2.4,55171,218861.67,49,1,0,99,UE,,,,,,
S1,2020,2,19,11,39,7,0,0,0,0,30.2,27.2,60,24,0,0,0,0,0,0,UE,,,,,,
S2,2020,2,19,11,39,8,0,0,0,0,30.2,27.2,60,24,1635,0,2,1,1,4,UE,,,,,,
S3,2020,2,19,11,39,9,0,0,0,0,30.2,27.2,60,24,3778,1.670139,11,9,7,2,UE,,,,,,
S4,2020,2,19,11,39,10,0,0,0,0,30.2,27.2,60,24,3849,10.35486,84,62,54,19,UE,,,,,,
S5,2020,2,19,11,39,11,0,0,0,0,30.2,27.2,60,24,1621,21889.844,1,1,6,1,UE,,,,,,
S6,2020,2,19,11,39,12,0,0,0,0,30.2,27.2,60,24,1620,21890.176,1,1,5,2,UE,,,,,,
S1,2020,2,19,11,39,13,0,0,0,0,30.2,27.2,60,50.4,0,0,0,0,0,0,UE,,,,,,
S2,2020,2,19,11,39,14,0,0,0,0,30.2,27.2,60,50.4,4193,2.067791,20,19,14,46,UE,,,,,,
S3,2020,2,19,11,39,16,0,0,0,0,30.2,27.2,60,50.4,4034,1.90873,24,20,16,25,UE,,,,,,
S4,2020,2,19,11,39,17,0,0,0,0,30.2,27.2,60,50.4,3811,11.452381,197,145,126,199,OK,,,,,,
S5,2020,2,19,11,39,18,0,0,0,0,30.2,27.2,60,50.4,4508,0.795304,8,8,6,19,UE,,,,,,
S6,2020,2,19,11,39,19,0,0,0,0,30.2,27.2,60,50.4,4094,0.477183,9,7,6,18,UE,,,,,,
S1,2020,2,19,11,39,20,0,0,0,0,30.2,27.2,60,100.8,0,0,0,0,0,0,UE,,,,,,
S2,2020,2,19,11,39,21,0,0,0,0,30.2,27.2,60,100.8,4154,2.465443,46,44,32,108,UE,,,,,,
S3,2020,2,19,11,39,23,0,0,0,0,30.2,27.2,60,100.8,6418,3.022156,27,46,35,59,UE,,,,,,
S4,2020,2,19,11,39,24,0,0,0,0,30.2,27.2,60,50.4,3804,26.881281,446,331,285,467,OK,,,,,,
S5,2020,2,19,11,39,25,0,0,0,0,30.2,27.2,60,100.8,4619,1.033895,18,19,14,43,UE,,,,,,
S6,2020,2,19,11,39,26,0,0,0,0,30.2,27.2,60,100.8,3882,0.795304,20,17,13,43,UE,,,,,,
S1,2020,2,19,11,39,28,0,0,0,0,30.2,27.2,60,153.6,0,0,0,0,0,0,UE,,,,,,
S2,2020,2,19,11,39,29,0,0,0,0,30.2,27.2,60,153.6,4203,3.549045,101,97,71,244,UE,,,,,,
S3,2020,2,19,11,39,30,0,0,0,0,30.2,27.2,60,153.6,3863,2.505208,88,75,57,199,UE,,,,,,
S4,2020,2,19,11,39,32,0,0,0,0,30.2,27.2,60,50.4,3795,45.014221,738,550,471,1603,OK,,,,,,
S5,2020,2,19,11,39,33,0,0,0,0,30.2,27.2,60,153.6,4825,1.513563,37,40,30,93,UE,,,,,,
S6,2020,2,19,11,39,34,0,0,0,0,30.2,27.2,60,153.6,3779,1.356988,44,39,28,97,UE,,,,,,
S1,2020,2,19,11,39,36,0,0,0,0,30.2,27.2,60,614.4,0,0,0,0,0,0,UE,,,,,,
S2,2020,2,19,11,39,38,0,0,0,0,30.2,27.2,60,614.4,4167,5.166992,643,590,445,1555,OK,,,,,,
S3,2020,2,19,11,39,40,0,0,0,0,30.1,27.2,60,614.4,3815,2.857503,385,333,247,896,OK,,,,,,
S4,2020,2,19,11,39,42,0,0,0,0,30.2,27.2,60,50.4,3811,211.39186,3417,2559,2186,7545,OK,,,,,,
S5,2020,2,19,11,39,44,0,0,0,0,30.2,27.2,60,614.4,4664,0.63935,62,67,49,161,UE,,,,,,
S6,2020,2,19,11,39,46,0,0,0,0,30.1,27.2,60,614.4,3807,2.413872,295,266,189,681,OK,,,,,,
S1,2020,2,19,11,39,48,0,0,0,0,30.1,27.2,60,614.4,0,0,0,0,0,0,UE,,,,,,
S2,2020,2,19,11,39,51,0,0,0,0,30.1,27.2,60,614.4,4146,6.093397,729,680,504,1826,OK,,,,,,
S3,2020,2,19,11,39,53,0,0,0,0,30.1,27.2,60,614.4,3768,3.39247,438,384,278,1055,OK,,,,,,
S4,2020,2,19,11,39,56,0,0,0,0,30.1,27.2,60,50.4,3838,250.998,3998,3013,2568,8986,OK,,,,,,
S5,2020,2,19,11,39,58,0,0,0,0,30.1,27.2,60,614.4,4726,3.235894,299,331,241,811,OK,,,,,,
S6,2020,2,19,11,39,59,0,0,0,0,30.1,27.2,60,614.4,3781,2.792263,333,303,212,793,OK,,,,,,
S1,2020,2,19,11,40,2,0,0,0,0,30.2,27.3,60,614.4,0,0,0,0,0,0,UE,,,,,,
S2,2020,2,19,11,40,4,0,0,0,0,30.1,27.2,60,614.4,4131,7.006754,815,769,563,2101,OK,,,,,,
S3,2020,2,19,11,40,7,0,0,0,0,30.1,27.2,60,614.4,3740,3.875244,487,431,307,1207,OK,,,,,,
S4,2020,2,19,11,40,9,0,0,0,0,30.1,27.2,60,50.4,3865,287.582,4542,3438,2929,10344,OK,,,,,,
S5,2020,2,19,11,40,11,0,0,0,0,30.1,27.2,60,614.4,4732,3.627333,325,366,264,911,OK,,,,,,
S6,2020,2,19,11,40,13,0,0,0,0,30.1,27.2,60,614.4,3765,3.170654,366,337,232,891,OK,,,,,,
S1,2020,2,19,11,40,15,0,0,0,0,30.2,27.3,60,614.4,0,0,0,0,0,0,UE,,,,,,
S2,2020,2,19,11,40,18,0,0,0,0,30.1,27.2,60,614.4,4119,7.711344,881,838,608,2314,OK,,,,,,
S3,2020,2,19,11,40,20,0,0,0,0,30.2,27.3,60,614.4,3734,4.279731,526,470,331,1327,OK,,,,,,
S4,2020,2,19,11,40,23,0,0,0,0,30.1,27.2,60,50.4,3877,315.41763,4942,3754,3193,11343,OK,,,,,,
S5,2020,2,19,11,40,25,0,0,0,0,30.1,27.2,60,614.4,4724,3.90134,338,387,276,969,OK,,,,,,
S6,2020,2,19,11,40,26,0,0,0,0,30.2,27.3,60,614.4,3753,3.366374,383,355,242,946,OK,,,,,,
S1,2020,2,19,11,40,29,0,0,0,0,30.2,27.3,60,614.4,0,0,0,0,0,0,UE,,,,,,
S2,2020,2,19,11,40,31,0,0,0,0,30.2,27.3,60,614.4,4115,8.311551,936,896,646,2490,OK,,,,,,
S3,2020,2,19,11,40,34,0,0,0,0,30.2,27.3,60,614.4,3720,4.54069,552,495,346,1408,OK,,,,,,
S4,2020,2,19,11,40,36,0,0,0,0,30.2,27.3,60,50.4,3877,334.82306,5219,3971,3372,12033,OK,,,,,,
S5,2020,2,19,11,40,38,0,0,0,0,30.2,27.3,60,614.4,4685,4.305827,374,427,303,1079,OK,,,,,,
S6,2020,2,19,11,40,40,0,0,0,0,30.1,27.3,60,614.4,3760,3.601237,406,378,257,1013,OK,,,,,,
S1,2020,2,19,11,40,42,0,0,0,0,30.2,27.3,60,614.4,0,0,0,0,0,0,UE,,,,,,
S2,2020,2,19,11,40,45,0,0,0,0,30.1,27.3,60,614.4,4099,8.481174,949,910,653,2536,OK,,,,,,
S3,2020,2,19,11,40,47,0,0,0,0,30.1,27.3,60,614.4,3724,4.658122,561,505,352,1442,OK,,,,,,
S4,2020,2,19,11,40,50,0,0,0,0,30.1,27.3,60,50.4,3871,347.38889,5392,4107,3481,12459,OK,,,,,,
S5,2020,2,19,11,40,51,0,0,0,0,30.1,27.3,60,614.4,4744,3.927436,329,385,272,969,OK,,,,,,
S6,2020,2,19,11,40,53,0,0,0,0,30.1,27.3,60,614.4,3750,3.588189,404,376,255,1011,OK,,,,,,
S1,2020,2,19,11,40,56,0,0,0,0,30.1,27.3,60,614.4,0,0,0,0,0,0,UE,,,,,,
S2,2020,2,19,11,40,58,0,0,0,0,30.1,27.3,60,614.4,4108,8.546414,943,911,651,2541,OK,,,,,,
S3,2020,2,19,11,41,1,0,0,0,0,30.1,27.3,60,614.4,3716,4.749457,567,512,355,1463,OK,,,,,,
S4,2020,2,19,11,41,3,0,0,0,0,30.1,27.3,60,50.4,3865,356.93256,5527,4212,3565,12789,OK,,,,,,
S5,2020,2,19,11,41,5,0,0,0,0,30.1,27.3,60,614.4,4696,3.966579,337,390,275,987,OK,,,,,,
S6,2020,2,19,11,41,7,0,0,0,0,30.1,27.3,60,614.4,3759,3.614285,403,377,255,1014,OK,,,,,,
S1,2020,2,19,11,42,54,0,0,0,0,30.1,27.3,60,2.4,40943,0,1,0,0,0,UE,,,,,,
S2,2020,2,19,11,42,55,0,0,0,0,30.1,27.3,60,2.4,41787,217839.55,999,4,3,2699,UE,,,,,,
S3,2020,2,19,11,42,56,0,0,0,0,30.1,27.3,60,2.4,3242,3.340278,2,2,1,1510,UE,,,,,,
S4,2020,2,19,11,42,57,0,0,0,0,30.1,27.3,60,2.4,3615,26.722223,21,16,13,1051,UE,,,,,,
S5,2020,2,19,11,42,58,0,0,0,0,30.1,27.3,60,2.4,42834,218541,348,2,1,1002,UE,,,,,,
S6,2020,2,19,11,42,59,0,0,0,0,30.1,27.3,60,2.4,41180,218460.84,416,1,1,1040,UE,,,,,,
S1,2020,2,19,11,43,0,0,0,0,0,30.1,27.3,60,24,0,0,0,0,0,0,UE,,,,,,
S2,2020,2,19,11,43,1,0,0,0,0,30.1,27.3,60,24,5883,0.334028,4,3,3,10,UE,,,,,,
S3,2020,2,19,11,43,2,0,0,0,0,30.1,27.3,60,24,3880,4.676389,23,21,15,6,UE,,,,,,
S4,2020,2,19,11,43,3,0,0,0,0,30.1,27.3,60,24,3822,29.394445,220,167,141,53,UE,,,,,,
S5,2020,2,19,11,43,5,0,0,0,0,30.1,27.3,60,24,1625,21889.176,1,2,12,4,UE,,,,,,
S6,2020,2,19,11,43,6,0,0,0,0,30.1,27.3,60,24,1676,21888.508,2,1,11,4,UE,,,,,,
S1,2020,2,19,11,43,7,0,0,0,0,30.1,27.3,60,50.4,0,0,0,0,0,0,UE,,,,,,
S2,2020,2,19,11,43,8,0,0,0,0,30.1,27.3,60,50.4,4101,4.612764,42,41,29,113,UE,,,,,,
S3,2020,2,19,11,43,9,0,0,0,0,30.1,27.3,60,50.4,3757,5.089947,49,45,31,61,UE,,,,,,
S4,2020,2,19,11,43,10,0,0,0,0,30.1,27.3,60,50.4,3806,30.22156,463,353,296,509,OK,,,,,,
S5,2020,2,19,11,43,11,0,0,0,0,30.1,27.3,60,50.4,4526,2.226852,15,18,12,45,UE,,,,,,
S6,2020,2,19,11,43,13,0,0,0,0,30.1,27.3,60,50.4,3842,1.749669,17,16,11,43,UE,,,,,,
S1,2020,2,19,11,43,14,0,0,0,0,30.1,27.3,60,100.8,0,0,0,0,0,0,UE,,,,,,
S2,2020,2,19,11,43,15,0,0,0,0,30.1,27.3,60,100.8,4079,5.169477,87,87,60,238,UE,,,,,,
S3,2020,2,19,11,43,16,0,0,0,0,30.1,27.3,60,100.8,5749,6.521494,50,92,63,129,UE,,,,,,
S4,2020,2,19,11,43,17,0,0,0,0,30.1,27.3,60,50.4,3814,62.351852,956,729,612,1084,OK,,,,,,
S5,2020,2,19,11,43,19,0,0,0,0,30.1,27.3,60,100.8,4674,2.226852,32,37,26,95,UE,,,,,,
S6,2020,2,19,11,43,20,0,0,0,0,30.1,27.3,60,100.8,3644,1.98826,36,34,22,91,UE,,,,,,
S1,2020,2,19,11,43,21,0,0,0,0,30.1,27.3,60,153.6,0,0,0,0,0,0,UE,,,,,,
S2,2020,2,19,11,43,22,0,0,0,0,30.1,27.3,60,153.6,4057,6.941514,181,179,124,492,OK,,,,,,
S3,2020,2,19,11,43,24,0,0,0,0,30.1,27.3,60,153.6,3681,5.062608,150,136,93,389,UE,,,,,,
S4,2020,2,19,11,43,25,0,0,0,0,30.1,27.3,60,50.4,3810,93.527779,1435,1094,918,3322,OK,,,,,,
S5,2020,2,19,11,43,26,0,0,0,0,30,27.3,60,153.6,4693,3.13151,66,77,54,195,UE,,,,,,
S6,2020,2,19,11,43,28,0,0,0,0,30,27.3,60,153.6,3724,2.661784,75,70,47,189,UE,,,,,,
S1,2020,2,19,11,43,29,0,0,0,0,30.1,27.4,60,614.4,0,0,0,0,0,0,UE,,,,,,
S2,2020,2,19,11,43,31,0,0,0,0,30.1,27.4,60,153.6,4042,38.830727,1066,1027,725,2873,OK,,,,,,
S3,2020,2,19,11,43,33,0,0,0,0,30,27.3,60,614.4,3662,1.291748,154,139,95,398,UE,,,,,,
S4,2020,2,19,11,43,35,0,0,0,0,30,27.3,60,50.4,3809,379.51917,5803,4427,3712,13441,OK,,,,,,
S5,2020,2,19,11,43,37,0,0,0,0,30.1,27.3,60,614.4,4567,1.239556,106,121,84,309,UE,,,,,,
S6,2020,2,19,11,43,38,0,0,0,0,30.1,27.3,60,614.4,3724,4.070963,447,420,280,1129,OK,,,,,,
S1,2020,2,19,11,43,41,0,0,0,0,30,27.3,60,614.4,0,0,0,0,0,0,UE,,,,,,
S2,2020,2,19,11,43,43,0,0,0,0,30.1,27.3,60,153.6,4043,38.726345,1058,1022,720,2857,OK,,,,,,
S3,2020,2,19,11,43,45,0,0,0,0,30.1,27.3,60,614.4,3640,1.317844,155,140,95,401,UE,,,,,,
S4,2020,2,19,11,43,47,0,0,0,0,30,27.3,60,50.4,3802,385.24533,5869,4481,3750,13601,OK,,,,,,
S5,2020,2,19,11,43,49,0,0,0,0,30,27.3,60,614.4,4571,4.984321,426,487,338,1241,OK,,,,,,
S6,2020,2,19,11,43,51,0,0,0,0,30,27.3,60,614.4,3721,4.097059,449,422,281,1137,OK,,,,,,
S1,2020,2,19,11,43,53,0,0,0,0,30.1,27.4,60,614.4,0,0,0,0,0,0,UE,,,,,,
S2,2020,2,19,11,43,56,0,0,0,0,30.1,27.4,60,153.6,4038,39.457031,1072,1038,729,2901,OK,,,,,,
S3,2020,2,19,11,43,58,0,0,0,0,30.1,27.4,60,614.4,3654,1.317844,156,141,96,405,UE,,,,,,
S4,2020,2,19,11,43,59,0,0,0,0,30.1,27.4,60,50.4,3799,389.85812,5922,4525,3782,13735,OK,,,,,,
S5,2020,2,19,11,44,1,0,0,0,0,30.1,27.4,60,614.4,4562,5.101752,434,497,344,1265,OK,,,,,,
S6,2020,2,19,11,44,3,0,0,0,0,30,27.3,60,614.4,3712,4.162299,455,428,284,1151,OK,,,,,,
S1,2020,2,19,11,44,6,0,0,0,0,30.1,27.4,60,614.4,0,0,0,0,0,0,UE,,,,,,
S2,2020,2,19,11,44,8,0,0,0,0,30.1,27.4,60,153.6,4032,39.77018,1081,1046,734,2926,OK,,,,,,
S3,2020,2,19,11,44,10,0,0,0,0,30.1,27.4,60,614.4,3632,1.330892,157,142,96,408,UE,,,,,,
S4,2020,2,19,11,44,12,0,0,0,0,30.1,27.4,60,50.4,3795,394.47089,5977,4570,3815,13869,OK,,,,,,
S5,2020,2,19,11,44,14,0,0,0,0,30.1,27.4,60,614.4,4562,5.127849,435,499,345,1271,OK,,,,,,
S6,2020,2,19,11,44,15,0,0,0,0,30.1,27.4,60,614.4,3703,4.240587,461,434,287,1168,OK,,,,,,
S1,2020,2,19,11,44,18,0,0,0,0,30.1,27.4,60,614.4,0,0,0,0,0,0,UE,,,,,,
S2,2020,2,19,11,44,20,0,0,0,0,30,27.4,60,153.6,4025,40.239906,1090,1056,739,2954,OK,,,,,,
S3,2020,2,19,11,44,22,0,0,0,0,30,27.4,60,614.4,3646,1.34394,158,143,97,411,UE,,,,,,
S4,2020,2,19,11,44,24,0,0,0,0,30,27.4,60,50.4,3789,397.33398,6011,4597,3833,13949,OK,,,,,,
S5,2020,2,19,11,44,26,0,0,0,0,30,27.4,60,614.4,4540,5.232232,442,507,349,1291,OK,,,,,,
S6,2020,2,19,11,44,28,0,0,0,0,30,27.4,60,614.4,3709,4.279731,465,438,290,1179,OK,,,,,,
S1,2020,2,19,11,44,30,0,0,0,0,30,27.4,60,614.4,0,0,0,0,0,0,UE,,,,,,
S2,2020,2,19,11,44,33,0,0,0,0,30,27.4,60,153.6,4022,40.553059,1095,1062,742,2970,OK,,,,,,
S3,2020,2,19,11,44,35,0,0,0,0,30,27.4,60,614.4,3625,1.356988,159,144,97,414,UE,,,,,,
S4,2020,2,19,11,44,36,0,0,0,0,30,27.4,60,50.4,3785,400.35614,6040,4622,3849,14021,OK,,,,,,
S5,2020,2,19,11,44,38,0,0,0,0,30,27.4,60,614.4,4536,5.284424,446,512,352,1304,OK,,,,,,
S6,2020,2,19,11,44,40,0,0,0,0,30,27.4,60,614.4,3699,4.318875,468,441,291,1188,OK,,,,,,
S1,2020,2,19,11,44,43,0,0,0,0,30,27.4,60,614.4,0,0,0,0,0,0,UE,,,,,,
S2,2020,2,19,11,44,45,0,0,0,0,30,27.4,60,153.6,4017,40.761826,1099,1066,744,2980,OK,,,,,,
S3,2020,2,19,11,44,47,0,0,0,0,30,27.4,60,614.4,3639,1.370036,160,145,98,416,UE,,,,,,
S4,2020,2,19,11,44,49,0,0,0,0,30,27.4,60,50.4,3776,403.21924,6067,4645,3861,14082,OK,,,,,,
S5,2020,2,19,11,44,51,0,0,0,0,30,27.4,60,614.4,4536,5.284424,446,512,352,1304,OK,,,,,,
S6,2020,2,19,11,44,52,0,0,0,0,30,27.4,60,614.4,3700,4.331923,468,442,291,1189,OK,,,,,,
S1,2020,2,19,11,44,55,0,0,0,0,30,27.4,60,614.4,0,0,0,0,0,0,UE,,,,,,
S2,2020,2,19,11,44,57,0,0,0,0,30,27.4,60,153.6,4022,40.761826,1096,1065,743,2976,OK,,,,,,
S3,2020,2,19,11,44,59,0,0,0,0,30,27.4,60,614.4,3627,1.383084,159,145,97,415,UE,,,,,,
S4,2020,2,19,11,45,1,0,0,0,0,30,27.4,60,50.4,3776,405.12799,6080,4659,3869,14124,OK,,,,,,
S5,2020,2,19,11,45,3,0,0,0,0,30,27.4,60,614.4,4555,5.297472,442,511,351,1300,OK,,,,,,
S6,2020,2,19,11,45,5,0,0,0,0,30,27.4,60,614.4,3710,4.318875,465,440,290,1184,OK,,,,,,
S1,2020,2,19,11,45,7,0,0,0,0,30,27.4,60,614.4,0,0,0,0,0,0,UE,,,,,,
S2,2020,2,19,11,45,10,0,0,0,0,30,27.4,60,153.6,4013,41.701279,1119,1088,757,3038,OK,,,,,,
S3,2020,2,19,11,45,12,0,0,0,0,30,27.4,60,614.4,3641,1.383084,160,146,98,418,UE,,,,,,
S4,2020,2,19,11,45,13,0,0,0,0,30,27.4,60,50.4,3771,406.55948,6094,4670,3875,14153,OK,,,,,,
S5,2020,2,19,11,45,15,0,0,0,0,30,27.4,60,614.4,4544,5.284424,442,510,350,1299,OK,,,,,,
S6,2020,2,19,11,45,17,0,0,0,0,30,27.4,60,614.4,3704,4.358018,469,444,292,1194,OK,,,,,,
S1,2020,2,19,11,45,20,0,0,0,0,30,27.4,60,614.4,0,0,0,0,0,0,UE,,,,,,
S2,2020,2,19,11,45,22,0,0,0,0,30,27.4,60,153.6,4010,41.283745,1108,1077,749,3011,OK,,,,,,
S3,2020,2,19,11,45,24,0,0,0,0,30,27.4,60,614.4,3641,1.383084,160,146,98,418,UE,,,,,,
S4,2020,2,19,11,45,26,0,0,0,0,30,27.4,60,50.4,3767,408.62732,6112,4686,3884,14197,OK,,,,,,
S5,2020,2,19,11,45,28,0,0,0,0,30,27.4,60,614.4,4540,5.31052,445,513,352,1306,OK,,,,,,
S6,2020,2,19,11,45,29,0,0,0,0,30,27.4,60,614.4,3693,4.371067,469,444,291,1193,OK,,,,,,
S1,2020,2,19,11,45,32,0,0,0,0,30,27.4,60,614.4,0,0,0,0,0,0,UE,,,,,,
S2,2020,2,19,11,45,34,0,0,0,0,30,27.4,60,153.6,4009,40.553059,1089,1058,736,2958,OK,,,,,,
S3,2020,2,19,11,45,36,0,0,0,0,30,27.4,60,614.4,3627,1.383084,159,145,97,415,UE,,,,,,
S4,2020,2,19,11,45,38,0,0,0,0,30,27.4,60,50.4,3764,410.37695,6123,4698,3889,14223,OK,,,,,,
S5,2020,2,19,11,45,40,0,0,0,0,30,27.4,60,614.4,4579,5.101752,421,491,337,1246,OK,,,,,,
S6,2020,2,19,11,45,42,0,0,0,0,30,27.4,60,614.4,3705,4.227539,456,431,284,1160,OK,,,,,,
S1,2020,2,19,11,45,44,0,0,0,0,30,27.4,60,614.4,0,0,0,0,0,0,UE,,,,,,
S2,2020,2,19,11,45,47,0,0,0,0,30,27.4,60,153.6,3996,41.962238,1122,1091,756,3046,OK,,,,,,
S3,2020,2,19,11,45,49,0,0,0,0,30,27.4,60,614.4,3654,1.396132,161,147,99,422,UE,,,,,,
S4,2020,2,19,11,45,50,0,0,0,0,30,27.4,60,50.4,3763,411.96759,6129,4707,3892,14245,OK,,,,,,
S5,2020,2,19,11,45,52,0,0,0,0,30,27.4,60,614.4,4526,5.362711,449,517,354,1316,OK,,,,,,
S6,2020,2,19,11,45,54,0,0,0,0,30,27.4,60,614.4,3704,4.305827,461,437,287,1174,OK,,,,,,
S1,2020,2,19,11,45,57,0,0,0,0,30,27.4,60,614.4,0,0,0,0,0,0,UE,,,,,,
S2,2020,2,19,11,45,59,0,0,0,0,30,27.4,60,153.6,4001,41.701279,1113,1084,751,3025,OK,,,,,,
S3,2020,2,19,11,46,1,0,0,0,0,30,27.4,60,614.4,3620,1.40918,161,147,98,420,UE,,,,,,
S4,2020,2,19,11,46,3,0,0,0,0,30,27.4,60,50.4,3759,411.96759,6122,4702,3885,14228,OK,,,,,,
S5,2020,2,19,11,46,5,0,0,0,0,30,27.4,60,614.4,4485,5.467095,460,527,359,1343,OK,,,,,,
S6,2020,2,19,11,46,6,0,0,0,0,30,27.4,60,614.4,3698,4.397162,470,446,292,1197,OK,,,,,,
S1,2020,2,19,11,46,9,0,0,0,0,30,27.4,60,614.4,0,0,0,0,0,0,UE,,,,,,
S2,2020,2,19,11,46,11,0,0,0,0,30,27.4,60,153.6,3997,41.857853,1114,1086,751,3029,OK,,,,,,
S3,2020,2,19,11,46,13,0,0,0,0,30,27.4,60,614.4,3631,1.383084,162,147,99,422,UE,,,,,,
S4,2020,2,19,11,46,15,0,0,0,0,30,27.4,60,50.4,3759,414.03537,6144,4721,3899,14282,OK,,,,,,
S5,2020,2,19,11,46,17,0,0,0,0,30,27.4,60,614.4,4512,5.427951,454,523,357,1332,OK,,,,,,
S6,2020,2,19,11,46,19,0,0,0,0,30,27.4,60,614.4,3689,4.371067,468,443,290,1192,OK,,,,,,
S1,2020,2,19,11,46,21,0,0,0,0,30,27.4,60,614.4,0,0,0,0,0,0,UE,,,,,,
S2,2020,2,19,11,46,24,0,0,0,0,30,27.5,60,153.6,4005,39.822372,1057,1032,714,2878,OK,,,,,,
S3,2020,2,19,11,46,26,0,0,0,0,30,27.5,60,614.4,3641,1.383084,160,146,98,418,UE,,,,,,
S4,2020,2,19,11,46,27,0,0,0,0,30,27.5,60,50.4,3758,414.67163,6141,4722,3896,14279,OK,,,,,,
S5,2020,2,19,11,46,29,0,0,0,0,30,27.5,60,614.4,4574,5.219184,427,500,342,1269,OK,,,,,,
S6,2020,2,19,11,46,31,0,0,0,0,30,27.4,60,614.4,3690,4.331923,463,439,287,1180,OK,,,,,,