S1,2020,3,10,22,58,48,45.421055,-71.872169,256.20001,10,34.5,19,60,2.4,40943,0,1,0,0,0,UE,,,,,
S4,2020,3,10,22,58,49,45.421051,-71.872169,256.20001,10,34.5,19,60,2.4,0,0,0,0,0,0,UE,,,,,
S1,2020,3,10,22,58,51,45.421047,-71.872169,256.70001,10,35.7,17.8,60,24,0,0,0,0,0,0,UE,,,,,
S4,2020,3,10,22,58,52,45.421047,-71.872169,257.10001,10,35.7,17.8,60,24,0,0,0,0,0,0,UE,,,,,
S1,2020,3,10,22,58,53,45.421043,-71.872169,257.29999,10,35.6,17.6,60,50.4,0,0,0,0,0,1,UE,,,,,
S4,2020,3,10,22,58,54,45.421043,-71.872162,257.29999,10,35.6,17.6,60,50.4,0,0,0,0,0,0,UE,,,,,
S1,2020,3,10,22,58,55,45.421043,-71.872162,257.60001,10,35.6,17.6,60,100.8,2410,0.07953,1,1,0,1,UE,,,,,
S4,2020,3,10,22,58,56,45.42104,-71.872162,258.20001,10,35.6,17.6,60,100.8,0,0,0,0,0,0,UE,,,,,
S1,2020,3,10,22,58,57,45.42104,-71.872162,258.5,10,35.6,17.6,60,153.6,8890,0,1,1,1,3,UE,,,,,
S4,2020,3,10,22,58,59,45.42104,-71.872162,258.89999,10,35.6,17.6,60,153.6,0,0,0,0,0,0,UE,,,,,
S1,2020,3,10,22,59,0,45.42104,-71.872162,258.89999,10,35.7,17.6,60,614.4,3242,0.013048,2,2,1,5,UE,,,,,
S4,2020,3,10,22,59,2,45.42104,-71.872162,259.60001,10,35.7,17.6,60,614.4,8890,0,1,1,1,2,UE,,,,,
S1,2020,3,10,22,59,5,45.42104,-71.872162,260.10001,11,35.6,17.5,60,614.4,2910,0.026096,9,6,5,19,UE,,,,,
S4,2020,3,10,22,59,7,45.421036,-71.872162,260.39999,11,35.6,17.5,60,614.4,8890,0,1,1,1,2,UE,,,,,
S1,2020,3,10,22,59,9,45.421036,-71.872169,261,11,35.6,17.5,60,614.4,2910,0.026096,9,6,5,19,UE,,,,,
S4,2020,3,10,22,59,12,45.421032,-71.872169,261.5,11,35.6,17.4,60,614.4,8890,0,1,1,1,2,UE,,,,,
S1,2020,3,10,22,59,14,45.421032,-71.872169,262,11,35.6,17.5,60,614.4,2910,0.026096,9,6,5,19,UE,,,,,
S4,2020,3,10,22,59,17,45.421032,-71.872169,262.29999,11,35.6,17.4,60,614.4,8890,0,1,1,1,2,UE,,,,,
S1,2020,3,10,22,59,19,45.421028,-71.872169,262.60001,11,35.6,17.4,60,614.4,2910,0.026096,9,6,5,20,UE,,,,,
S4,2020,3,10,22,59,22,0,0,0,0,35.6,17.3,60,614.4,8890,0,1,1,1,2,UE,,,,,
S1,2020,3,10,22,59,24,45.421028,-71.872192,262.60001,11,35.6,17.3,60,614.4,3774,0.039144,11,8,7,22,UE,,,,,
S4,2020,3,10,22,59,27,45.421024,-71.872169,261.79999,11,35.6,17.3,60,614.4,0,0,0,0,0,0,UE,,,,,
S1,2020,3,10,22,59,29,45.421024,-71.872169,261.60001,11,35.6,17.3,60,614.4,4738,41.088024,4733,4664,3655,12091,OK,,,,,
S4,2020,3,10,22,59,32,45.421024,-71.872169,261.60001,11,35.6,17.2,60,614.4,0,0,0,0,0,0,UE,,,,,
S1,2020,3,10,22,59,34,45.421024,-71.872169,261.39999,10,35.6,17.2,60,614.4,4626,142.3141,18055,16876,13482,45001,OE,,,,,
S4,2020,3,10,22,59,36,45.421024,-71.872169,262,11,35.6,17.2,60,614.4,0,0,0,0,0,0,UE,,,,,
S1,2020,3,10,22,59,39,45.421024,-71.872169,262.29999,11,35.6,17.2,60,153.6,4630,568.89105,18026,16861,13472,44981,OE,,,,,
S4,2020,3,10,22,59,41,45.421024,-71.872169,262.70001,11,35.6,17.2,60,614.4,0,0,0,0,0,0,UE,,,,,
S1,2020,3,10,22,59,43,45.421024,-71.872169,262.79999,11,35.6,17.2,60,100.8,4627,865.1319,18010,16834,13450,44908,OE,,,,,
S4,2020,3,10,22,59,45,45.421024,-71.872169,262.89999,11,35.6,17.2,60,614.4,0,0,0,0,0,0,UE,,,,,
S1,2020,3,10,22,59,46,45.421021,-71.872177,263.60001,11,35.5,17.1,60,50.4,4627,1735.99,18038,16874,13475,45013,OE,,,,,
S4,2020,3,10,22,59,48,45.421021,-71.872177,264.20001,11,35.5,17.1,60,614.4,0,0,0,0,0,0,UE,,,,,
S1,2020,3,10,22,59,50,45.421021,-71.872177,264.5,11,35.6,17.1,60,24,4635,3626.8735,17972,16808,13439,44853,OE,,,,,
S4,2020,3,10,22,59,52,45.421021,-71.872177,264.70001,11,35.6,17.1,60,614.4,0,0,0,0,0,0,UE,,,,,
S1,2020,3,10,22,59,54,45.421021,-71.872177,264.89999,11,35.5,17,60,2.4,4627,36358.926,17997,16832,13443,44886,OE,,,,,
S4,2020,3,10,22,59,55,45.421021,-71.872177,265.39999,11,35.5,17,60,614.4,0,0,0,0,0,0,UE,,,,,
S1,2020,3,10,22,59,57,45.421021,-71.872177,265.39999,11,35.5,17,16,2.4,4630,136133.02,17941,16795,13411,44793,OE,,,,,
S4,2020,3,10,22,59,59,45.421021,-71.872177,265.89999,11,35.5,17,60,614.4,0,0,0,0,0,0,UE,,,,,
S1,2020,3,10,23,0,1,45.421021,-71.872177,266.29999,11,35.6,17,4,2.4,4612,547388,17951,16824,13391,44780,OE,,,,,
S4,2020,3,10,23,0,2,45.421017,-71.872177,266.5,11,35.6,17,60,614.4,0,0,0,0,0,0,UE,,,,,
S1,2020,3,10,23,0,28,45.421024,-71.872169,263.60001,11,35.6,17,1,2.4,4789,1821386.6,15263,14297,11644,39004,OK,,,,,
S4,2020,3,10,23,0,30,45.421024,-71.872162,263.70001,11,35.6,17,60,614.4,0,0,0,0,0,1,UE,,,,,
S1,2020,3,10,23,0,32,45.421021,-71.872169,263.39999,11,35.7,16.7,1,2.4,4795,1855657.9,15484,14538,11832,39627,OK,,,,,
S4,2020,3,10,23,0,33,45.421017,-71.872162,263.29999,11,35.7,16.7,60,614.4,0,0,0,0,0,1,UE,,,,,
S1,2020,3,10,23,0,35,45.421013,-71.872162,263.20001,11,35.6,16.6,1,2.4,4791,1830004.5,15348,14373,11711,39275,OK,,,,,
S4,2020,3,10,23,0,37,45.421013,-71.872162,262.89999,11,35.6,16.6,60,614.4,0,0,0,0,0,1,UE,,,,,
S1,2020,3,10,23,0,39,45.421013,-71.872169,263.20001,11,35.7,16.6,1,2.4,4769,1769077.9,15024,13971,11403,38431,OK,,,,,
S4,2020,3,10,23,0,40,45.421013,-71.872169,263.29999,11,35.7,16.6,60,614.4,0,0,0,0,0,1,UE,,,,,
S1,2020,3,10,23,0,42,45.421013,-71.872169,263.29999,11,35.7,16.6,1,2.4,4777,1766071.6,15004,13956,11400,38328,OK,,,,,
S4,2020,3,10,23,0,44,45.421013,-71.872169,263.10001,11,35.7,16.6,60,614.4,0,0,0,0,0,1,UE,,,,,
S1,2020,3,10,23,0,46,45.421009,-71.872169,262.79999,11,35.7,16.6,1,2.4,4775,1775892,15068,14023,11449,38523,OK,,,,,
S4,2020,3,10,23,0,47,45.421009,-71.872169,262.60001,11,35.7,16.6,60,614.4,0,0,0,0,0,1,UE,,,,,
S1,2020,3,10,23,0,49,45.421013,-71.872162,262.5,11,35.7,16.5,1,2.4,4832,1947649.1,16110,15218,12393,41540,OE,,,,,
S4,2020,3,10,23,0,51,45.421013,-71.872169,262.39999,11,35.7,16.5,60,614.4,0,0,0,0,0,1,UE,,,,,
S1,2020,3,10,23,0,53,45.421013,-71.872169,262.39999,11,35.7,16.5,614.4,2.4,4773,2863.7009,14943,13899,11349,38207,OK,,,,,
S4,2020,3,10,23,0,54,45.421017,-71.872169,262.29999,11,35.7,16.5,60,614.4,0,0,0,0,0,1,UE,,,,,
S1,2020,3,10,23,0,56,45.421013,-71.872169,262.29999,11,35.7,16.4,614.4,2.4,4705,2300.0291,12775,11508,9516,32269,OK,,,,,
S4,2020,3,10,23,0,58,45.421017,-71.872169,262.29999,11,35.7,16.4,60,614.4,0,0,0,0,0,1,UE,,,,,
S1,2020,3,10,23,1,0,45.421013,-71.872169,262.29999,11,35.7,16.4,614.4,2.4,4645,1955.5627,11378,10011,8350,28387,OK,,,,,
S4,2020,3,10,23,1,1,45.421017,-71.872169,262.39999,11,35.7,16.4,60,614.4,0,0,0,0,0,1,UE,,,,,
S1,2020,3,10,23,1,3,45.421017,-71.872169,262.39999,11,35.7,16.4,614.4,2.4,4661,2026.6742,11712,10344,8622,29343,OK,,,,,
S4,2020,3,10,23,1,5,45.421017,-71.872169,262.39999,12,35.7,16.4,60,614.4,0,0,0,0,0,1,UE,,,,,
S1,2020,3,10,23,1,7,45.421017,-71.872169,262.5,12,35.7,16.3,614.4,2.4,4603,1840.4146,10870,9482,7917,26996,OK,,,,,
S4,2020,3,10,23,1,8,45.421017,-71.872169,262.5,12,35.7,16.3,60,614.4,0,0,0,0,0,1,UE,,,,,
S1,2020,3,10,23,1,10,45.421017,-71.872169,262.5,12,35.7,16.3,614.4,2.4,4619,1885.4302,11091,9699,8099,27587,OK,,,,,
S4,2020,3,10,23,1,12,45.421017,-71.872169,262.20001,12,35.7,16.3,60,614.4,0,0,0,0,0,1,UE,,,,,
S1,2020,3,10,23,1,14,45.421017,-71.872169,262.20001,12,35.8,16.3,614.4,2.4,4617,1869.7725,10999,9618,8030,27359,OK,,,,,
S4,2020,3,10,23,1,15,45.421017,-71.872169,262.10001,12,35.8,16.3,60,614.4,0,0,0,0,0,0,UE,,,,,
S1,2020,3,10,23,1,17,45.421017,-71.872169,262.10001,12,35.7,16.2,614.4,2.4,4651,1998.9473,11582,10212,8512,28929,OK,,,,,
S4,2020,3,10,23,1,19,45.421017,-71.872169,262.10001,12,35.7,16.2,60,614.4,0,0,0,0,0,1,UE,,,,,
S1,2020,3,10,23,1,21,45.421017,-71.872169,262.10001,12,35.8,16.2,614.4,2.4,4663,2031.241,11710,10354,8626,29297,OK,,,,,
S4,2020,3,10,23,1,22,45.421017,-71.872169,262,12,35.8,16.2,60,614.4,0,0,0,0,0,1,UE,,,,,
S1,2020,3,10,23,1,24,45.421013,-71.872169,262,12,35.7,16.1,614.4,2.4,4683,2138.2344,12186,10840,9015,30581,OK,,,,,
S4,2020,3,10,23,1,26,45.421013,-71.872169,262,12,35.7,16.1,60,614.4,0,0,0,0,0,1,UE,,,,,
S1,2020,3,10,23,1,28,45.421013,-71.872169,262.10001,12,35.8,16.1,614.4,2.4,4661,2010.0382,11630,10266,8560,29074,OK,,,,,
S4,2020,3,10,23,1,29,45.421013,-71.872169,262.10001,12,35.8,16.1,60,614.4,0,0,0,0,0,1,UE,,,,,
S1,2020,3,10,23,1,31,45.421013,-71.872169,262,12,35.8,16.1,614.4,2.4,4678,2117.0313,12079,10737,8929,30261,OK,,,,,
S4,2020,3,10,23,1,33,45.421013,-71.872169,262,12,35.8,16.1,60,614.4,0,0,0,0,0,1,UE,,,,,
S1,2020,3,10,23,1,35,45.421013,-71.872169,262.10001,12,35.8,16,614.4,2.4,4642,1945.1244,11343,9969,8319,28293,OK,,,,,
S4,2020,3,10,23,1,36,45.421013,-71.872169,262,12,35.8,16,60,614.4,0,0,0,0,0,1,UE,,,,,
S1,2020,3,10,23,1,38,45.421013,-71.872169,261.89999,12,35.8,16,614.4,2.4,4623,1878.9061,11018,9651,8054,27409,OK,,,,,
S4,2020,3,10,23,1,40,45.421013,-71.872169,261.79999,12,35.8,16,60,614.4,0,0,0,0,0,1,UE,,,,,
S1,2020,3,10,23,1,42,45.421013,-71.872169,261.89999,12,35.8,16,614.4,2.4,4614,1867.4891,10998,9611,8025,27354,OK,,,,,
S4,2020,3,10,23,1,43,45.421017,-71.872169,261.89999,12,35.8,16,60,614.4,0,0,0,0,0,0,UE,,,,,
S1,2020,3,10,23,1,45,45.421017,-71.872169,261.89999,12,35.8,15.9,614.4,2.4,4636,1910.2213,11143,9789,8165,27765,OK,,,,,
S4,2020,3,10,23,1,47,45.421013,-71.872169,261.89999,12,35.8,15.9,60,614.4,0,0,0,0,0,1,UE,,,,,
S1,2020,3,10,23,1,49,45.421013,-71.872169,261.79999,12,35.8,15.9,614.4,2.4,4590,1808.4471,10690,9315,7771,26489,OK,,,,,
S4,2020,3,10,23,1,51,45.421013,-71.872169,261.60001,12,35.8,15.9,60,614.4,0,0,0,0,0,1,UE,,,,,
S1,2020,3,10,23,1,52,45.421009,-71.872177,262.89999,12,35.9,15.9,614.4,2.4,4601,1818.5592,10734,9365,7816,26625,OK,,,,,
S4,2020,3,10,23,1,54,45.421013,-71.872177,262.79999,12,35.9,15.9,60,614.4,0,0,0,0,0,0,UE,,,,,
S1,2020,3,10,23,3,13,45.421024,-71.872162,262.39999,12,35.9,15.9,614.4,2.4,4669,3562.4192,17505,16653,13225,44157,OE,,,,,
S4,2020,3,10,23,3,15,45.421028,-71.872162,262.60001,11,35.9,15.9,60,614.4,40274,852.39709,640,0,1,1658,UE,,,,,
S1,2020,3,10,23,3,16,45.421032,-71.872169,262.5,12,36.1,15.1,153.6,2.4,4670,14270.553,17501,16664,13229,44141,OE,,,,,
S4,2020,3,10,23,3,18,45.421032,-71.872169,262.5,12,36.1,15.1,60,614.4,40275,852.39709,641,0,1,1660,UE,,,,,
S1,2020,3,10,23,3,20,45.421032,-71.872169,262.60001,11,36.1,15.1,100.8,2.4,4669,21705.838,17483,16639,13211,44114,OE,,,,,
S4,2020,3,10,23,3,22,45.421032,-71.872169,262.5,11,36.1,15.1,60,614.4,41935,852.39709,649,2,1,1679,UE,,,,,
S1,2020,3,10,23,3,23,45.421028,-71.872169,262.39999,12,36.1,15.1,50.4,2.4,4669,43475.305,17494,16657,13222,44132,OE,,,,,
S4,2020,3,10,23,3,25,45.421028,-71.872177,262.29999,12,36.1,15.1,60,614.4,41955,852.44928,637,2,1,1646,UE,,,,,
S1,2020,3,10,23,3,27,45.421024,-71.872177,262.20001,12,36.1,15,24,2.4,4667,91415.047,17526,16681,13241,44221,OE,,,,,
S4,2020,3,10,23,3,29,45.421024,-71.872177,262.20001,12,36.1,15,60,614.4,40437,852.31879,660,1,2,1652,UE,,,,,
S1,2020,3,10,23,3,30,45.421024,-71.872177,262.29999,12,36.1,15,2.4,2.4,4615,914902.06,17570,16659,13162,44259,OE,,,,,
S4,2020,3,10,23,3,32,45.421024,-71.872169,262.29999,12,36.1,15,60,614.4,41815,851.54901,852,3,2,1825,UE,,,,,
S1,2020,3,10,23,3,34,45.421021,-71.872169,262.29999,12,36.1,15,0,2.4,4964,INF,14187,13701,11180,37607,OK,,,,,
S4,2020,3,10,23,3,36,45.421021,-71.872162,262.20001,12,36.1,15,60,614.4,41089,852.29272,670,1,1,1703,UE,,,,,
S1,2020,3,10,23,3,37,45.421017,-71.872162,262.10001,12,36.1,14.9,0,2.4,4950,INF,14243,13698,11188,37624,OK,,13696.75,,,
S4,2020,3,10,23,3,39,45.421013,-71.872162,262.10001,12,36.1,14.9,60,614.4,40257,852.46234,624,0,1,1602,UE,,11191.5,,,
S1,2020,3,10,23,3,41,45.421013,-71.872154,261.89999,12,36.1,14.9,0,2.4,4960,INF,14236,13709,11201,37695,OK,,,,,
S4,2020,3,10,23,3,43,45.421009,-71.872154,261.70001,12,36.1,14.9,60,614.4,40943,852.4754,624,0,0,1600,UE,,,,,
S1,2020,3,10,23,3,44,45.421009,-71.872154,261.60001,12,36.1,14.9,0,2.4,4954,INF,14264,13712,11207,37682,OK,,,,,
S4,2020,3,10,23,3,46,45.421009,-71.872154,261.60001,12,36.1,14.9,60,614.4,40943,852.4754,625,0,0,1605,UE,,,,,
S1,2020,3,10,23,3,48,45.421009,-71.872154,261.39999,13,36.1,14.8,0,2.4,4957,INF,14245,13697,11197,37653,OK,,,,,
S4,2020,3,10,23,3,50,45.421009,-71.872147,261.5,13,36.1,14.8,60,614.4,40258,852.46234,625,0,1,1608,UE,,,,,
S1,2020,3,10,23,3,51,45.421009,-71.872147,261.29999,13,36.1,14.8,0,2.4,4960,INF,14244,13709,11204,37681,OK,,,,,
S4,2020,3,10,23,3,53,45.421013,-71.872147,261.20001,13,36.1,14.8,60,614.4,40943,852.4754,623,0,0,1602,UE,,,,,
S1,2020,3,10,23,3,55,45.421013,-71.872147,261.20001,13,36.1,14.8,0,2.4,4951,INF,14248,13705,11194,37635,OK,,,,,
S4,2020,3,10,23,3,57,45.421013,-71.872147,261.10001,13,36.1,14.8,60,614.4,40226,852.57977,596,0,1,1527,UE,,,,,
S1,2020,3,10,23,3,58,45.421009,-71.872147,261.10001,13,36.1,14.7,0,2.4,4966,INF,14182,13643,11161,37525,OK,,,,,
S4,2020,3,10,23,4,0,45.421024,-71.872154,261.60001,10,36.1,14.7,60,614.4,40240,852.52759,608,0,1,1564,UE,,,,,
S1,2020,3,10,23,7,19,45.420967,-71.8713,264.70001,12,36.1,14.7,0,2.4,63988,INF,640,101,107,759,OK,,,,,
S4,2020,3,10,23,7,21,45.420959,-71.8713,265.70001,11,36.1,14.7,60,614.4,40943,849.01764,1441,0,0,1953,UE,,,,,
S1,2020,3,10,23,7,23,45.420963,-71.8713,265.79999,11,36.4,13,0,2.4,61574,INF,640,100,107,759,OK,,,,,
S4,2020,3,10,23,7,24,45.420963,-71.871307,265.60001,11,36.4,13,60,614.4,40943,848.99152,1446,0,0,1956,UE,,,,,
S1,2020,3,10,23,7,26,45.420963,-71.871307,265.60001,11,36.4,12.9,0,2.4,61574,INF,640,100,107,758,OK,,,,,
S4,2020,3,10,23,7,28,45.420959,-71.871307,265.39999,11,36.4,12.9,60,614.4,40943,849.06995,1428,0,0,1924,UE,,,,,
S1,2020,3,10,23,7,30,45.420959,-71.871307,265.29999,11,36.4,12.8,0,2.4,61574,INF,640,100,107,758,OK,,,,,
S4,2020,3,10,23,7,31,45.420948,-71.871307,265.20001,11,36.4,12.8,60,614.4,40943,849.04382,1433,0,0,1934,UE,,,,,
S1,2020,3,10,23,7,44,45.420952,-71.871315,264.79999,11,36.4,12.8,60,2.4,40943,0,1,0,0,0,UE,,,,,
S4,2020,3,10,23,7,45,45.420956,-71.871315,264.70001,12,36.4,12.8,60,2.4,41350,217228.27,1558,2,1,2216,UE,,,,,
S1,2020,3,10,23,7,46,45.420956,-71.871307,264.70001,12,36.4,12.7,60,24,40943,0,3,0,0,3,UE,,,,,
S4,2020,3,10,23,7,47,45.420956,-71.871307,264.70001,12,36.4,12.7,60,24,1745,21888.508,7,3,13,11,UE,,,,,
S1,2020,3,10,23,7,48,45.420952,-71.8713,264.29999,12,36.4,12.6,60,50.4,12957,10423.574,25,4,4,30,UE,,,,,
S4,2020,3,10,23,7,49,45.420952,-71.871307,264.29999,12,36.4,12.6,60,50.4,51098,10423.893,61,17,13,86,UE,,,,,
S1,2020,3,10,23,7,50,45.420952,-71.871307,264.20001,13,36.4,12.5,60,100.8,52051,5211.231,53,8,9,62,UE,,,,,
S4,2020,3,10,23,7,52,45.420956,-71.871307,264.10001,12,36.4,12.5,60,100.8,5136,5211.708,127,35,27,181,UE,,,,,
S1,2020,3,10,23,7,53,45.420956,-71.871307,264.10001,12,36.4,12.5,60,153.6,64417,3419.3481,107,17,18,127,UE,,,,,
S4,2020,3,10,23,7,54,45.420952,-71.871307,264.20001,12,36.4,12.5,60,153.6,50449,3419.8704,261,72,55,371,UE,,,,,
S1,2020,3,10,23,7,55,45.420952,-71.871307,264.79999,13,36.5,12.6,60,614.4,59805,854.69354,160,25,27,189,UE,,,,,
S4,2020,3,10,23,7,57,45.420948,-71.871307,265.20001,12,36.5,12.6,60,614.4,64991,854.31512,1559,434,328,2219,OK,1569.5,440.6666667,331.8333333,,Enseigne Hart
S1,2020,3,10,23,8,0,45.420944,-71.8713,265.5,12,36.4,12.5,60,614.4,61574,853.44092,640,100,107,757,OK,,,,,
S4,2020,3,10,23,8,2,45.420948,-71.871307,266,13,36.5,12.5,60,614.4,64991,854.31512,1559,434,328,2219,OK,,,,,
S1,2020,3,10,23,8,5,45.420952,-71.871307,266.29999,13,36.4,12.4,60,614.4,61113,853.44092,639,99,106,756,UE,,,,,
S4,2020,3,10,23,8,7,45.420952,-71.871307,266.39999,13,36.4,12.4,60,614.4,22326,854.30206,1557,432,327,2213,OK,,,,,
S1,2020,3,10,23,8,10,45.420952,-71.871307,266.70001,13,36.5,12.4,60,614.4,61174,853.44092,638,99,106,754,UE,,,,,
S4,2020,3,10,23,8,12,45.420956,-71.871307,266.70001,13,36.5,12.4,60,614.4,11930,854.44556,1582,449,337,2265,OK,,,,,
S1,2020,3,10,23,8,15,45.420959,-71.871307,267.29999,12,36.5,12.4,60,614.4,61174,853.44092,638,99,106,754,UE,,,,,
S4,2020,3,10,23,8,17,45.420959,-71.871307,267.60001,12,36.4,12.3,60,614.4,7806,854.43262,1581,448,336,2262,OK,,,,,
S1,2020,3,10,23,8,19,45.420963,-71.871307,268.20001,13,36.5,12.3,60,614.4,61235,853.44092,637,99,106,753,UE,,,,,
S4,2020,3,10,23,8,22,45.420967,-71.871307,268.39999,12,36.5,12.3,60,614.4,6090,854.43262,1579,447,335,2259,OK,,,,,
S1,2020,3,10,23,11,26,45.42131,-71.871307,263.60001,13,36.5,12.3,60,2.4,40943,0,1,0,0,672,UE,,,,,
S4,2020,3,10,23,11,27,45.421322,-71.871307,263.20001,13,36.5,12.3,60,2.4,40799,216389.86,2324,1,2,2990,UE,,,,,
S1,2020,3,10,23,11,28,45.421337,-71.871315,263.10001,13,37.4,10.8,60,24,4625,21890.512,2,0,1,3,UE,,,,,
S4,2020,3,10,23,11,29,45.421341,-71.871315,263.10001,13,37.4,10.8,60,24,1932,21885.5,9,1,21,12,UE,,,,,
S1,2020,3,10,23,11,30,45.421337,-71.871315,262.60001,13,37.4,10.7,60,50.4,10435,10423.574,18,4,7,27,UE,,,,,
S4,2020,3,10,23,11,31,45.421337,-71.871315,262.10001,13,37.4,10.7,60,50.4,13441,10419.28,90,8,21,116,UE,,,,,
S1,2020,3,10,23,11,33,45.421337,-71.871307,262.20001,13,37.5,10.7,60,100.8,7994,5211.231,38,8,16,56,UE,,,,,
S4,2020,3,10,23,11,34,45.421333,-71.871315,262.39999,13,37.5,10.7,60,100.8,13128,5206.7773,189,17,45,243,UE,,,,,
S1,2020,3,10,23,11,35,45.421333,-71.871315,262.5,13,37.5,10.7,60,153.6,7746,3419.1917,78,16,33,116,UE,,,,,
S4,2020,3,10,23,11,36,45.421333,-71.871315,262.79999,13,37.5,10.7,60,153.6,13195,3413.2937,387,35,92,499,UE,,,,,
S1,2020,3,10,23,11,38,45.421333,-71.871315,263.10001,13,37.5,10.7,60,614.4,7587,854.6283,116,23,49,172,UE,,,,,
S4,2020,3,10,23,11,40,45.421333,-71.871323,263.20001,13,37.5,10.7,60,614.4,13278,844.45093,2304,209,546,2969,OK,,,,,
S1,2020,3,10,23,11,42,45.421337,-71.871323,263.39999,13,37.4,10.6,60,614.4,7590,853.20612,463,94,197,689,UE,,,,,
S4,2020,3,10,23,11,45,45.421337,-71.871323,263.39999,13,37.5,10.6,60,614.4,13278,844.45093,2304,209,546,2968,OK,,,,,
S1,2020,3,10,23,11,47,45.421337,-71.87133,263.70001,13,37.5,10.6,60,614.4,7590,853.20612,463,94,197,690,UE,,,,,
S4,2020,3,10,23,11,49,45.421337,-71.87133,264.20001,13,37.5,10.6,60,614.4,13278,844.45093,2304,209,546,2969,OK,,,,,
S1,2020,3,10,23,11,52,45.421333,-71.87133,264.39999,13,37.5,10.5,60,614.4,7615,853.20612,464,94,197,690,UE,,,,,
S4,2020,3,10,23,11,54,45.421333,-71.87133,264.70001,13,37.5,10.5,60,614.4,13270,844.45093,2302,208,545,2964,OK,,,,,
S1,2020,3,10,23,11,57,45.421333,-71.87133,265,13,37.5,10.5,60,614.4,7466,853.23224,458,94,197,688,UE,,,,,
S4,2020,3,10,23,11,59,45.421329,-71.87133,264.89999,13,37.5,10.5,60,614.4,13278,844.45093,2304,209,546,2966,OK,,,,,
S1,2020,3,10,23,12,2,45.421329,-71.87133,264.70001,13,37.5,10.5,60,614.4,7522,853.2583,458,95,197,689,UE,,,,,
S4,2020,3,10,23,12,4,45.421329,-71.87133,264.89999,13,37.5,10.4,60,614.4,13245,844.42487,2304,208,546,2966,OK,,,,,
S1,2020,3,10,23,12,7,45.421329,-71.871323,264.39999,13,37.5,10.4,60,614.4,7522,853.2583,458,95,197,690,UE,,,,,
S4,2020,3,10,23,12,9,45.421329,-71.871323,264.5,13,37.5,10.4,60,614.4,13275,844.43781,2303,208,545,2965,OK,,,,,
S1,2020,3,10,23,12,12,45.421329,-71.871315,263.79999,13,37.5,10.4,60,614.4,7522,853.2583,458,95,197,689,UE,,,,,
S4,2020,3,10,23,12,14,45.421329,-71.871277,263.20001,11,37.5,10.3,60,614.4,13234,844.43781,2302,208,546,2964,OK,,,,,
S1,2020,3,10,23,12,33,45.421326,-71.8713,263.79999,11,37.5,10.4,60,614.4,7526,853.66272,384,87,170,586,UE,2329,199.2,535.2,,Enseigne ardene
S4,2020,3,10,23,12,35,45.421322,-71.871307,262.70001,13,37.6,10.3,60,614.4,13480,844.24213,2330,199,535,2959,OK,,,,,
S1,2020,3,10,23,12,38,45.421314,-71.871315,262.20001,13,37.6,10.2,60,614.4,7526,853.66272,384,87,170,587,UE,,,,,
S4,2020,3,10,23,12,40,45.421314,-71.871315,262.29999,13,37.6,10.2,60,614.4,13469,844.24213,2328,199,535,2957,OK,,,,,
S1,2020,3,10,23,12,43,45.42131,-71.871315,262.60001,13,37.6,10.1,60,614.4,7526,853.66272,384,87,170,587,UE,,,,,
S4,2020,3,10,23,12,45,45.42131,-71.871323,262.60001,13,37.6,10.2,60,614.4,13469,844.24213,2328,199,535,2957,OK,,,,,
S1,2020,3,10,23,12,48,45.42131,-71.871323,262.70001,13,37.6,10.1,60,614.4,7526,853.66272,384,87,170,587,UE,,,,,
S4,2020,3,10,23,12,50,45.421307,-71.871323,262.79999,13,37.6,10.1,60,614.4,13469,844.24213,2328,199,535,2957,OK,,,,,
S1,2020,3,10,23,12,53,45.421307,-71.87133,263,13,37.6,10.1,60,614.4,7600,853.67578,384,88,170,588,UE,,,,,
S4,2020,3,10,23,12,55,45.421303,-71.871323,262.70001,13,37.6,10.1,60,614.4,13483,844.24213,2331,200,536,2962,OK,,,,,
S1,2020,3,10,23,17,14,45.421581,-71.871559,263.5,14,37.6,10.1,60,2.4,0,0,0,0,0,610,UE,,,,,
S4,2020,3,10,23,17,15,45.421581,-71.871559,263.29999,14,37.6,10.1,60,2.4,42345,218414.09,464,2,1,1207,UE,,,,,
S1,2020,3,10,23,17,16,45.421577,-71.871559,263.60001,14,38.8,8.5,60,24,2410,0.334028,1,1,0,4,UE,,,,,
S4,2020,3,10,23,17,18,45.421581,-71.871559,263.29999,14,38.8,8.5,60,24,1627,21888.172,2,2,15,4,UE,,,,,
S1,2020,3,10,23,17,19,45.421577,-71.871559,263.29999,14,38.8,8.3,60,50.4,2857,0.954365,11,9,5,24,UE,,,,,
S4,2020,3,10,23,17,20,45.421577,-71.871559,263.39999,14,38.8,8.3,60,50.4,5507,1.272487,13,13,11,34,UE,,,,,
S1,2020,3,10,23,17,21,45.421577,-71.871559,263.5,14,38.8,8.3,60,100.8,3087,1.113426,22,19,11,50,UE,,,,,
S4,2020,3,10,23,17,22,45.421577,-71.871559,263.5,14,38.8,8.3,60,100.8,5373,1.590608,34,33,28,89,UE,,,,,
S1,2020,3,10,23,17,23,45.421581,-71.871552,263.70001,14,38.8,8.3,60,153.6,3148,1.513563,46,39,24,102,UE,,,,,
S4,2020,3,10,23,17,25,45.421581,-71.871552,263.79999,14,38.8,8.3,60,153.6,5155,2.505208,78,76,63,204,UE,,,,,
S1,2020,3,10,23,17,26,45.421581,-71.871552,263.79999,14,38.8,8.3,60,614.4,3079,0.561062,69,58,35,152,UE,,,,,
S4,2020,3,10,23,17,28,45.421585,-71.871552,264.29999,14,38.8,8.3,60,614.4,5920,2.387777,296,298,260,774,OK,,,,,
S1,2020,3,10,23,17,30,45.421581,-71.871552,264.39999,14,38.8,8.3,60,614.4,3113,2.270345,276,233,142,607,OK,275.75,233,142,,ParkingAut
S4,2020,3,10,23,17,33,45.421581,-71.871552,264.5,14,38.8,8.2,60,614.4,5796,2.609592,323,323,280,846,OK,,,,,
S1,2020,3,10,23,17,35,45.421581,-71.871552,264.5,14,38.8,8.2,60,614.4,3113,2.270345,276,233,142,607,OK,,,,,
S4,2020,3,10,23,17,38,45.421581,-71.871552,264.20001,14,38.8,8.2,60,614.4,5160,3.731717,465,451,375,1210,OK,,,,,
S1,2020,3,10,23,17,40,45.421581,-71.871552,263.70001,15,38.8,8.2,60,614.4,3125,2.270345,275,233,142,606,OK,,,,,
S4,2020,3,10,23,17,43,45.421585,-71.871552,263.5,15,38.8,8.2,60,614.4,5132,3.718668,466,450,374,1209,OK,,,,,
S1,2020,3,10,23,17,45,45.421585,-71.871552,263.5,15,38.8,8.2,60,614.4,3113,2.270345,276,233,142,607,OK,,,,,
S4,2020,3,10,23,17,48,45.421585,-71.871552,263.70001,15,38.9,8.2,60,614.4,5048,3.940484,500,478,396,1295,OK,,,,,
S1,2020,3,10,23,21,58,45.422211,-71.870956,267.20001,13,38.8,8.1,60,614.4,8730,21.372557,1097,2127,1861,5329,OK,,,,,
S4,2020,3,10,23,22,1,45.422215,-71.870979,267.79999,13,39.5,7,60,614.4,7031,33.820313,2484,3531,2970,9585,OK,,,,,
S1,2020,3,10,23,22,3,45.422207,-71.870972,268,15,39.5,6.9,60,614.4,8722,21.398653,1096,2127,1860,5325,OK,,,,,
S4,2020,3,10,23,22,6,45.422211,-71.870972,268,14,39.5,6.9,60,614.4,6992,34.016029,2524,3558,2991,9673,OK,,,,,
S1,2020,3,10,23,22,8,45.422215,-71.870956,268.20001,13,39.5,6.9,60,614.4,8730,21.372557,1096,2126,1860,5324,OK,,,,,
S4,2020,3,10,23,22,11,45.422215,-71.870956,268.39999,15,39.5,6.9,60,614.4,6984,34.042126,2531,3562,2994,9687,OK,,,,,
S1,2020,3,10,23,22,13,45.422215,-71.870949,268.5,15,39.5,6.9,60,614.4,8730,21.372557,1096,2126,1860,5324,OK,,,,,
S4,2020,3,10,23,22,16,45.422215,-71.870949,268.39999,14,39.5,6.8,60,614.4,6972,34.081268,2537,3566,2996,9699,OK,,,,,
S1,2020,3,10,23,22,18,45.422215,-71.870941,268.39999,14,39.5,6.8,60,614.4,8730,21.372557,1096,2126,1860,5326,OK,1095.714286,2125.57,1858.57,,Enseigne Walmart
S4,2020,3,10,23,22,21,45.422218,-71.870941,268.5,14,39.5,6.8,60,614.4,7110,33.468018,2401,3476,2926,9401,OK,,,,,
S1,2020,3,10,23,22,23,45.422218,-71.870949,268.89999,14,39.5,6.8,60,614.4,8720,21.385607,1096,2126,1859,5323,OK,,,,,
S4,2020,3,10,23,22,25,45.422218,-71.870949,269.20001,14,39.6,6.8,60,614.4,7108,33.468018,2405,3478,2928,9407,OK,,,,,
S1,2020,3,10,23,22,28,45.422222,-71.870941,269.10001,14,39.6,6.8,60,614.4,8720,21.372557,1095,2125,1858,5320,OK,,,,,
S4,2020,3,10,23,22,30,45.422222,-71.870941,269.20001,14,39.6,6.8,60,614.4,7114,33.49411,2402,3479,2929,9408,OK,,,,,
S1,2020,3,10,23,22,33,45.422222,-71.870941,269.5,13,39.6,6.8,60,614.4,8720,21.385607,1096,2126,1859,5323,OK,,,,,
S4,2020,3,10,23,22,35,45.422215,-71.870941,269,13,39.6,6.8,60,614.4,7020,33.872501,2492,3537,2974,9602,OK,,,,,
S1,2020,3,10,23,22,45,45.422222,-71.870972,270.79999,11,39.6,6.7,60,614.4,8720,21.372557,1095,2125,1858,5321,OK,,,,,
S4,2020,3,10,23,22,47,45.42223,-71.870956,270.39999,12,39.7,6.7,60,614.4,7104,33.572399,2413,3488,2936,9438,OK,,,,,
S1,2020,3,10,23,22,49,45.422215,-71.870972,270.70001,14,39.6,6.7,60,614.4,8717,21.372557,1096,2125,1858,5322,OK,,,,,
S4,2020,3,10,23,22,52,45.422215,-71.870972,271.5,13,39.7,6.7,60,614.4,7113,33.585449,2413,3490,2939,9440,OK,,,,,
S1,2020,3,10,23,22,54,45.422215,-71.870972,271.70001,13,39.7,6.7,60,614.4,8709,21.385607,1096,2126,1858,5322,OK,,,,,
S4,2020,3,10,23,22,57,45.422234,-71.870987,271.79999,13,39.7,6.7,60,614.4,7101,33.585449,2420,3492,2940,9450,OK,,,,,
S1,2020,3,10,23,27,8,45.423092,-71.872063,264.29999,13,39.6,6.6,60,614.4,4713,57.293591,12298,9333,8672,28041,OK,12234.57143,9293.714286,8628.857143,,ProvigoParking
S4,2020,3,10,23,27,11,45.423088,-71.872063,264.5,13,40.5,5.9,60,614.4,8487,5.81939,985,912,920,2589,OK,,,,,
S1,2020,3,10,23,27,13,45.423092,-71.872063,264.60001,13,40.5,5.8,60,614.4,4704,57.241398,12280,9318,8653,27965,OK,,,,,
S4,2020,3,10,23,27,16,45.423092,-71.872063,264.70001,13,40.5,5.8,60,614.4,8545,5.767198,984,909,919,2586,OK,,,,,
S1,2020,3,10,23,27,18,45.423092,-71.872063,264.70001,13,40.5,5.8,60,614.4,4717,57.110916,12201,9276,8611,27830,OK,,,,,
S4,2020,3,10,23,27,21,45.423092,-71.872063,264.89999,13,40.5,5.8,60,614.4,8258,6.041205,1028,945,949,2691,OK,,,,,
S1,2020,3,10,23,27,23,45.423092,-71.872063,264.89999,13,40.5,5.8,60,614.4,4689,57.110916,12220,9276,8602,27829,OK,,,,,
S4,2020,3,10,23,27,26,45.423092,-71.872063,265,13,40.5,5.8,60,614.4,8715,5.662814,964,894,907,2539,OK,,,,,
S1,2020,3,10,23,27,28,45.423088,-71.872063,265,13,40.5,5.8,60,614.4,4720,57.032627,12167,9256,8591,27741,OK,,,,,
S4,2020,3,10,23,27,31,45.423088,-71.872063,265,13,40.5,5.7,60,614.4,8002,6.289117,1069,978,976,2793,OK,,,,,
S1,2020,3,10,23,27,33,45.423088,-71.872063,265,13,40.5,5.8,60,614.4,4703,57.345783,12277,9322,8652,27962,OK,,,,,
S4,2020,3,10,23,27,35,45.423088,-71.872055,265.10001,13,40.5,5.7,60,614.4,8180,6.158637,1055,966,969,2753,OK,,,,,
S1,2020,3,10,23,27,38,45.423088,-71.872055,265.29999,13,40.6,5.8,60,614.4,4733,57.006535,12199,9275,8621,27834,OK,,,,,
S4,2020,3,10,23,27,40,45.423088,-71.872055,265.29999,13,40.5,5.7,60,614.4,8725,5.636718,959,890,903,2527,OK,,,,,
S1,2020,3,10,23,34,56,45.413563,-71.884018,206.3,4,40.5,5.7,60,614.4,4371,9.446723,12985,4799,3599,20834,OK,,,,,
S4,2020,3,10,23,34,58,45.413551,-71.884026,206.60001,12,42.1,5.3,60,614.4,1625,8.455078,4159,2101,1800,7305,OK,,,,,
S1,2020,3,10,23,35,1,45.413551,-71.884018,207.39999,12,42,5.2,60,614.4,4375,9.420627,12955,4787,3590,20790,OK,,,,,
S4,2020,3,10,23,35,3,45.413548,-71.884018,207.89999,12,42,5.2,60,614.4,1626,8.415934,4141,2093,1795,7272,OK,,,,,
S1,2020,3,10,23,35,5,45.413548,-71.884026,208.39999,13,42,5.2,60,614.4,4334,9.551106,12975,4803,3601,20849,OK,,,,,
S4,2020,3,10,23,35,8,45.413544,-71.884026,209,13,42,5.2,60,614.4,1625,8.520317,4186,2115,1812,7355,OK,,,,,
S1,2020,3,10,23,35,10,45.413544,-71.884026,209.60001,13,42,5.2,60,614.4,4326,9.577203,12979,4806,3603,20861,OK,,,,,
S4,2020,3,10,23,35,13,45.413544,-71.884026,209.60001,13,42,5.2,60,614.4,1625,8.494223,4187,2114,1811,7354,OK,,,,,
S1,2020,3,10,23,35,15,45.413544,-71.884026,209.7,13,42,5.2,60,614.4,4340,9.564154,13016,4817,3612,20901,OK,13016.83333,4820.833333,3614.5,,Eugene Lalonde
S4,2020,3,10,23,35,18,45.413544,-71.884026,209.8,13,42,5.2,60,614.4,1627,8.546414,4190,2120,1817,7365,OK,,,,,
S1,2020,3,10,23,35,20,45.413544,-71.884026,209.8,13,42,5.2,60,614.4,4325,9.629395,13048,4832,3623,20950,OK,,,,,
S4,2020,3,10,23,35,23,45.413544,-71.884026,209,13,42,5.2,60,614.4,1627,8.520317,4173,2111,1809,7337,OK,,,,,
S1,2020,3,10,23,35,25,45.413548,-71.884026,208.7,13,42,5.2,60,614.4,4314,9.642442,13017,4823,3616,20935,OK,,,,,
S4,2020,3,10,23,35,27,45.413551,-71.884018,208,13,42.1,5.3,60,614.4,1625,8.468125,4167,2104,1802,7322,OK,,,,,
S1,2020,3,10,23,35,30,45.413551,-71.884018,207.5,13,42,5.2,60,614.4,4312,9.616346,12977,4808,3604,20874,OK,,,,,
S4,2020,3,10,23,35,32,45.413555,-71.884018,206.89999,13,42,5.2,60,614.4,1626,8.494223,4177,2111,1809,7340,OK,,,,,
S1,2020,3,10,23,35,35,45.413559,-71.884018,206.60001,13,42,5.2,60,614.4,4317,9.642442,13022,4825,3619,20940,OK,,,,,
S4,2020,3,10,23,35,37,45.413559,-71.884018,206.2,13,42,5.2,60,614.4,1626,8.481174,4181,2113,1813,7350,OK,,,,,
S1,2020,3,10,23,35,40,45.413563,-71.884018,206,13,42,5.2,60,614.4,4332,9.59025,13021,4820,3613,20911,OK,,,,,
S4,2020,3,10,23,35,42,45.413567,-71.884018,205.7,13,42.1,5.3,60,614.4,1624,8.389837,4159,2099,1802,7302,OK,,,,,
S1,2020,3,10,23,39,58,45.412704,-71.883797,202.60001,13,42,5.2,60,614.4,3311,57.489311,9714,7398,5625,22820,OK,,,,,
S4,2020,3,10,23,40,0,45.412697,-71.883797,203,14,41.6,5.4,60,614.4,4525,12.030219,1352,1332,1012,4115,OK,,,,,
S1,2020,3,10,23,40,3,45.412701,-71.883804,203.5,13,41.7,5.4,60,614.4,3080,60.203281,11174,8095,6196,25341,OK,,,,,
S4,2020,3,10,23,40,5,45.412701,-71.883797,203.5,13,41.6,5.4,60,614.4,3987,4.149251,805,612,528,2049,OK,,,,,
S1,2020,3,10,23,40,8,45.412697,-71.883804,204.10001,14,41.6,5.4,60,614.4,2944,61.442837,11916,8416,6429,26218,OK,,,,,
S4,2020,3,10,23,40,10,45.412693,-71.88382,204.89999,14,41.6,5.4,60,614.4,3769,2.987983,673,482,428,1624,OK,,,,,
S1,2020,3,10,23,40,12,45.412697,-71.883804,204.89999,14,41.6,5.4,60,614.4,2965,56.536808,11193,7875,6097,25345,OK,11192.72727,7878.636364,6098.818182,,AvantEugeneLalode
S4,2020,3,10,23,40,15,45.412697,-71.883804,204.8,14,41.6,5.4,60,614.4,3736,2.974935,679,484,430,1632,OK,,,,,
S1,2020,3,10,23,40,17,45.412697,-71.883804,204.89999,14,41.6,5.4,60,614.4,2965,56.510712,11193,7874,6097,25339,OK,,,,,
S4,2020,3,10,23,40,20,45.412701,-71.883804,205,14,41.6,5.4,60,614.4,3779,2.974935,669,480,426,1616,OK,,,,,
S1,2020,3,10,23,40,22,45.412701,-71.883804,205.3,14,41.6,5.4,60,614.4,2967,56.575954,11194,7878,6099,25346,OK,,,,,
S4,2020,3,10,23,40,25,45.412704,-71.883804,205.3,14,41.6,5.4,60,614.4,3718,2.961887,679,483,429,1630,OK,,,,,
S1,2020,3,10,23,40,27,45.412704,-71.88382,205.10001,14,41.6,5.4,60,614.4,2966,56.575954,11192,7877,6097,25344,OK,,,,,
S4,2020,3,10,23,40,30,45.412704,-71.88382,204.89999,14,41.6,5.4,60,614.4,3701,2.961887,682,484,430,1636,OK,,,,,
S1,2020,3,10,23,40,32,45.412704,-71.88382,204.7,14,41.6,5.5,60,614.4,2967,56.602051,11192,7878,6097,25343,OK,,,,,
S4,2020,3,10,23,40,35,45.412708,-71.88382,204.8,14,41.6,5.4,60,614.4,3622,3.014078,694,490,433,1661,OK,,,,,
S1,2020,3,10,23,40,37,45.412708,-71.88382,204.8,14,41.6,5.4,60,614.4,2967,56.575954,11194,7878,6099,25351,OK,,,,,
S4,2020,3,10,23,40,39,45.412708,-71.88382,204.8,14,41.6,5.4,60,614.4,3729,2.974935,678,483,429,1631,OK,,,,,
S1,2020,3,10,23,40,42,45.412708,-71.88382,204.8,14,41.6,5.4,60,614.4,2969,56.615097,11192,7880,6100,25348,OK,,,,,
S4,2020,3,10,23,40,44,45.412712,-71.88382,204.7,14,41.6,5.4,60,614.4,3908,2.974935,655,476,424,1594,OK,,,,,
S1,2020,3,10,23,40,47,45.412712,-71.88382,204.7,14,41.6,5.4,60,614.4,2969,56.615097,11191,7880,6100,25347,OK,,,,,
S4,2020,3,10,23,40,49,45.412708,-71.88382,204.60001,14,41.5,5.4,60,614.4,3791,2.974935,668,480,426,1614,OK,,,,,
S1,2020,3,10,23,40,52,45.412708,-71.88382,204.5,14,41.5,5.4,60,614.4,2969,56.615097,11193,7881,6101,25353,OK,,,,,
S4,2020,3,10,23,40,54,45.412708,-71.88382,204.60001,14,41.5,5.4,60,614.4,3730,2.987983,678,484,429,1632,OK,,,,,
S1,2020,3,10,23,40,57,45.412708,-71.88382,204.7,14,41.5,5.4,60,614.4,2969,56.65424,11193,7882,6100,25355,OK,,,,,
S4,2020,3,10,23,40,59,45.412708,-71.88382,204.7,14,41.5,5.4,60,614.4,3718,2.987983,679,484,429,1633,OK,,,,,
S1,2020,3,10,23,41,2,45.412704,-71.88382,205.7,12,41.5,5.4,60,614.4,2969,56.65424,11193,7882,6100,25352,OK,,,,,
S4,2020,3,10,23,41,4,45.412704,-71.88382,206.3,13,41.5,5.4,60,614.4,3753,3.001031,676,484,429,1631,OK,,,,,
S1,2020,3,10,23,45,7,45.412937,-71.883858,205.8,12,41.5,5.4,60,614.4,5811,3.157606,8557,3026,2398,12965,OK,8569.428571,3028.142857,2399.285714,,EugeneLalondeHPS
S4,2020,3,10,23,45,10,45.412937,-71.883858,205.89999,12,41.1,5.4,60,614.4,1698,0.952501,535,252,206,915,OK,,,,,
S1,2020,3,10,23,45,12,45.412937,-71.883858,206.3,12,41,5.3,60,614.4,5823,3.118462,8548,3019,2392,12935,OK,,,,,
S4,2020,3,10,23,45,15,45.412933,-71.883858,206.2,12,41,5.3,60,614.4,1692,0.939453,533,252,208,908,OK,,,,,
S1,2020,3,10,23,45,17,45.412933,-71.883858,206,12,41,5.3,60,614.4,5816,3.157606,8580,3033,2404,12995,OK,,,,,
S4,2020,3,10,23,45,20,45.412933,-71.883858,206,12,41,5.3,60,614.4,1633,0.926405,491,239,200,843,OK,,,,,
S1,2020,3,10,23,45,22,45.412933,-71.883858,206,12,41,5.3,60,614.4,5823,3.118462,8567,3026,2398,12965,OK,,,,,
S4,2020,3,10,23,45,25,45.412933,-71.883858,206,12,41,5.3,60,614.4,1652,0.913357,503,242,202,856,OK,,,,,
S1,2020,3,10,23,45,27,45.412933,-71.883858,206,12,41,5.3,60,614.4,5812,3.170654,8576,3032,2402,12982,OK,,,,,
S4,2020,3,10,23,45,30,45.412933,-71.883858,206.60001,12,41,5.3,60,614.4,1695,0.952501,533,251,204,915,OK,,,,,
S1,2020,3,10,23,45,32,45.41293,-71.883858,206.8,12,41,5.3,60,614.4,5813,3.170654,8579,3032,2401,12981,OK,,,,,
S4,2020,3,10,23,45,34,45.41293,-71.883858,207.3,12,41,5.3,60,614.4,1695,0.952501,533,251,204,915,OK,,,,,
S1,2020,3,10,23,45,37,45.41293,-71.883858,207.5,12,40.9,5.2,60,614.4,5826,3.118462,8579,3029,2400,12980,OK,,,,,
S4,2020,3,10,23,45,39,45.41293,-71.883858,206.89999,10,41,5.3,60,614.4,1698,0.952501,537,253,207,918,OK,,,,,
S1,2020,3,10,23,49,28,45.412483,-71.884621,200.2,12,41,5.3,60,614.4,2940,65.474663,13102,9169,7105,29485,OK,13103.42857,9172.571429,7106.428571,,Parking STS
S4,2020,3,10,23,49,31,45.412483,-71.884621,200.89999,12,40.9,5.1,60,614.4,7102,2.896647,357,375,346,1130,OK,,,,,
S1,2020,3,10,23,49,33,45.412487,-71.884621,200.8,14,40.8,5,60,614.4,2941,65.513802,13103,9172,7106,29485,OK,,,,,
S4,2020,3,10,23,49,36,45.412487,-71.884621,200.8,14,40.8,5,60,614.4,7055,2.896647,362,377,348,1142,OK,,,,,
S1,2020,3,10,23,49,38,45.412487,-71.884621,200.8,14,40.8,5,60,614.4,2941,65.526848,13103,9173,7107,29487,OK,,,,,
S4,2020,3,10,23,49,41,45.412487,-71.884621,201.10001,14,40.8,5,60,614.4,7002,2.922743,363,378,348,1143,OK,,,,,
S1,2020,3,10,23,49,43,45.412491,-71.884621,201.10001,14,40.8,5,60,614.4,2940,65.526848,13102,9171,7104,29485,OK,,,,,
S4,2020,3,10,23,49,46,45.412491,-71.884621,200.8,14,40.8,5,60,614.4,7233,2.909695,353,375,347,1125,OK,,,,,
S1,2020,3,10,23,49,48,45.412491,-71.884621,200.3,14,40.8,5,60,614.4,2940,65.539902,13106,9174,7107,29494,OK,,,,,
S4,2020,3,10,23,49,51,45.412491,-71.884621,200.10001,14,40.8,5,60,614.4,7342,2.896647,348,373,346,1117,OK,,,,,
S1,2020,3,10,23,49,53,45.412491,-71.884621,200,14,40.8,5,60,614.4,2942,65.565994,13105,9176,7109,29497,OK,,,,,
S4,2020,3,10,23,49,55,45.412491,-71.884621,200,14,40.8,5,60,614.4,7041,2.909695,364,378,349,1144,OK,,,,,
S1,2020,3,10,23,49,58,45.412483,-71.884621,200,13,40.8,5,60,614.4,2941,65.526848,13103,9173,7107,29492,OK,,,,,
S4,2020,3,10,23,50,0,45.412487,-71.884621,199.8,13,40.8,5,60,614.4,7116,2.922743,361,379,350,1143,OK,,,,,
S1,2020,3,10,23,54,9,45.410976,-71.883827,199.89999,15,40.8,5,60,614.4,6713,10.607991,781,1095,903,2426,OK,,,,,
S4,2020,3,10,23,54,11,45.41098,-71.883835,201.39999,13,41,4.8,60,614.4,4641,52.765949,7023,6427,5218,18419,OK,,,,,
S1,2020,3,10,23,54,14,45.41098,-71.883835,201,14,41,4.8,60,614.4,6728,10.607991,782,1096,905,2428,OK,,,,,
S4,2020,3,10,23,54,16,45.410984,-71.883835,201.5,15,41,4.8,60,614.4,4644,52.987762,6997,6427,5207,18344,OK,,,,,
S1,2020,3,10,23,54,19,45.410984,-71.883835,201.8,14,41,4.8,60,614.4,6639,10.93419,802,1123,921,2474,OK,,,,,
S4,2020,3,10,23,54,21,45.41098,-71.883835,201.60001,14,41,4.8,60,614.4,4650,52.909477,6953,6403,5183,18234,OK,,,,,
S1,2020,3,10,23,54,24,45.410984,-71.883835,201.60001,14,41.1,4.8,60,614.4,6631,10.908094,800,1120,918,2466,OK,,,,,
S4,2020,3,10,23,54,26,45.410984,-71.883835,201.5,15,41,4.7,60,614.4,4642,53.157387,7000,6437,5210,18343,OK,,,,,
S1,2020,3,10,23,54,29,45.410984,-71.883835,201.39999,15,41,4.8,60,614.4,6645,10.947238,803,1125,923,2478,OK,,,,,
S4,2020,3,10,23,54,31,45.41098,-71.883835,201.39999,15,41,4.8,60,614.4,4645,53.000809,6995,6427,5207,18345,OK,,,,,
S1,2020,3,10,23,54,34,45.41098,-71.883835,201.2,12,41,4.7,60,614.4,6719,10.581895,779,1092,901,2418,OK,,,,,
S4,2020,3,10,23,54,36,45.410976,-71.883835,201.10001,13,41,4.7,60,614.4,4640,52.478893,6976,6387,5183,18289,OK,,,,,
S1,2020,3,10,23,54,39,45.410976,-71.883827,200.89999,13,41.1,4.8,60,614.4,6722,10.542751,779,1090,900,2415,OK,,,,,
S4,2020,3,10,23,54,41,45.410976,-71.883827,200.7,13,41,4.7,60,614.4,4641,52.491943,6968,6384,5179,18270,OK,,,,,
S1,2020,3,10,23,54,43,45.410973,-71.883827,200.3,13,41,4.8,60,614.4,6721,10.594943,781,1094,903,2423,OK,,,,,
S4,2020,3,10,23,54,46,45.410973,-71.883827,200,13,41.1,4.8,60,614.4,4643,52.622421,7015,6415,5212,18394,OK,,,,,
S1,2020,3,10,23,54,48,45.410973,-71.883835,199.60001,13,41.1,4.8,60,614.4,6723,10.647135,785,1100,908,2438,OK,,,,,
S4,2020,3,10,23,54,51,45.410973,-71.883835,199.39999,13,41,4.8,60,614.4,4656,51.656872,6846,6282,5101,17992,OK,,,,,
S1,2020,3,10,23,54,53,45.410973,-71.883835,199,13,41,4.7,60,614.4,6683,10.529703,775,1085,893,2400,OK,,,,,
S4,2020,3,10,23,54,56,45.410973,-71.883835,198.89999,12,41,4.8,60,614.4,4386,51.239334,7289,6385,5170,18597,OK,,,,,
S1,2020,3,10,23,55,18,45.410984,-71.88385,199.89999,13,41,4.8,60,614.4,6363,35.712265,2620,3625,2915,8409,OK,,,,,
S4,2020,3,10,23,55,20,45.410984,-71.88385,200.60001,13,41,4.8,60,614.4,4779,44.610973,5361,5186,4134,14432,OK,,,,,
S1,2020,3,10,23,55,22,45.410976,-71.883842,200,13,41,4.7,60,614.4,6355,35.751408,2625,3629,2917,8428,OK,2615.166667,3612,2904,,ParkPalaisDesSports
S4,2020,3,10,23,55,25,45.410976,-71.883842,199.5,14,41.1,4.8,60,614.4,4772,44.689262,5378,5197,4142,14463,OK,,,,,
S1,2020,3,10,23,55,27,45.410976,-71.883842,199,13,41.1,4.8,60,614.4,6354,35.346924,2603,3591,2888,8354,OK,,,,,
S4,2020,3,10,23,55,30,45.410973,-71.883842,198.8,13,41.1,4.8,60,614.4,4784,44.584877,5344,5178,4126,14400,OK,,,,,
S1,2020,3,10,23,55,32,45.410976,-71.883842,198.3,13,41,4.7,60,614.4,6355,35.699215,2622,3624,2913,8420,OK,,,,,
S4,2020,3,10,23,55,35,45.410976,-71.883842,198.10001,13,41.1,4.8,60,614.4,4785,44.284775,5295,5137,4091,14277,OK,,,,,
S1,2020,3,10,23,55,37,45.410976,-71.883842,198.10001,13,41,4.8,60,614.4,6355,35.673122,2623,3623,2913,8418,OK,,,,,
S4,2020,3,10,23,55,40,45.41098,-71.883842,198.3,13,41.1,4.8,60,614.4,4790,44.584877,5335,5175,4124,14390,OK,,,,,
S1,2020,3,10,23,55,42,45.410984,-71.883842,198.5,14,41,4.7,60,614.4,6357,35.451305,2608,3601,2896,8370,OK,,,,,
S4,2020,3,10,23,55,45,45.410984,-71.883842,198.8,14,41,4.7,60,614.4,4780,44.545738,5339,5172,4120,14382,OK,,,,,
S1,2020,3,10,23,55,47,45.410988,-71.883842,198.7,14,41,4.8,60,614.4,6352,35.490448,2610,3604,2897,8376,OK,,,,,
S4,2020,3,10,23,55,49,45.410992,-71.883835,198.7,13,41,4.7,60,614.4,4786,44.532688,5329,5168,4117,14367,OK,,,,,
S1,2020,3,10,23,59,52,0,0,0,0,39.7,4.8,60,2.4,3769,0,6,2,1,0,UE,,,,,
S4,2020,3,10,23,59,53,0,0,0,0,39.7,4.8,60,2.4,7117,190.39583,0,51,32,0,UE,,,,,
S1,2020,3,10,23,59,54,0,0,0,0,41,4.6,60,24,2060,8.350694,74,45,29,43,UE,,,,,
S4,2020,3,10,23,59,56,0,0,0,0,41,4.6,60,24,1707,21851.094,65,28,195,109,UE,,,,,
S1,2020,3,10,23,59,57,0,0,0,0,41,4.6,60,50.4,1915,21.632275,437,253,165,781,OK,,,,,
S4,2020,3,10,23,59,58,0,0,0,0,41,4.6,60,50.4,1677,20.359789,690,314,195,1169,OK,,,,,
S1,2020,3,10,23,59,59,0,0,0,0,41,4.6,60,50.4,1911,47.241066,959,554,363,1681,OK,,,,,
S4,2020,3,11,0,0,0,0,0,0,0,41,4.6,60,50.4,1675,42.151123,1412,643,398,2390,OK,,,,,
S1,2020,3,11,0,0,1,0,0,0,0,41,4.6,60,50.4,1916,46.763889,947,548,359,1726,OK,,,,,
S4,2020,3,11,0,0,2,0,0,0,0,41,4.6,60,50.4,1681,41.196754,1396,634,393,2361,OK,,,,,
S1,2020,3,11,0,0,4,0,0,0,0,41,4.6,60,50.4,1914,47.241066,956,553,362,1688,OK,,,,,
S4,2020,3,11,0,0,5,0,0,0,0,41,4.6,60,50.4,1676,42.310184,1419,646,400,2400,OK,,,,,
S1,2020,3,11,0,0,14,0,0,0,0,41,4.6,60,2.4,1910,43.423611,45,26,17,1712,UE,,,,,
S4,2020,3,11,0,0,15,45.409569,-71.88208,214.60001,4,41,4.6,60,2.4,53312,217582.34,1398,50,31,2366,UE,,,,,
S1,2020,3,11,0,0,16,45.409573,-71.882072,211.5,4,41,4.6,60,24,2018,8.350694,75,45,29,21,UE,,,,,
S4,2020,3,11,0,0,17,45.409561,-71.88208,212,4,41,4.6,60,24,1684,21846.42,20,8,191,31,UE,,,,,
S1,2020,3,11,0,0,18,45.409576,-71.882057,212,4,41,4.6,60,50.4,1904,21.791336,444,256,167,779,OK,,,,,
S4,2020,3,11,0,0,19,45.409508,-71.882187,218.10001,10,41,4.6,60,50.4,1677,20.359789,686,312,193,1160,OK,,,,,
S1,2020,3,11,0,0,20,45.409485,-71.882233,220.60001,10,41,4.6,60,50.4,1906,45.650459,931,537,352,1698,OK,,,,,
S4,2020,3,11,0,0,22,45.40947,-71.882256,222.39999,10,41,4.6,60,50.4,1676,42.628307,1434,653,405,2428,OK,,,,,
S1,2020,3,11,0,0,23,45.409466,-71.882263,223.2,5,41,4.6,60,50.4,1909,46.127644,937,541,354,1676,OK,,,,,
S4,2020,3,11,0,0,24,45.409451,-71.882278,224.10001,5,41,4.6,60,50.4,1678,42.469242,1431,651,404,2422,OK,,,,,
S1,2020,3,11,0,0,25,45.409443,-71.882286,225,5,41.1,4.6,60,50.4,1914,47.241066,956,553,362,1674,OK,,,,,
S4,2020,3,11,0,0,26,45.409443,-71.882278,225,5,41.1,4.6,60,50.4,1678,41.992065,1412,642,397,2387,OK,,,,,
S1,2020,3,11,0,0,27,45.409443,-71.882278,225.5,5,41.1,4.6,60,50.4,1914,47.241066,956,553,362,1708,OK,,,,,
S4,2020,3,11,0,0,28,45.409454,-71.882256,224.10001,10,41.1,4.6,60,50.4,1677,41.833,1407,640,396,2380,OK,,,,,
S1,2020,3,11,0,0,30,45.40947,-71.882225,222.8,10,41,4.6,60,50.4,1908,45.809525,932,538,352,1707,OK,,,,,
S4,2020,3,11,0,0,31,45.409481,-71.88221,222.10001,5,41,4.6,60,50.4,1674,42.628307,1427,650,402,2417,OK,,,,,
S1,2020,3,11,0,0,32,45.409485,-71.882195,221.8,10,41.1,4.6,60,50.4,1908,45.968582,934,539,353,1700,OK,,,,,
S4,2020,3,11,0,0,33,45.409489,-71.882187,221.5,10,41.1,4.6,60,50.4,1676,42.628307,1428,650,402,2418,OK,,,,,
S1,2020,3,11,0,0,34,45.4095,-71.882179,220.39999,10,41,4.6,60,50.4,1916,47.082008,952,551,361,1699,OK,,,,,
S4,2020,3,11,0,0,35,45.409512,-71.882156,219.5,10,41,4.6,60,50.4,1678,42.310184,1427,649,402,2417,OK,,,,,
S1,2020,3,11,0,0,36,45.409519,-71.882141,218.8,5,41.1,4.6,60,50.4,1918,47.241066,953,552,361,1681,OK,947,547.5,358.625,,SherGym
S4,2020,3,11,0,0,38,45.409523,-71.882133,218.60001,10,41.1,4.6,60,50.4,1677,42.469242,1431,651,403,2422,OK,,,,,
S1,2020,3,11,0,0,39,45.409527,-71.882126,218.2,5,41,4.6,60,50.4,1914,47.241066,956,553,362,1680,OK,,,,,
S4,2020,3,11,0,0,40,45.409527,-71.882126,218.3,10,41,4.6,60,50.4,1674,43.105492,1438,655,404,2435,OK,,,,,
S1,2020,3,11,0,0,41,45.409527,-71.882126,218.7,10,41,4.6,60,50.4,1909,46.763889,949,548,359,1702,OK,,,,,
S4,2020,3,11,0,0,42,45.409534,-71.882118,218.10001,5,41,4.6,60,50.4,1678,42.310184,1421,646,399,2404,OK,,,,,
S1,2020,3,11,0,0,43,45.409534,-71.882111,217.8,10,41,4.6,60,50.4,1910,45.968582,935,540,354,1681,OK,,,,,
S4,2020,3,11,0,0,45,45.409538,-71.882111,217.2,5,41,4.6,60,50.4,1678,42.787365,1441,655,405,2441,OK,,,,,
S1,2020,3,11,0,0,46,45.409546,-71.882111,217,5,41,4.6,60,50.4,1916,46.763889,947,548,359,1679,OK,,,,,
S4,2020,3,11,0,0,47,45.409546,-71.882103,216.7,11,41,4.6,60,50.4,1679,42.310184,1424,647,400,2409,OK,,,,,
S1,2020,3,11,0,0,48,45.409546,-71.882103,216.3,11,41,4.6,60,50.4,1916,46.763889,947,548,359,1687,OK,,,,,
S4,2020,3,11,0,0,49,45.409554,-71.882095,216.3,11,41,4.6,60,50.4,1678,42.628307,1434,652,403,2427,OK,,,,,
S1,2020,3,11,0,0,50,45.409554,-71.882095,215.60001,11,41.1,4.6,60,50.4,1913,46.763889,948,548,359,1685,OK,,,,,
S4,2020,3,11,0,0,51,45.409557,-71.882088,215.10001,11,41.1,4.6,60,50.4,1676,42.151123,1417,645,400,2397,OK,,,,,
S1,2020,3,11,0,0,53,45.409557,-71.882088,214.60001,11,41,4.6,60,50.4,1908,46.127644,941,543,356,1725,OK,,,,,
S4,2020,3,11,0,0,54,0,0,0,0,41,4.6,60,50.4,1674,42.787365,1435,654,406,2429,OK,,,,,
S1,2020,3,11,0,6,2,45.410095,-71.882019,188,13,41,4.6,60,50.4,4538,49.149799,461,451,345,1206,OK,461.8333333,452.5,346.4166667,,SherGymInterieur
S4,2020,3,11,0,6,3,45.410088,-71.882011,186.89999,12,41,4.6,60,50.4,4932,35.629631,275,305,229,722,OK,,,,,
S1,2020,3,11,0,6,4,45.41008,-71.882011,186.89999,13,41.3,4.6,60,50.4,4543,49.62698,463,454,347,1186,OK,,,,,
S4,2020,3,11,0,6,6,45.410072,-71.882011,186.7,13,41.3,4.6,60,50.4,4938,35.788689,276,306,230,725,OK,,,,,
S1,2020,3,11,0,6,7,45.41008,-71.882011,186.5,12,41.3,4.6,60,50.4,4548,49.945103,465,457,349,1191,OK,,,,,
S4,2020,3,11,0,6,8,45.410072,-71.882011,186.39999,14,41.3,4.6,60,50.4,4950,35.94775,278,308,232,727,OK,,,,,
S1,2020,3,11,0,6,9,45.410061,-71.882019,186.39999,14,41.3,4.5,60,50.4,4566,49.945103,465,457,350,1207,OK,,,,,
S4,2020,3,11,0,6,10,45.410061,-71.882011,186.3,14,41.3,4.5,60,50.4,4913,35.311504,272,302,226,713,OK,,,,,
S1,2020,3,11,0,6,11,45.410069,-71.881989,186.2,13,41.3,4.5,60,50.4,4548,48.513561,458,447,343,1205,OK,,,,,
S4,2020,3,11,0,6,13,45.410072,-71.881981,185.7,13,41.3,4.5,60,50.4,4928,35.311504,276,304,229,719,OK,,,,,
S1,2020,3,11,0,6,14,45.410069,-71.881989,185.3,14,41.3,4.5,60,50.4,4548,48.83168,459,449,344,1189,OK,,,,,
S4,2020,3,11,0,6,15,45.410072,-71.881989,185.10001,13,41.3,4.5,60,50.4,4944,35.788689,277,307,231,724,OK,,,,,
S1,2020,3,11,0,6,16,45.410072,-71.881981,185.3,12,41.3,4.5,60,50.4,4538,49.149799,461,451,345,1199,OK,,,,,
S4,2020,3,11,0,6,17,45.410076,-71.881981,185.3,12,41.3,4.5,60,50.4,4932,36.106812,280,310,233,731,OK,,,,,
S1,2020,3,11,0,6,18,45.410069,-71.882004,184,13,41.3,4.6,60,50.4,4552,49.786045,465,456,349,1188,OK,,,,,
S4,2020,3,11,0,6,19,45.410072,-71.882004,183.60001,13,41.3,4.6,60,50.4,4950,35.94775,278,308,232,725,OK,,,,,
S1,2020,3,11,0,6,21,45.410072,-71.882011,183.5,14,41.3,4.5,60,50.4,4566,49.945103,465,457,350,1198,OK,,,,,
S4,2020,3,11,0,6,22,45.410069,-71.882011,183.5,14,41.3,4.5,60,50.4,4954,35.47057,277,306,231,722,OK,,,,,
S1,2020,3,11,0,6,23,45.410065,-71.882019,183.3,14,41.3,4.6,60,50.4,4553,48.672615,459,448,344,1203,OK,,,,,
S4,2020,3,11,0,6,24,45.410065,-71.882019,183.10001,14,41.3,4.6,60,50.4,4938,35.788689,276,306,230,722,OK,,,,,
S1,2020,3,11,0,6,25,45.410065,-71.882011,182.89999,14,41.3,4.5,60,50.4,4558,48.672615,457,447,343,1197,OK,,,,,
S4,2020,3,11,0,6,26,45.410065,-71.882011,182.8,14,41.3,4.5,60,50.4,4974,35.152447,272,302,228,713,OK,,,,,
S1,2020,3,11,0,6,28,45.410065,-71.882011,182.7,14,41.3,4.5,60,50.4,4543,49.945103,464,456,348,1189,OK,,,,,
S4,2020,3,11,0,6,29,45.410069,-71.882011,182.5,14,41.3,4.5,60,50.4,4993,34.834324,270,300,227,706,OK,,,,,
S1,2020,3,11,0,10,35,45.409691,-71.883461,195.89999,12,41.3,4.5,60,50.4,54022,10423.416,490,154,122,756,OK,,,,,
S4,2020,3,11,0,10,37,45.409695,-71.883469,194.39999,12,41.3,4.5,60,50.4,2672,0.636243,47,19,14,79,UE,,,,,
S1,2020,3,11,0,10,38,45.409695,-71.883476,194.2,11,41.1,4.6,60,50.4,54022,10423.416,490,154,122,756,OK,,,,,
S4,2020,3,11,0,10,39,45.409691,-71.883469,195.2,13,41.1,4.6,60,100.8,2963,0.318122,48,19,14,79,UE,,,,,
S1,2020,3,11,0,10,40,45.409691,-71.883469,195.60001,13,41.1,4.6,60,50.4,2561,24.81349,490,316,250,756,OK,,,,,
S4,2020,3,11,0,10,41,45.409695,-71.883469,195.5,12,41.1,4.6,60,153.6,2634,0.469727,97,39,28,162,UE,,,,,
S1,2020,3,11,0,10,42,45.409695,-71.883461,195.5,12,41.1,4.6,60,50.4,57238,10422.145,1493,471,372,2303,OK,,,,,
S4,2020,3,11,0,10,44,45.409695,-71.883469,195.3,12,41.1,4.6,60,614.4,2705,0.169623,137,55,40,228,UE,,,,,
S1,2020,3,11,0,10,46,45.409698,-71.883469,195.10001,14,41.1,4.6,60,50.4,56698,10415.304,5973,1883,1488,9209,OK,5979.9,1885.5,1489.7,,RueduCegepPav1
S4,2020,3,11,0,10,47,45.409702,-71.883461,194.39999,14,41.1,4.6,60,614.4,2566,0.70459,544,221,161,907,OK,,,,,
S1,2020,3,11,0,10,49,45.409702,-71.883461,194.39999,14,41.1,4.6,60,50.4,56613,10415.304,5974,1883,1488,9209,OK,,,,,
S4,2020,3,11,0,10,51,45.409702,-71.883461,194.10001,14,41.1,4.6,60,614.4,2491,0.730686,548,224,163,915,OK,,,,,
S1,2020,3,11,0,10,53,45.409706,-71.883453,193.3,13,41.1,4.6,60,50.4,57437,10415.781,5975,1885,1488,9219,OK,,,,,
S4,2020,3,11,0,10,55,45.409706,-71.883453,192.8,13,41.1,4.6,60,614.4,2480,0.743734,555,227,165,926,OK,,,,,
S1,2020,3,11,0,10,56,45.409714,-71.883453,192.60001,13,41.1,4.6,60,50.4,56661,10415.304,5976,1884,1489,9217,OK,,,,,
S4,2020,3,11,0,10,58,45.409714,-71.883453,192.60001,13,41.1,4.6,60,614.4,2441,0.795925,584,239,172,976,OK,,,,,
S1,2020,3,11,0,11,0,45.409714,-71.883453,192,14,41.1,4.6,60,50.4,56916,10415.463,5981,1886,1490,9224,OK,,,,,
S4,2020,3,11,0,11,2,45.409718,-71.883453,191.8,14,41.1,4.6,60,614.4,2441,0.795925,584,239,172,975,OK,,,,,
S1,2020,3,11,0,11,4,45.409714,-71.883461,192.60001,14,41.1,4.6,60,50.4,57284,10415.622,5982,1887,1490,9228,OK,,,,,
S4,2020,3,11,0,11,5,45.409714,-71.883461,192.8,14,41.1,4.6,60,614.4,2759,0.652398,537,215,157,890,OK,,,,,
S1,2020,3,11,0,11,7,45.409714,-71.883461,192.8,14,41.1,4.6,60,50.4,56880,10415.463,5984,1887,1491,9231,OK,,,,,
S4,2020,3,11,0,11,9,45.409714,-71.883469,193.3,14,41.1,4.6,60,614.4,2694,0.691542,553,222,161,915,OK,,,,,
S1,2020,3,11,0,11,11,45.409706,-71.883469,193.7,14,41.1,4.6,60,50.4,56795,10415.463,5985,1887,1491,9231,OK,,,,,
S4,2020,3,11,0,11,13,45.409706,-71.883469,194.2,14,41.1,4.6,60,614.4,2761,0.652398,547,219,160,906,OK,,,,,
S1,2020,3,11,0,11,14,45.409702,-71.883469,194.5,14,41.1,4.6,60,50.4,56329,10415.145,5985,1886,1491,9230,OK,,,,,
S4,2020,3,11,0,11,16,45.409702,-71.883469,194.5,14,41.1,4.6,60,614.4,2770,0.652398,543,217,158,898,OK,,,,,
S1,2020,3,11,0,11,18,45.409702,-71.883469,194.60001,14,41.1,4.6,60,50.4,56880,10415.463,5984,1887,1491,9230,OK,,,,,
S4,2020,3,11,0,11,20,45.409702,-71.883469,194.7,14,41.1,4.6,60,614.4,2775,0.652398,541,216,157,895,OK,,,,,
S1,2020,3,11,0,17,43,45.410141,-71.885078,196.60001,12,41.1,4.6,60,50.4,1991,10.338955,261,150,118,417,OK,,,,,
S4,2020,3,11,0,17,45,45.410137,-71.885078,196.60001,12,41.1,4.6,60,614.4,2559,1.91805,1383,547,364,2190,OK,,,,,
S1,2020,3,11,0,17,47,45.410137,-71.885078,196.39999,11,41,4.5,60,50.4,1991,10.338955,261,150,118,417,OK,,,,,
S4,2020,3,11,0,17,48,45.410141,-71.885078,196.10001,11,41,4.5,60,614.4,2602,1.931098,1407,554,368,2226,OK,,,,,
S1,2020,3,11,0,17,50,45.410141,-71.885078,196.10001,11,41,4.5,60,50.4,1991,10.338955,261,150,118,418,OK,,,,,
S4,2020,3,11,0,17,52,45.410141,-71.885078,195.7,12,41,4.5,60,614.4,2568,1.931098,1394,551,367,2205,OK,,,,,
S1,2020,3,11,0,17,54,45.410141,-71.885078,195.60001,11,41,4.5,60,50.4,1991,10.338955,261,150,118,417,OK,,,,,
S4,2020,3,11,0,17,56,45.410145,-71.885078,195.39999,11,41,4.5,60,614.4,2568,1.91805,1381,546,364,2187,OK,,,,,
S1,2020,3,11,0,17,57,45.410145,-71.885086,195.2,12,41,4.5,60,50.4,1993,10.657077,266,153,120,424,OK,,,,,
S4,2020,3,11,0,17,59,45.410145,-71.885086,195.2,12,41,4.5,60,614.4,2537,1.98329,1405,556,368,2227,OK,,,,,
S1,2020,3,11,0,18,1,45.410145,-71.885086,195,11,41,4.5,60,50.4,1983,10.498016,267,153,121,426,OK,,,,,
S4,2020,3,11,0,18,3,45.410145,-71.885086,194.89999,12,41,4.5,60,614.4,2531,1.996338,1414,560,371,2240,OK,,,,,
S1,2020,3,11,0,18,5,45.410145,-71.885086,194.89999,12,41,4.5,60,50.4,1983,10.498016,267,153,121,426,OK,,,,,
S4,2020,3,11,0,18,6,45.410145,-71.885094,195.10001,12,41,4.5,60,614.4,2597,2.009386,1464,576,381,2318,OK,,,,,
S1,2020,3,11,0,18,8,45.410141,-71.885094,195.10001,12,41,4.5,60,50.4,1984,10.179894,256,147,115,410,OK,,,,,
S4,2020,3,11,0,18,10,45.410141,-71.885094,195.5,11,41,4.5,60,614.4,2576,2.022434,1459,576,383,2308,OK,,,,,
S1,2020,3,11,0,18,12,45.410141,-71.885101,195.89999,11,41,4.5,60,50.4,2008,10.657077,265,153,120,423,OK,,,,,
S4,2020,3,11,0,18,14,45.410141,-71.885101,196.10001,11,41,4.5,60,614.4,2567,2.04853,1474,582,386,2330,OK,,,,,
S1,2020,3,11,0,18,15,45.410141,-71.885101,196.2,12,41,4.5,60,50.4,1933,7.793982,201,114,89,331,UE,,,,,
S4,2020,3,11,0,18,17,45.410137,-71.885101,196.5,10,41,4.5,60,614.4,2681,2.061578,1544,603,399,2437,OK,,,,,
S1,2020,3,11,0,18,19,45.410141,-71.885101,196.39999,12,41,4.5,60,100.8,1928,4.533234,233,132,103,379,OK,,,,,
S4,2020,3,11,0,18,21,45.410145,-71.885101,196.3,12,41,4.5,60,614.4,2702,2.087673,1572,613,406,2485,OK,,,,,
S1,2020,3,11,0,18,23,45.410145,-71.885101,196.3,12,41,4.5,60,100.8,1919,4.453704,228,129,100,371,OK,,,,,
S4,2020,3,11,0,18,25,45.410145,-71.885101,196.2,12,41,4.5,60,614.4,2734,2.074625,1584,616,408,2503,OK,,,,,
S1,2020,3,11,0,18,26,45.410149,-71.885109,195.8,12,41,4.5,60,100.8,2022,7.55539,375,217,171,584,OK,,,,,
S4,2020,3,11,0,18,28,45.410149,-71.885109,195.5,12,41,4.5,60,614.4,2343,2.309489,1539,624,420,2410,OK,,,,,
S1,2020,3,11,0,18,30,45.410149,-71.885109,195.39999,12,41,4.5,60,100.8,1929,8.112103,434,245,196,684,OK,430.8,242.6,194.4,,ParkCAP
S4,2020,3,11,0,18,32,45.410145,-71.885117,195.39999,12,41,4.5,60,614.4,2214,2.348633,1480,610,413,2353,OK,,,,,
S1,2020,3,11,0,18,34,45.410145,-71.885117,195.5,12,41,4.5,60,100.8,1931,8.112103,432,244,195,681,OK,,,,,
S4,2020,3,11,0,18,36,45.410141,-71.885117,195.7,12,41,4.5,60,614.4,2163,2.283393,1404,582,393,2239,OK,,,,,
S1,2020,3,11,0,18,37,45.410141,-71.885117,195.8,12,41.1,4.6,60,100.8,1931,8.112103,432,244,195,682,OK,,,,,
S4,2020,3,11,0,18,39,45.410137,-71.885117,195.89999,12,41.1,4.6,60,614.4,2162,2.296441,1411,585,395,2251,OK,,,,,
S1,2020,3,11,0,18,41,45.410137,-71.885117,195.89999,13,41,4.5,60,100.8,1906,7.793982,428,240,193,677,OK,,,,,
S4,2020,3,11,0,18,43,45.410137,-71.885117,196,13,41,4.5,60,614.4,2152,2.283393,1401,582,394,2235,OK,,,,,
S1,2020,3,11,0,18,45,45.410137,-71.885117,196,13,41,4.5,60,100.8,1906,7.793982,428,240,193,677,OK,,,,,
S4,2020,3,11,0,18,47,45.410137,-71.885117,196.10001,10,41,4.5,60,614.4,2156,2.283393,1406,584,396,2244,OK,,,,,
S1,2020,3,11,0,23,32,45.409115,-71.884293,184.7,13,41,4.5,60,100.8,2713,38.413197,5165,2086,1547,7879,OK,,,,,
S4,2020,3,11,0,23,34,45.409115,-71.884293,184.2,14,41,4.5,60,614.4,1636,0.495822,243,124,107,414,OK,,,,,
S1,2020,3,11,0,23,36,45.409115,-71.884293,184,14,41.1,4.6,60,100.8,2709,38.333664,5151,2082,1546,7874,OK,,,,,
S4,2020,3,11,0,23,38,45.409111,-71.884293,183.7,14,41.1,4.6,60,614.4,1642,0.495822,240,123,106,409,OK,,,,,
S1,2020,3,11,0,23,40,45.409111,-71.884293,183.5,14,41.1,4.5,60,100.8,2653,12.645337,1675,681,508,2571,OK,,,,,
S4,2020,3,11,0,23,42,45.409115,-71.884293,183.3,14,41.1,4.5,60,614.4,1630,0.534966,279,136,113,471,OK,,,,,
S1,2020,3,11,0,23,43,45.409115,-71.884293,183.2,14,41.1,4.5,60,100.8,2014,8.112103,793,340,242,1168,OK,,,,,
S4,2020,3,11,0,23,45,45.409119,-71.884285,182.89999,14,41.1,4.5,60,614.4,1646,0.521918,286,138,115,480,OK,,,,,
S1,2020,3,11,0,23,47,45.409119,-71.884285,182.89999,14,41.1,4.5,60,100.8,1949,57.818615,5297,2277,1567,7905,OK,,,,,
S4,2020,3,11,0,23,49,45.409122,-71.884285,182.60001,14,41.1,4.5,60,614.4,1642,0.495822,242,124,107,411,OK,,,,,
S1,2020,3,11,0,23,51,45.409122,-71.884285,182.60001,15,41.1,4.5,60,100.8,1824,61.317959,5180,2283,1572,7513,OK,,,,,
S4,2020,3,11,0,23,53,45.409122,-71.884285,182.8,15,41.1,4.5,60,614.4,1620,0.50887,264,131,111,446,OK,,,,,
S1,2020,3,11,0,23,55,45.409122,-71.884285,183.10001,14,41.1,4.5,60,100.8,1788,62.590443,5135,2282,1568,7221,OK,,,,,
S4,2020,3,11,0,23,56,45.409122,-71.884293,183.3,14,41.1,4.5,60,614.4,1658,0.561062,305,146,120,511,OK,,,,,
S1,2020,3,11,0,23,58,45.409122,-71.884293,183.39999,14,41.1,4.5,60,100.8,1776,63.306213,5126,2283,1561,7052,OK,,,,,
S4,2020,3,11,0,24,0,45.409122,-71.884293,183.39999,14,41.1,4.5,60,614.4,1673,0.561062,309,147,121,517,OK,,,,,
S1,2020,3,11,0,24,2,45.409122,-71.884293,183.5,13,41.1,4.5,60,100.8,1778,63.544811,5137,2285,1556,7008,OK,,,,,
S4,2020,3,11,0,24,4,45.409119,-71.884293,183.5,15,41.1,4.5,60,614.4,1621,0.482775,247,124,106,421,OK,,,,,
S1,2020,3,11,0,24,6,45.409119,-71.884293,183.60001,13,41.1,4.5,60,100.8,1784,63.703869,5146,2283,1545,6938,OK,,,,,
S4,2020,3,11,0,24,8,45.409119,-71.8843,183.7,13,41.1,4.5,60,614.4,1629,0.456679,223,113,96,387,UE,,,,,
S1,2020,3,11,0,24,9,45.409119,-71.8843,183.8,14,41.1,4.6,60,100.8,1759,65.533073,5132,2288,1531,6850,OK,,,,,
S4,2020,3,11,0,24,11,45.409119,-71.8843,183.7,15,41.1,4.6,60,614.4,1625,0.456679,224,113,96,388,UE,,,,,
S1,2020,3,11,0,24,13,45.409119,-71.8843,183.7,15,41.1,4.5,60,100.8,1814,63.38575,5215,2293,1542,6896,OK,,,,,
S4,2020,3,11,0,24,15,45.409119,-71.8843,183.3,15,41.1,4.5,60,614.4,1628,0.534966,280,137,115,471,OK,,,,,
S1,2020,3,11,0,24,17,45.409119,-71.884315,183.3,12,41.1,4.5,60,100.8,1816,63.544811,5224,2295,1539,6879,OK,,,,,
S4,2020,3,11,0,24,19,45.409119,-71.884315,182.89999,13,41.1,4.5,60,614.4,1630,0.50887,263,128,105,452,OK,,,,,
S1,2020,3,11,0,24,21,45.409115,-71.884315,183,13,41.1,4.5,60,100.8,1800,65.294479,5250,2311,1533,6841,OK,,,,,
S4,2020,3,11,0,24,22,45.409111,-71.884315,183.3,13,41.1,4.5,60,614.4,1632,0.495822,261,127,105,448,OK,,,,,
S1,2020,3,11,0,24,24,45.409111,-71.884315,183.7,13,41.1,4.5,60,100.8,1822,65.135414,5326,2331,1545,6984,OK,5334.25,2305.25,1548.875,,StationnementCapArriere
S4,2020,3,11,0,24,26,45.409111,-71.884315,183.8,13,41.1,4.5,60,614.4,1637,0.495822,264,128,106,452,OK,,,,,
S1,2020,3,11,0,24,28,45.409111,-71.884315,183.89999,14,41.1,4.5,60,100.8,1860,62.988091,5324,2314,1546,7004,OK,,,,,
S4,2020,3,11,0,24,30,45.409111,-71.884315,183.89999,13,41.1,4.5,60,614.4,1630,0.521918,275,134,111,466,OK,,,,,
S1,2020,3,11,0,24,32,45.409111,-71.884315,183.89999,14,41.1,4.5,60,100.8,1882,61.874664,5330,2308,1549,7020,OK,,,,,
S4,2020,3,11,0,24,33,45.409111,-71.884315,183.89999,12,41.1,4.5,60,614.4,1645,0.57411,303,146,120,507,OK,,,,,
S1,2020,3,11,0,24,35,45.409111,-71.8843,184,14,41.1,4.5,60,100.8,1911,60.522652,5329,2296,1547,7014,OK,,,,,
S4,2020,3,11,0,24,37,45.409111,-71.8843,184,14,41.1,4.5,60,614.4,1621,0.495822,249,125,107,423,OK,,,,,
S1,2020,3,11,0,24,39,45.409111,-71.8843,183.89999,14,41.1,4.5,60,100.8,1916,60.36359,5334,2296,1547,7023,OK,,,,,
S4,2020,3,11,0,24,41,45.409111,-71.8843,183.7,15,41.1,4.5,60,614.4,1647,0.50887,247,127,111,418,OK,,,,,
S1,2020,3,11,0,24,43,45.409115,-71.8843,183.39999,15,41.1,4.6,60,100.8,1925,59.965935,5335,2294,1550,7045,OK,,,,,
S4,2020,3,11,0,24,45,45.409119,-71.8843,183.10001,15,41.1,4.6,60,614.4,1648,0.50887,247,127,110,417,OK,,,,,
S1,2020,3,11,0,24,46,45.409119,-71.8843,182.8,15,41.1,4.5,60,100.8,1922,60.204529,5344,2299,1553,7073,OK,,,,,
S4,2020,3,11,0,24,48,45.409119,-71.884285,182.7,14,41.1,4.5,60,614.4,1665,0.495822,274,131,109,463,OK,,,,,
S1,2020,3,11,0,24,50,45.409103,-71.884277,182.7,14,41.1,4.5,60,100.8,1917,60.522652,5352,2304,1554,7086,OK,,,,,
S4,2020,3,11,0,24,52,0,0,0,0,41.1,4.5,60,614.4,1624,0.456679,230,116,100,395,OK,,,,,
S1,2020,3,11,0,29,28,45.410809,-71.884644,199.8,11,41.1,4.6,60,100.8,40943,0,1,0,0,1,UE,,,,,
S4,2020,3,11,0,29,30,45.41082,-71.884628,199.8,11,41.1,4.6,60,614.4,2061,0.717638,187,111,81,371,UE,,,,,
S1,2020,3,11,0,29,32,45.410824,-71.884621,199.2,12,41,4.6,60,153.6,40943,0,1,0,0,1,UE,,,,,
S4,2020,3,11,0,29,34,45.410824,-71.884621,199.2,5,41,4.6,60,614.4,2037,0.691542,185,109,80,368,UE,,,,,
S1,2020,3,11,0,29,36,45.410824,-71.884621,199.5,13,41,4.6,60,614.4,4167,5.401855,6704,2422,1683,10393,OK,6705,2421.833333,1683,,RueduCegepPav2
S4,2020,3,11,0,29,38,45.410816,-71.884621,199,12,40.9,4.5,60,614.4,2045,0.70459,186,110,80,371,UE,,,,,
S1,2020,3,11,0,29,41,45.410816,-71.884621,198.89999,13,41,4.6,60,614.4,4166,5.401855,6706,2423,1684,10394,OK,,,,,
S4,2020,3,11,0,29,43,45.410809,-71.884621,198.89999,13,40.9,4.5,60,614.4,2228,0.874213,212,131,96,436,UE,,,,,
S1,2020,3,11,0,29,46,45.410801,-71.884621,198.2,14,41,4.6,60,614.4,4161,5.414903,6706,2423,1683,10391,OK,,,,,
S4,2020,3,11,0,29,48,45.410797,-71.884621,198.10001,13,41,4.6,60,614.4,2273,0.952501,222,139,101,460,OK,,,,,
S1,2020,3,11,0,29,51,45.410793,-71.884621,198.39999,15,41,4.6,60,614.4,4170,5.401855,6705,2422,1683,10390,OK,,,,,
S4,2020,3,11,0,29,53,45.410793,-71.884621,198.5,14,41,4.6,60,614.4,2149,0.808973,201,122,89,407,UE,,,,,
S1,2020,3,11,0,29,55,45.410786,-71.884621,198.5,14,41,4.6,60,614.4,4170,5.401855,6705,2422,1683,10389,OK,,,,,
S4,2020,3,11,0,29,58,45.410782,-71.884621,198.5,15,41,4.6,60,614.4,2041,0.730686,193,114,83,386,UE,,,,,
S1,2020,3,11,0,30,0,45.410793,-71.884605,198.2,12,40.9,4.5,60,614.4,4196,5.349663,6704,2419,1682,10384,OK,,,,,
S4,2020,3,11,0,30,3,45.410801,-71.884628,198,11,41,4.6,60,614.4,2061,0.717638,187,111,81,372,UE,,,,,
S1,2020,3,11,0,34,49,45.412827,-71.887276,202.7,12,41,4.6,60,614.4,4999,4.005723,6266,1978,1066,9161,OK,,,,,
S4,2020,3,11,0,34,52,45.412834,-71.887276,202.89999,12,41,4.6,60,614.4,1830,0.300103,130,54,26,210,UE,,,,,
S1,2020,3,11,0,34,54,45.412842,-71.887283,202.7,13,41,4.6,60,614.4,5001,4.240587,6636,2095,1130,9700,OK,6635,2094.4,1130,,ParcPiscine
S4,2020,3,11,0,34,57,45.412842,-71.887276,202.5,13,41,4.6,60,614.4,1879,0.287055,129,53,26,210,UE,,,,,
S1,2020,3,11,0,34,59,45.412842,-71.887276,202.5,13,41,4.6,60,614.4,5007,4.227539,6634,2094,1130,9699,OK,,,,,
S4,2020,3,11,0,35,2,45.412842,-71.887276,202.7,13,41,4.6,60,614.4,1910,0.287055,130,53,26,211,UE,,,,,
S1,2020,3,11,0,35,4,45.412834,-71.887276,203.10001,13,41,4.6,60,614.4,4999,4.240587,6635,2095,1130,9698,OK,,,,,
S4,2020,3,11,0,35,7,45.41283,-71.887283,203.60001,12,41,4.6,60,614.4,1850,0.300103,128,53,26,208,UE,,,,,
S1,2020,3,11,0,35,9,45.41283,-71.887283,203.60001,12,41,4.6,60,614.4,5012,4.214491,6636,2094,1130,9700,OK,,,,,
S4,2020,3,11,0,35,12,45.41283,-71.887283,204.2,14,41,4.6,60,614.4,1879,0.287055,129,53,26,210,UE,,,,,
S1,2020,3,11,0,35,14,45.41283,-71.887283,204.10001,14,41,4.6,60,614.4,5007,4.227539,6634,2094,1130,9698,OK,,,,,
S4,2020,3,11,0,35,16,45.412827,-71.887283,203.89999,14,41,4.6,60,614.4,1913,0.287055,128,52,25,209,UE,,,,,
S1,2020,3,11,0,40,38,45.409069,-71.888321,166.2,12,41,4.6,60,614.4,3908,5.728054,5771,1897,931,8870,OK,5769.555556,1895.222222,930.3333333,,RuePav4
S4,2020,3,11,0,40,40,45.409069,-71.888336,166.2,12,41.1,4.7,60,614.4,1621,5.101752,1221,581,176,2241,OK,,,,,
S1,2020,3,11,0,40,43,45.409065,-71.888321,163.39999,13,41.1,4.7,60,614.4,3923,5.68891,5773,1896,931,8869,OK,,,,,
S4,2020,3,11,0,40,45,45.409065,-71.888321,162.7,13,41.1,4.7,60,614.4,1622,5.127849,1220,583,179,2236,OK,,,,,
S1,2020,3,11,0,40,48,45.409065,-71.888313,162.3,13,41.1,4.7,60,614.4,3911,5.715006,5772,1897,931,8866,OK,,,,,
S4,2020,3,11,0,40,50,45.409065,-71.888313,162.39999,13,41.1,4.7,60,614.4,1622,5.127849,1219,583,179,2236,OK,,,,,
S1,2020,3,11,0,40,52,45.409065,-71.888313,162,13,41.1,4.7,60,614.4,3924,5.68891,5771,1895,930,8867,OK,,,,,
S4,2020,3,11,0,40,55,45.409065,-71.888313,161.8,13,41.1,4.7,60,614.4,1621,5.1148,1220,582,178,2237,OK,,,,,
S1,2020,3,11,0,40,57,45.409061,-71.888313,161.7,13,41.1,4.7,60,614.4,3919,5.701958,5769,1895,930,8865,OK,,,,,
S4,2020,3,11,0,41,0,45.409061,-71.888313,161.7,13,41.1,4.7,60,614.4,1621,5.101752,1222,581,176,2241,OK,,,,,
S1,2020,3,11,0,41,2,45.409058,-71.888313,161.5,13,41.1,4.7,60,614.4,3916,5.701958,5768,1895,930,8863,OK,,,,,
S4,2020,3,11,0,41,5,45.409058,-71.888313,161.3,12,41.1,4.7,60,614.4,1621,5.101752,1221,581,176,2240,OK,,,,,
S1,2020,3,11,0,41,7,45.409058,-71.888313,161.3,12,41.1,4.7,60,614.4,3923,5.68891,5767,1894,930,8861,OK,,,,,
S4,2020,3,11,0,41,10,45.409058,-71.888313,161,12,41.1,4.7,60,614.4,1622,5.1148,1218,582,178,2234,OK,,,,,
S1,2020,3,11,0,41,12,45.409061,-71.888313,161,12,41.1,4.7,60,614.4,3923,5.68891,5767,1894,930,8860,OK,,,,,
S4,2020,3,11,0,41,14,45.409065,-71.888313,161.10001,12,41.1,4.7,60,614.4,1620,5.023464,1212,574,173,2215,OK,,,,,
S1,2020,3,11,0,41,17,45.409065,-71.888313,161.2,13,41.1,4.7,60,614.4,3926,5.68891,5768,1894,930,8862,OK,,,,,
S4,2020,3,11,0,41,19,45.409069,-71.888313,161,12,41.1,4.7,60,614.4,1621,5.075656,1218,579,176,2233,OK,,,,,
S1,2020,3,11,0,47,54,45.40757,-71.882401,196.3,11,41.1,4.7,60,614.4,3796,143.86681,25131,19596,16046,57762,OE,,,,,
S4,2020,3,11,0,47,56,45.40757,-71.882393,196.10001,12,41.5,5.1,60,614.4,5648,7.085042,1348,1106,1044,3261,OK,,,,,
S1,2020,3,11,0,47,59,45.407562,-71.882401,195.5,13,41.4,5,60,153.6,3797,576.45886,25149,19618,16059,57822,OE,,,,,
S4,2020,3,11,0,48,0,45.407562,-71.882401,195.8,13,41.4,5,60,614.4,5626,7.085042,1346,1104,1041,3255,OK,,,,,
S1,2020,3,11,0,48,2,45.407562,-71.882408,196.10001,13,41.4,5,60,100.8,3795,877.45917,25155,19611,16058,57823,OE,,,,,
S4,2020,3,11,0,48,4,45.407562,-71.882408,195.89999,13,41.4,5,60,614.4,5633,7.111137,1349,1107,1044,3265,OK,,,,,
S1,2020,3,11,0,48,6,45.407562,-71.882408,196,13,41.4,5,60,50.4,3792,1754.9183,25148,19603,16044,57776,OE,,,,,
S4,2020,3,11,0,48,8,45.40757,-71.882408,196,13,41.4,5,60,614.4,6069,6.745795,1270,1060,1015,3103,OK,,,,,
S1,2020,3,11,0,48,10,45.40757,-71.882408,195.8,12,41.5,5.1,60,24,3793,3687.6665,25145,19608,16047,57779,OE,,,,,
S4,2020,3,11,0,48,11,45.40757,-71.882408,195.39999,12,41.5,5.1,60,614.4,2204,16.375189,1313,1084,40,3187,UE,,,,,
S1,2020,3,11,0,48,13,45.40757,-71.882408,195.2,13,41.4,5,60,2.4,3792,37026.977,25210,19668,16085,57934,OE,,,,,
S4,2020,3,11,0,48,15,45.40757,-71.882408,195.10001,12,41.4,5,60,614.4,41246,849.6571,1301,4,4,3337,UE,,,,,
S1,2020,3,11,0,48,17,45.40757,-71.882408,195.10001,12,41.4,5,16,2.4,4442,113348.15,19966,16341,14019,50147,OE,,,,,
S4,2020,3,11,0,48,19,45.40757,-71.882416,194.7,13,41.4,5,60,614.4,41398,816.95886,9081,24,20,25519,UE,,,,,
S1,2020,3,11,0,48,20,45.40757,-71.882416,194.7,13,41.4,5,4,2.4,4443,453693.22,19951,16339,14013,50146,OE,,,,,
S4,2020,3,11,0,48,22,45.407574,-71.882416,194.89999,13,41.4,5,60,614.4,41513,816.99799,9087,30,25,25517,UE,,,,,
S1,2020,3,11,0,48,24,45.407574,-71.882416,195,13,41.5,5.1,1,2.4,4442,1813369.9,19922,16319,13992,50092,OE,,,,,
S4,2020,3,11,0,48,26,45.407574,-71.882416,194.7,12,41.5,5.1,60,614.4,40982,823.23499,7534,3,3,22134,UE,,,,,
S1,2020,3,11,0,48,27,45.407574,-71.882423,194.5,13,41.4,5,614.4,2.4,4633,2849.022,17951,15261,13014,45454,OE,,,,,
S4,2020,3,11,0,48,29,45.407574,-71.882416,194.5,12,41.4,5,60,614.4,41191,816.94586,9051,14,12,24265,UE,,,,,
S1,2020,3,11,0,48,31,45.407574,-71.882423,194.60001,13,41.5,5.1,153.6,2.4,4640,11390.868,17940,15258,13018,45436,OE,,,,,
S4,2020,3,11,0,48,33,45.407574,-71.882423,194.5,12,41.5,5.1,60,614.4,41648,817.23285,9045,33,26,24258,UE,,,,,
S1,2020,3,11,0,48,34,45.40757,-71.882423,194.2,13,41.5,5.1,100.8,2.4,4640,17439.031,17983,15309,13053,45542,OE,,,,,
S4,2020,3,11,0,48,36,45.40757,-71.882423,194.2,13,41.5,5.1,60,614.4,41709,817.23285,9051,34,26,24277,UE,,,,,
S1,2020,3,11,0,48,38,45.40757,-71.882423,194.2,12,41.5,5.1,50.4,2.4,4516,34866.133,18060,15250,12896,45281,OE,,,,,
S4,2020,3,11,0,48,40,45.40757,-71.882423,194.3,13,41.5,5.1,60,614.4,41789,815.86279,9398,44,36,24526,UE,,,,,
S1,2020,3,11,0,48,41,45.40757,-71.882431,194.5,13,41.5,5.1,24,2.4,4514,73210.531,18032,15234,12875,45217,OE,,,,,
S4,2020,3,11,0,48,43,45.407574,-71.882431,194.5,13,41.5,5.1,60,614.4,41709,815.61487,9440,37,29,24629,UE,,,,,
S1,2020,3,11,0,48,45,45.407574,-71.882431,194.5,13,41.5,5.1,2.4,2.4,4509,733441.44,18033,15242,12870,45196,OE,,,,,
S4,2020,3,11,0,48,47,45.40757,-71.882446,194.5,11,41.5,5.1,60,614.4,41489,815.367,9474,30,25,24720,UE,,,,,
S1,2020,3,11,0,48,48,45.40757,-71.882462,195.7,12,41.5,5.1,0,2.4,4509,INF,18083,15288,12906,45334,OE,,,,,
S4,2020,3,11,0,48,50,45.40757,-71.882477,195.7,12,41.5,5.1,60,614.4,41310,815.11908,9507,22,19,24806,UE,,,,,
S1,2020,3,11,0,49,22,45.407585,-71.882462,198.10001,13,41.5,5.1,0,2.4,4597,INF,18237,15552,13181,46487,OE,,,,,
S4,2020,3,11,0,49,23,45.407589,-71.882462,198.7,12,41.5,5.1,60,614.4,41313,817.78088,8873,20,17,24041,UE,,,,,
S1,2020,3,11,0,49,25,45.407593,-71.882462,198.7,12,41.5,5.2,0,2.4,4594,INF,18192,15500,13141,46368,OE,,,,,
S4,2020,3,11,0,49,27,45.407593,-71.882462,199,13,41.5,5.2,60,614.4,41397,816.89355,9094,24,20,24934,UE,,,,,
S1,2020,3,11,0,49,29,45.407593,-71.882462,198.8,12,41.4,5.2,0,2.4,4593,INF,18166,15479,13121,46292,OE,,,,,
S4,2020,3,11,0,49,30,45.407593,-71.882462,198.89999,12,41.4,5.2,60,614.4,41379,815.2887,9473,24,20,26023,UE,,,,,
S1,2020,3,11,0,49,55,45.407578,-71.882469,194.39999,12,41.4,5.2,0,2.4,4883,INF,12266,11023,9311,32305,OK,,,,,
S4,2020,3,11,0,49,57,45.407574,-71.882469,193.60001,13,41.4,5.2,60,614.4,41191,815.27563,9448,15,13,26256,UE,,,,,
S1,2020,3,11,0,49,59,45.40757,-71.882469,192.89999,13,41.3,5.2,0,2.4,4789,INF,12605,11082,9397,32809,OK,,,,,
S4,2020,3,11,0,50,1,45.40757,-71.882462,192.89999,13,41.3,5.2,60,614.4,41174,815.91498,9292,13,11,26019,UE,,,,,
S1,2020,3,11,0,50,2,45.407562,-71.882462,193.3,13,41.4,5.3,0,2.4,5006,INF,12681,10992,9606,33012,OK,,,,,
S4,2020,3,11,0,50,4,45.407562,-71.882462,193.2,13,41.4,5.3,60,614.4,41512,816.90668,9111,30,25,25257,UE,,,,,
S1,2020,3,11,0,50,6,45.407562,-71.882462,193.3,13,41.4,5.3,0,2.4,5017,INF,12737,11019,9650,32928,OK,,,,,
S4,2020,3,11,0,50,8,45.407562,-71.882462,193.60001,13,41.4,5.3,60,614.4,41223,816.84137,9084,17,15,25331,UE,,,,,
S1,2020,3,11,0,50,9,45.407558,-71.882462,193.8,13,41.3,5.3,0,2.4,4816,INF,12107,10416,8982,31056,OK,,,,,
S4,2020,3,11,0,50,11,45.407558,-71.882462,194.10001,13,41.3,5.3,60,614.4,41534,821.13422,8100,26,21,22317,UE,,,,,
S1,2020,3,11,0,50,13,45.407574,-71.882454,192.8,13,41.3,5.3,0,2.4,4750,INF,10833,9560,8053,28166,OK,10849.25,9502.75,8047.25,,TimHortonPark
S4,2020,3,11,0,50,15,45.407581,-71.882454,191.89999,13,41.3,5.3,60,614.4,41321,818.48541,8705,20,17,24202,UE,,,,,
S1,2020,3,11,0,50,16,45.407585,-71.882446,191.5,13,41.3,5.3,0,2.4,4689,INF,10871,9519,8006,28267,OK,,,,,
S4,2020,3,11,0,50,18,45.407589,-71.882454,191.3,13,41.3,5.3,60,614.4,41393,820.22076,8299,20,16,23116,UE,,,,,
S1,2020,3,11,0,50,20,45.407593,-71.882454,191,13,41.2,5.2,0,2.4,4778,INF,10829,9477,8051,28312,OK,,,,,
S4,2020,3,11,0,50,22,45.407593,-71.882446,191,13,41.2,5.2,60,614.4,41526,819.98596,8376,27,22,23317,UE,,,,,
S1,2020,3,11,0,50,23,45.407597,-71.882446,190.8,12,41.3,5.3,0,2.4,4799,INF,10864,9455,8079,28357,OK,,,,,
S4,2020,3,11,0,50,25,45.4076,-71.882446,190.8,12,41.3,5.3,60,614.4,41427,820.09033,8339,23,19,22998,UE,,,,,
S1,2020,3,11,0,50,27,45.4076,-71.882446,190.60001,12,41.3,5.3,0,2.4,4891,INF,10925,9421,8171,28293,OK,,,,,
S4,2020,3,11,0,50,29,45.4076,-71.882439,190.7,13,41.3,5.3,60,614.4,41475,820.92535,8148,26,22,22582,UE,,,,,
S1,2020,3,11,0,54,33,0,0,0,0,41.1,5.2,0,2.4,4916,INF,58065,58523,46310,65535,OE,,,,,
S4,2020,3,11,0,54,35,0,0,0,0,41.1,5.2,60,614.4,41512,729.79846,29853,87,68,65535,OE,,,,,
S1,2020,3,11,0,54,37,45.408543,-71.880272,196.3,10,40.8,5.4,0,2.4,4916,INF,58077,58535,46318,65535,OE,,,,,
S4,2020,3,11,0,54,38,45.408546,-71.880257,195.60001,11,40.8,5.4,60,153.6,41257,2920.4465,29681,59,51,65535,OE,,,,,
S1,2020,3,11,0,54,40,45.408543,-71.880257,194.7,11,40.8,5.5,0,2.4,5107,INF,12071,12687,10040,36160,OK,,,,,
S4,2020,3,11,0,54,41,45.408531,-71.880272,194.10001,11,40.8,5.5,60,100.8,43568,5021.0732,7698,95,73,27864,UE,,,,,
S1,2020,3,11,0,54,42,45.408531,-71.88028,193.89999,12,40.8,5.4,0,2.4,9363,INF,3,7849,6141,9,UE,,,,,
S4,2020,3,11,0,54,43,45.40852,-71.880287,193.89999,12,40.8,5.4,60,153.6,45114,3340.4861,5015,94,72,18287,UE,,,,,
S1,2020,3,11,0,54,44,45.40852,-71.880295,193.39999,12,40.7,5.4,0,2.4,5538,INF,8387,10115,7877,27625,OK,,,,,
S4,2020,3,11,0,54,46,45.408524,-71.880287,193.8,12,40.7,5.4,60,614.4,43157,841.39764,3352,36,28,11579,UE,,,,,
S1,2020,3,11,0,54,47,45.408524,-71.880287,193.89999,12,40.8,5.4,0,2.4,5863,INF,5007,6838,5256,18186,OK,,,,,
S4,2020,3,11,0,54,49,45.408524,-71.880287,193.8,11,40.8,5.4,60,614.4,41567,829.22388,6175,21,17,16025,UE,,,,,
S1,2020,3,11,0,54,51,45.40852,-71.880295,194,10,40.7,5.4,0,2.4,6538,INF,2664,4051,3217,10493,OK,,,,,
S4,2020,3,11,0,54,53,45.408512,-71.880287,193.7,11,40.7,5.4,60,614.4,41522,830.12421,5954,17,13,16520,UE,,,,,
S1,2020,3,11,0,54,54,45.40852,-71.880287,193.3,13,40.7,5.4,0,2.4,6073,INF,11397,15454,12174,41758,OE,,,,,
S4,2020,3,11,0,54,56,45.408512,-71.880302,192.60001,12,40.7,5.4,60,614.4,41661,812.17017,10246,34,25,36295,UE,,,,,
S1,2020,3,11,0,54,58,45.408508,-71.88031,192.89999,12,40.8,5.4,0,2.4,5498,INF,13811,16706,12934,46247,OE,,,,,
S4,2020,3,11,0,55,0,45.408501,-71.880333,194.10001,12,40.8,5.4,60,614.4,41136,828.36273,6338,8,7,24632,UE,,,,,
S1,2020,3,11,0,55,1,45.408508,-71.880379,195.39999,12,40.8,5.4,0,2.4,5290,INF,17083,19909,15289,54393,OE,,,,,
S4,2020,3,11,0,55,3,45.408512,-71.880402,195.39999,12,40.8,5.4,60,614.4,42005,851.00104,990,6,5,2810,UE,,,,,
S1,2020,3,11,0,55,5,45.408512,-71.880402,195.3,13,40.8,5.4,0,2.4,5525,INF,8238,10151,7820,27220,OK,,,,,
S4,2020,3,11,0,55,7,45.408504,-71.880424,195.10001,13,40.8,5.4,60,614.4,41185,851.6925,815,2,2,2312,UE,,,,,
S1,2020,3,11,0,55,8,45.408501,-71.880424,194.5,12,40.8,5.5,0,2.4,6028,INF,5429,7738,5965,20453,OK,,,,,
S4,2020,3,11,0,55,10,45.408489,-71.880424,194.5,12,40.8,5.5,60,614.4,41815,851.54901,852,3,2,2416,UE,,,,,
S1,2020,3,11,0,55,12,45.408482,-71.880424,193.39999,12,40.8,5.5,0,2.4,6095,INF,5167,7434,5753,19614,OK,,,,,
S4,2020,3,11,0,55,14,45.40847,-71.880424,193.5,12,40.8,5.5,60,614.4,41183,851.66644,819,2,2,2350,UE,,,,,
S1,2020,3,11,0,55,15,45.408463,-71.880424,193.39999,12,40.8,5.5,0,2.4,6175,INF,4921,7139,5555,18859,OK,4750.375,6890.25,5355.625,,ParkRandom
S4,2020,3,11,0,55,17,45.408451,-71.880432,193,12,40.8,5.5,60,614.4,41186,851.71863,809,2,2,2322,UE,,,,,
S1,2020,3,11,0,55,19,45.408447,-71.880432,192.7,13,40.8,5.5,0,2.4,6200,INF,4839,6973,5451,18457,OK,,,,,
S4,2020,3,11,0,55,21,45.408447,-71.880432,192.10001,11,40.8,5.5,60,614.4,41187,851.71863,808,2,2,2301,UE,,,,,
S1,2020,3,11,0,55,22,45.40844,-71.880432,191.7,11,40.7,5.4,0,2.4,6206,INF,4732,6821,5335,18105,OK,,,,,
S4,2020,3,11,0,55,24,45.408436,-71.88044,191,11,40.7,5.4,60,614.4,41187,851.73163,806,2,2,2303,UE,,,,,
S1,2020,3,11,0,55,26,45.408436,-71.88044,190.8,13,40.7,5.5,0,2.4,6210,INF,4556,6589,5150,17486,OK,,,,,
S4,2020,3,11,0,55,28,45.408432,-71.880455,191,13,40.7,5.5,60,614.4,41188,851.73163,805,2,2,2305,UE,,,,,
S1,2020,3,11,0,55,29,45.408428,-71.88047,191.2,11,40.7,5.5,0,2.4,6186,INF,4597,6695,5209,17635,OK,,,,,
S4,2020,3,11,0,55,31,45.408428,-71.880478,191.5,12,40.7,5.5,60,614.4,41188,851.73163,805,2,2,2310,UE,,,,,
S1,2020,3,11,0,55,33,45.408428,-71.880486,191.39999,12,40.7,5.5,0,2.4,6131,INF,4721,6885,5324,18088,OK,,,,,
S4,2020,3,11,0,55,35,45.408424,-71.880486,191.39999,12,40.7,5.5,60,614.4,41185,851.6925,813,2,2,2341,UE,,,,,
S1,2020,3,11,0,55,37,45.408424,-71.880493,191,12,40.7,5.4,0,2.4,6105,INF,4793,6987,5389,18403,OK,,,,,
S4,2020,3,11,0,55,38,45.408421,-71.880493,190.7,11,40.7,5.4,60,614.4,41184,851.67944,818,2,2,2360,UE,,,,,
S1,2020,3,11,0,55,40,45.408417,-71.880493,190.39999,12,40.7,5.5,0,2.4,6105,INF,4844,7033,5432,18522,OK,,,,,
S4,2020,3,11,0,55,42,45.408417,-71.880493,190.39999,12,40.7,5.5,60,614.4,41841,851.65338,828,3,2,2378,UE,,,,,
S1,2020,3,11,1,2,42,45.413494,-71.881828,219.10001,12,40.7,5.5,0,2.4,8799,INF,1426,2041,1884,4451,OK,1426.444444,2041.666667,1883.888889,,derriere eugene lalonde 1
S4,2020,3,11,1,2,43,45.413509,-71.881805,218.5,11,40.7,5.5,60,614.4,41382,836.29584,4476,11,9,12375,UE,,,,,
S1,2020,3,11,1,2,45,45.413521,-71.881798,218.2,13,41.6,5.7,0,2.4,8786,INF,1427,2042,1884,4454,OK,,,,,
S4,2020,3,11,1,2,47,45.413521,-71.881798,217.8,12,41.6,5.7,60,614.4,41740,836.37421,4480,18,14,12387,UE,,,,,
S1,2020,3,11,1,2,49,45.413521,-71.881798,218.2,11,41.6,5.7,0,2.4,8802,INF,1429,2045,1888,4471,OK,,,,,
S4,2020,3,11,1,2,51,45.413521,-71.881798,218.60001,12,41.6,5.7,60,614.4,41364,836.47858,4431,10,8,12237,UE,,,,,
S1,2020,3,11,1,2,52,45.413517,-71.881798,218.3,12,41.6,5.7,0,2.4,8789,INF,1428,2044,1886,4460,OK,,,,,
S4,2020,3,11,1,2,54,45.413521,-71.881798,218.5,11,41.6,5.7,60,614.4,41760,836.84393,4371,18,14,12107,UE,,,,,
S1,2020,3,11,1,2,56,45.413521,-71.88179,219,12,41.6,5.7,0,2.4,8789,INF,1429,2045,1887,4459,OK,,,,,
S4,2020,3,11,1,2,58,45.413521,-71.88179,218.89999,12,41.6,5.7,60,614.4,41752,836.66119,4413,18,14,12185,UE,,,,,
S1,2020,3,11,1,2,59,45.413525,-71.88179,219.7,12,41.5,5.7,0,2.4,8789,INF,1427,2043,1885,4456,OK,,,,,
S4,2020,3,11,1,3,1,45.413528,-71.88179,219.89999,12,41.5,5.7,60,614.4,41751,836.63513,4420,18,14,12204,UE,,,,,
S1,2020,3,11,1,3,3,45.413528,-71.88179,219.5,12,41.5,5.7,0,2.4,8786,INF,1425,2040,1882,4448,OK,,,,,
S4,2020,3,11,1,3,5,45.413521,-71.88179,218.10001,12,41.5,5.7,60,614.4,41410,836.53076,4423,12,10,12197,UE,,,,,
S1,2020,3,11,1,3,6,45.413509,-71.88179,216.10001,12,41.5,5.7,0,2.4,8783,INF,1424,2038,1880,4444,OK,,,,,
S4,2020,3,11,1,3,8,45.413502,-71.881798,216.10001,12,41.5,5.7,60,614.4,41198,836.5047,4414,7,6,12165,UE,,,,,
S1,2020,3,11,1,3,10,45.413494,-71.881798,213.3,12,41.6,5.8,0,2.4,8782,INF,1423,2037,1879,4435,OK,,,,,
S4,2020,3,11,1,3,12,45.413486,-71.881805,212.39999,12,41.6,5.8,60,614.4,41610,836.80475,4372,16,13,12082,UE,,,,,
S1,2020,3,11,1,6,32,45.413868,-71.882278,212.39999,12,41.5,5.8,0,2.4,6417,INF,19658,27149,21949,65535,OE,,,,,
S4,2020,3,11,1,6,34,45.413864,-71.882286,222.39999,11,41.5,5.8,60,614.4,41311,847.23004,1880,7,7,9891,UE,,,,,
S1,2020,3,11,1,6,36,45.41386,-71.882286,220.8,12,40.7,6,3156.33,2.4,6418,3.94E+14,19655,27150,21950,65535,OE,,,,,
S4,2020,3,11,1,6,37,45.413853,-71.882294,219.3,12,40.7,6,60,614.4,40743,847.08661,1904,5,7,10020,UE,,,,,
S1,2020,3,11,1,6,39,45.413853,-71.882294,219.10001,5,40.6,6,3156.33,2.4,6878,5.92E+24,14081,21164,17345,55130,OE,,,,,
S4,2020,3,11,1,6,41,45.413853,-71.882294,219,11,40.6,6,60,614.4,42640,845.586,2321,25,22,11302,UE,,,,,
S1,2020,3,11,1,6,43,45.413853,-71.882301,218.89999,11,40.6,6,3156.33,2.4,7818,3.72E+24,6877,12786,10692,32591,OK,,,,,
S4,2020,3,11,1,6,44,45.413857,-71.882294,218.7,11,40.6,6,60,614.4,41499,833.09918,5265,25,24,25869,UE,,,,,
S1,2020,3,11,1,6,46,45.413857,-71.882286,218.60001,12,40.6,6,3156.33,2.4,7818,3.72E+24,6874,12784,10690,32574,OK,,,,,
S4,2020,3,11,1,6,48,45.413857,-71.882286,218.5,11,40.6,6,60,614.4,41498,833.07306,5271,25,24,25888,UE,,,,,
S1,2020,3,11,1,6,50,45.41386,-71.882286,218.39999,11,40.6,6,3156.33,2.4,7819,3.72E+24,6876,12786,10693,32569,OK,,,,,
S4,2020,3,11,1,6,52,45.41386,-71.882286,218,11,40.6,6,60,614.4,41498,833.06,5273,25,24,25895,UE,,,,,
S1,2020,3,11,1,6,53,45.413857,-71.882286,217.8,10,40.6,6,3156.33,2.4,7816,3.72E+24,6876,12787,10691,32579,OK,,,,,
S4,2020,3,11,1,6,55,0,0,0,0,40.6,6,60,614.4,41499,833.08612,5269,25,24,25881,UE,,,,,
S1,2020,3,11,1,7,40,45.413822,-71.882286,212.5,11,40.6,6,60,2.4,8820,20.041666,4,8,7,9,UE,,,,,
S4,2020,3,11,1,7,41,45.413822,-71.882294,211.7,12,40.6,6,60,2.4,41663,192363.25,24778,99,81,65535,OE,,,,,
S1,2020,3,11,1,7,42,45.413822,-71.882286,211.5,11,40.4,6,60,24,8817,3.674306,7,15,13,34,UE,,,,,
S4,2020,3,11,1,7,43,45.413822,-71.882294,211.3,12,40.4,6,16,2.4,1627,815533,97,99,757,285,UE,,,,,
S1,2020,3,11,1,7,44,45.413818,-71.882294,210.60001,12,40.5,6,60,50.4,49823,0.636243,4,8,10,340,UE,,,,,
S4,2020,3,11,1,7,45,45.413815,-71.882301,210.3,10,40.5,6,60,2.4,5715,53.444447,25,26,22,76,UE,,,,,
S1,2020,3,11,1,7,46,45.413815,-71.882301,209.8,11,40.4,6,60,100.8,8449,0.874835,8,15,13,714,UE,,,,,
S4,2020,3,11,1,7,47,45.413815,-71.882301,209.3,11,40.4,6,60,24,5266,21.711807,97,99,81,285,UE,,,,,
S1,2020,3,11,1,7,48,45.413811,-71.882309,209,11,40.4,6,60,153.6,8572,6.419596,74,155,133,1474,UE,,,,,
S4,2020,3,11,1,7,50,45.413811,-71.882301,209.10001,11,40.4,6,60,50.4,5304,104.66203,968,994,814,2849,OK,,,,,
S1,2020,3,11,1,7,51,45.413811,-71.882301,209.3,11,40.4,6,60,614.4,8537,3.418566,159,330,283,2238,OK,,,,,
S4,2020,3,11,1,7,53,45.413811,-71.882294,209.39999,12,40.4,6,60,50.4,5306,2677.312,24781,25422,20832,65535,OE,,,,,
S1,2020,3,11,1,7,55,45.413807,-71.882294,209.2,12,40.4,6,60,614.4,8567,3.379421,158,327,281,8944,OK,,,,,
S4,2020,3,11,1,7,56,45.413807,-71.882286,209.10001,11,40.4,6,60,24,5308,5616.0093,24759,25399,20819,65535,OE,,,,,
S1,2020,3,11,1,7,58,45.413807,-71.882286,209.10001,11,40.4,6,60,614.4,8573,1.604899,75,156,134,8864,UE,,,,,
S4,2020,3,11,1,8,0,45.413803,-71.882286,209,11,40.4,6,60,2.4,5310,56126.684,24755,25391,20817,65535,OE,,,,,
S1,2020,3,11,1,8,2,45.413803,-71.882278,209.2,11,40.4,6,60,614.4,8449,0.143528,8,15,13,8863,UE,,,,,
S4,2020,3,11,1,8,3,45.413803,-71.882271,209.39999,11,40.4,6,16,2.4,5310,210475.06,24758,25393,20819,65535,OE,,,,,
S1,2020,3,11,1,8,5,45.413795,-71.882271,208.3,11,40.4,6,60,614.4,49823,0.052192,4,8,10,8868,UE,,,,,
S4,2020,3,11,1,8,7,45.413795,-71.882278,207.89999,11,40.4,6,4,2.4,5305,842952.44,24774,25411,20823,65535,OE,,,,,
S1,2020,3,11,1,8,9,45.413795,-71.882271,208.10001,12,40.4,6,60,614.4,8023,0.260959,15,27,23,10030,UE,,,,,
S4,2020,3,11,1,8,10,45.413799,-71.882271,208.89999,12,40.4,6,1,2.4,6736,2512824,12610,17171,14305,47377,OE,,,,,
S1,2020,3,11,1,8,12,45.413792,-71.882271,209.10001,12,40.4,6,60,614.4,8601,0.247911,15,26,23,36116,UE,,,,,
S4,2020,3,11,1,8,14,45.413795,-71.882263,210,11,40.4,6,614.4,2.4,5842,3516.4248,12938,15225,12364,43133,OE,,,,,
S1,2020,3,11,1,8,16,45.413807,-71.882256,210.5,12,40.4,6,60,614.4,7621,0.260959,17,27,23,29302,UE,,,,,
S4,2020,3,11,1,8,18,45.413841,-71.882256,211.3,11,40.4,6,153.6,2.4,6157,12909.651,9865,13175,10518,36164,OK,,,,,
S1,2020,3,11,1,8,19,45.413857,-71.882248,212.8,12,40.3,6,60,614.4,7420,0.247911,18,27,23,32081,UE,,,,,
S4,2020,3,11,1,8,21,45.413868,-71.882248,213.5,12,40.3,6,153.6,2.4,6121,12655.215,9522,12821,10172,35403,OK,,,,,
S1,2020,3,11,1,8,23,45.413872,-71.88224,214.60001,12,40.3,6,60,614.4,8151,0.234863,17,26,23,32058,UE,,,,,
S4,2020,3,11,1,8,25,45.413879,-71.882233,215.10001,12,40.3,6,153.6,2.4,6015,11308.666,9797,12037,9770,33614,OK,,,,,
S1,2020,3,11,1,8,26,45.413876,-71.882225,215.8,12,40.3,6,60,614.4,8042,0.208767,12,21,18,24327,UE,,,,,
S4,2020,3,11,1,8,28,45.413879,-71.882225,216,12,40.3,6,153.6,2.4,5884,11500.471,9592,11983,9544,33301,OK,,,,,
S1,2020,3,11,1,8,30,45.413879,-71.882225,216.5,12,40.3,6,60,614.4,8526,0.182671,13,20,18,23858,UE,,,,,
S4,2020,3,11,1,8,32,45.413876,-71.882225,217.2,12,40.3,6,153.6,2.4,6089,11752.296,9633,12279,9900,34185,OK,,,,,
S1,2020,3,11,1,8,33,45.413872,-71.882225,217.8,12,40.2,6,60,614.4,7843,0.208767,15,23,20,25020,UE,,,,,
S4,2020,3,11,1,8,35,45.413868,-71.882248,217.8,12,40.2,6,153.6,2.4,6353,13101.456,9761,13365,10773,36691,OK,,,,,
S1,2020,3,11,1,8,37,45.413849,-71.882256,218.5,12,40.2,6,60,614.4,7388,0.287055,24,32,28,37516,UE,,,,,
S4,2020,3,11,1,8,39,45.413849,-71.882256,218.5,12,40.2,6,153.6,2.4,6655,11613.988,7918,11640,9427,32204,OK,,,,,
S1,2020,3,11,1,8,40,45.41386,-71.882248,216.8,12,40.2,6,60,614.4,7186,0.339247,29,38,33,43040,OE,,,,,
S4,2020,3,11,1,8,42,45.413864,-71.882248,216.8,12,40.2,6,153.6,2.4,6637,13305.004,9016,13297,10743,36127,OK,,,,,
S1,2020,3,11,1,8,44,45.41386,-71.882248,214.10001,12,40.2,6,60,153.6,7010,1.40918,27,38,32,39841,UE,,,,,
S4,2020,3,11,1,8,45,45.41386,-71.882248,214.10001,12,40.2,6,153.6,2.4,8890,0,1,1,1,2,UE,,,,,
S1,2020,3,11,1,8,46,45.413872,-71.882248,214.7,11,40.2,6,60,614.4,6423,0.352295,27,37,30,9036,UE,,,,,
S4,2020,3,11,1,8,48,45.413898,-71.882233,214.3,12,40.2,6,614.4,2.4,6092,3332.4487,10165,13553,10759,37276,OK,,,,,
S1,2020,3,11,1,8,50,45.413906,-71.882225,215.89999,12,40.2,6,60,614.4,7452,0.260959,19,28,24,32859,UE,,,,,
S4,2020,3,11,1,8,52,45.413898,-71.882233,215.10001,11,40.2,6,614.4,2.4,6147,3174.2424,9603,12903,10270,35353,OK,,,,,
S1,2020,3,11,1,8,56,45.413898,-71.882225,215.10001,12,40.2,6,60,614.4,8334,0.221815,13,23,20,25890,UE,,,,,
S4,2020,3,11,1,8,58,45.413918,-71.88221,214.8,11,40.2,6,614.4,2.4,5831,3183.0498,11415,13628,10992,39058,OK,,,,,
S1,2020,3,11,1,9,0,45.413948,-71.882172,204.5,12,40.2,6,60,614.4,8830,0.182671,12,20,18,24080,UE,,,,,
S4,2020,3,11,1,9,1,45.413944,-71.882156,203.39999,12,40.2,6,614.4,2.4,5866,3222.5198,11831,13955,11348,39443,OK,,,,,
S1,2020,3,11,1,9,3,45.413944,-71.882156,202.7,12,40.2,6,60,614.4,8089,0.221815,14,23,20,23463,UE,,,,,
S4,2020,3,11,1,9,5,45.413952,-71.882172,204.60001,12,40.2,6,614.4,2.4,6552,2766.8198,7834,11185,9056,30473,OK,,,,,
S1,2020,3,11,1,9,7,45.413952,-71.882179,205.60001,12,40.1,6,60,614.4,6254,0.287055,22,30,24,30338,UE,,,,,
S4,2020,3,11,1,9,8,45.413948,-71.882179,205.8,11,40.1,6,614.4,2.4,6481,2678.0938,7490,10747,8636,29444,OK,,,,,
S1,2020,3,11,1,9,10,45.413944,-71.882179,205.89999,11,40.1,6,60,614.4,8014,0.260959,22,30,27,33896,UE,,,,,
S4,2020,3,11,1,9,12,45.41394,-71.882179,206.2,11,40.1,6,614.4,2.4,6496,2740.3977,7781,11062,8925,30531,OK,,,,,
S1,2020,3,11,1,9,14,45.41394,-71.882172,206.5,11,40.1,6,60,614.4,6535,0.287055,19,29,23,31017,UE,,,,,
S4,2020,3,11,1,9,15,45.41394,-71.882156,206.8,12,40.1,6,614.4,2.4,6029,3098.2378,10141,12904,10352,35843,OK,,,,,
S1,2020,3,11,1,9,17,45.413933,-71.882149,206.7,11,40.1,6,60,614.4,7350,0.234863,16,25,21,28865,UE,,,,,
S4,2020,3,11,1,9,19,45.413933,-71.882149,207,12,40.1,6,614.4,2.4,6335,59.368214,172,240,192,642,OK,,,,,
S1,2020,3,11,1,9,21,45.413921,-71.882141,207.3,12,40.1,6,60,614.4,6425,0.313151,42,42,38,50762,OE,,,,,
S4,2020,3,11,1,9,22,45.413914,-71.882126,208.7,12,40.1,6,614.4,2.4,5188,169.94968,773,786,639,2279,OK,,,,,
S1,2020,3,11,1,9,24,45.413918,-71.882103,208.7,12,40.1,6,60,153.6,6014,1.304796,42,42,37,51367,OE,,,,,
S4,2020,3,11,1,9,25,45.413921,-71.882095,209.39999,12,40.1,6,614.4,2.4,0,0,0,0,0,0,UE,,,,,
S1,2020,3,11,1,9,27,45.413914,-71.882118,209,11,40.1,6,60,100.8,5862,1.749669,43,40,36,12598,UE,,,,,
S4,2020,3,11,1,9,28,45.413906,-71.882126,209.2,10,40.1,6,1,2.4,0,0,0,0,0,0,UE,,,,,
S1,2020,3,11,1,9,29,45.413906,-71.882126,209.2,10,40.1,6,60,153.6,5479,1.200412,43,40,35,8422,UE,,,,,
S4,2020,3,11,1,9,30,45.413902,-71.882111,209.2,10,40.1,6,4,2.4,40943,0,1,0,0,0,UE,,,,,
S1,2020,3,11,1,9,31,45.413902,-71.882111,210.8,11,40.1,6,60,614.4,7365,0.274007,39,39,37,11782,UE,,,,,
S4,2020,3,11,1,9,33,45.413895,-71.882111,210.8,11,40.1,6,16,2.4,5245,6363.229,834,808,678,2399,OK,,,,,
S1,2020,3,11,1,9,35,45.413887,-71.882111,211.5,4,40.1,6,60,614.4,8348,0.326199,38,43,41,42048,OE,,,,,
S4,2020,3,11,1,9,37,0,0,0,0,40.1,6,16,2.4,5259,6413.333,838,814,683,2414,OK,,,,,
S1,2020,3,11,1,9,38,0,0,0,0,40.1,6,60,153.6,10859,1.043837,35,39,40,41246,OE,,,,,
S4,2020,3,11,1,9,40,0,0,0,0,40.1,6,16,2.4,8890,0,1,1,1,2,UE,,,,,
S1,2020,3,11,1,9,41,0,0,0,0,40.1,6,60,100.8,6901,1.90873,34,38,34,10646,UE,,,,,
S4,2020,3,11,1,9,42,0,0,0,0,40.1,6,60,2.4,8890,0,1,1,1,2,UE,,,,,
S1,2020,3,11,1,9,43,0,0,0,0,40.1,6,60,153.6,6598,1.722331,50,54,48,6813,UE,,,,,
S4,2020,3,11,1,9,44,0,0,0,0,40.1,6,60,24,8890,0.334028,3,3,3,9,UE,,,,,
S1,2020,3,11,1,10,3,45.413876,-71.882286,212.39999,11,40,6,60,614.4,8683,0.835069,40,82,71,1176,UE,,,,,
S4,2020,3,11,1,10,5,45.413872,-71.882286,212.39999,11,40,6,60,50.4,4987,1181.1858,10734,10937,8677,31694,OK,,,,,
S1,2020,3,11,1,10,7,45.413872,-71.882294,212.10001,12,40,6,60,614.4,8284,2.361681,133,238,206,7009,OK,139.5,269.5,230,,derriere eugene lalonde 2
S4,2020,3,11,1,10,9,45.413864,-71.882294,212.8,12,40,6,60,50.4,5483,1057.4365,10387,10423,8786,31595,OK,,,,,
S1,2020,3,11,1,10,11,45.413864,-71.882294,213.89999,12,40,6,60,614.4,7953,2.68788,126,255,212,7862,OK,,,,,
S4,2020,3,11,1,10,12,45.413864,-71.882294,214.7,12,40,6,60,50.4,5134,1212.0436,10653,11130,8865,31604,OK,,,,,
S1,2020,3,11,1,10,14,45.41386,-71.882294,215.2,12,40,6,60,614.4,9455,2.479112,142,260,237,8069,OK,,,,,
S4,2020,3,11,1,10,16,45.41386,-71.882286,215.60001,12,40,6,60,50.4,5188,1183.7308,10409,10903,8726,31461,OK,,,,,
S1,2020,3,11,1,10,18,45.41386,-71.882286,216.7,12,40,6,60,614.4,8043,3.014078,143,288,241,8614,OK,,,,,
S4,2020,3,11,1,10,20,45.41386,-71.882286,217.60001,12,40,6,60,50.4,5066,1187.071,10600,10944,8702,31393,OK,,,,,
S1,2020,3,11,1,10,21,45.413857,-71.882286,218.3,12,40,6,60,614.4,8320,2.896647,137,279,237,8348,OK,,,,,
S4,2020,3,11,1,10,23,45.413857,-71.882286,219.2,12,40,6,60,50.4,5251,1160.3489,10270,10755,8670,30755,OK,,,,,
S1,2020,3,11,1,10,25,45.413853,-71.882286,219.60001,12,40,6,60,614.4,7799,3.092366,156,297,247,8376,OK,,,,,
S4,2020,3,11,1,10,27,45.413849,-71.882286,220.3,12,40,6,60,50.4,5258,1160.5078,10135,10692,8593,30709,OK,,,,,
S1,2020,3,11,1,17,33,45.413704,-71.867126,268.70001,12,40,6,60,614.4,5847,0.06524,259,89,70,4679,UE,,,,,
S4,2020,3,11,1,17,34,45.413708,-71.867126,268.5,13,40,6,60,50.4,1801,2.226852,95,51,48,148,UE,,,,,
S1,2020,3,11,1,17,36,45.413712,-71.867126,268.5,13,41.4,5.9,60,614.4,5886,0.06524,260,90,71,4670,UE,,,,,
S4,2020,3,11,1,17,38,45.413712,-71.867126,268.29999,13,41.4,5.9,60,100.8,1795,1.113426,97,52,49,150,UE,,,,,
S1,2020,3,11,1,17,40,45.413712,-71.867126,268.39999,13,41.4,5.9,60,614.4,57037,844.08557,3177,186,147,4677,OK,,,,,
S4,2020,3,11,1,17,42,45.413712,-71.867126,268.20001,13,41.4,5.9,60,153.6,1675,0.730686,96,50,46,149,UE,,,,,
S1,2020,3,11,1,17,44,45.413712,-71.867119,267.60001,13,41.4,5.9,60,614.4,5882,0.221815,795,275,217,1170,OK,,,,,
S4,2020,3,11,1,17,45,45.413715,-71.867119,266.79999,12,41.4,5.9,60,614.4,1675,0.182671,96,50,46,149,UE,,,,,
S1,2020,3,11,1,17,48,45.413715,-71.867119,266,13,41.4,5.9,60,614.4,5888,0.900309,3171,1099,868,4667,OK,3175,1100.5,869.1666667,,MyHood1 (HPS)
S4,2020,3,11,1,17,50,45.413715,-71.867111,264.79999,13,41.4,5.9,60,614.4,1675,0.182671,96,50,46,149,UE,,,,,
S1,2020,3,11,1,17,53,45.413712,-71.867111,264.29999,13,41.4,5.9,60,614.4,5888,0.900309,3171,1099,868,4667,OK,,,,,
S4,2020,3,11,1,17,55,45.413712,-71.867111,264,13,41.4,5.9,60,614.4,1675,0.182671,96,50,46,150,UE,,,,,
S1,2020,3,11,1,17,58,45.413712,-71.867111,263.89999,13,41.4,5.9,60,614.4,5890,0.913357,3181,1103,871,4684,OK,,,,,
S4,2020,3,11,1,18,0,45.413704,-71.867111,263.89999,13,41.4,5.9,60,614.4,1708,0.169623,97,51,48,150,UE,,,,,
S1,2020,3,11,1,18,3,45.4137,-71.867111,264.10001,13,41.4,5.9,60,614.4,5888,0.900309,3169,1098,867,4665,OK,,,,,
S4,2020,3,11,1,18,5,45.413696,-71.867111,264.10001,13,41.4,5.9,60,614.4,1709,0.182671,95,50,46,148,UE,,,,,
S1,2020,3,11,1,18,8,45.413692,-71.867111,264.39999,13,41.5,6,60,614.4,5888,0.900309,3176,1101,870,4677,OK,,,,,
S4,2020,3,11,1,18,10,45.413689,-71.867111,264.39999,12,41.4,5.9,60,614.4,1681,0.156576,92,48,45,145,UE,,,,,
S1,2020,3,11,1,18,13,45.413673,-71.867126,264.60001,11,41.4,6,60,614.4,5889,0.913357,3182,1103,871,4686,OK,,,,,
S4,2020,3,11,1,18,15,45.413658,-71.867142,264.39999,10,41.4,6,60,614.4,1684,0.156576,90,47,44,142,UE,,,,,
S1,2020,3,11,1,22,28,45.41412,-71.868378,251.39999,13,41.4,5.9,60,614.4,5019,6.484836,10230,3227,1742,14935,OK,,,,,
S4,2020,3,11,1,22,31,45.41412,-71.868378,251,13,40.7,6.3,60,614.4,1810,0.404487,170,71,34,286,UE,,,,,
S1,2020,3,11,1,22,33,45.41412,-71.868378,250.2,13,40.6,6.2,60,614.4,5025,6.45874,10227,3225,1741,14933,OK,10227.2,3225.8,1740.6,,MyHood2
S4,2020,3,11,1,22,36,45.41412,-71.868378,250.3,13,40.6,6.2,60,614.4,1809,0.417535,172,72,35,289,UE,,,,,
S1,2020,3,11,1,22,38,45.41412,-71.86837,250.3,13,40.6,6.2,60,614.4,5020,6.471788,10228,3226,1741,14934,OK,,,,,
S4,2020,3,11,1,22,41,45.41412,-71.86837,249.10001,13,40.7,6.3,60,614.4,1828,0.404487,173,72,35,291,UE,,,,,
S1,2020,3,11,1,22,43,45.414116,-71.86837,249.10001,13,40.6,6.2,60,614.4,5022,6.471788,10227,3225,1740,14933,OK,,,,,
S4,2020,3,11,1,22,46,45.414116,-71.86837,248.39999,13,40.6,6.2,60,614.4,1649,0.430583,152,69,35,258,UE,,,,,
S1,2020,3,11,1,22,48,45.414116,-71.86837,247.7,13,40.6,6.2,60,614.4,5014,6.497884,10226,3226,1740,14933,OK,,,,,
S4,2020,3,11,1,22,50,45.414116,-71.868362,247.2,13,40.6,6.2,60,614.4,1656,0.430583,153,69,35,258,UE,,,,,
S1,2020,3,11,1,22,53,45.414112,-71.868362,247.10001,12,40.5,6.2,60,614.4,5013,6.497884,10228,3227,1741,14939,OK,,,,,
S4,2020,3,11,1,22,55,45.414108,-71.868378,248.2,12,40.5,6.2,60,614.4,1809,0.417535,172,72,35,289,UE,,,,,